url,statut
https://www.google.com/maps/search/etablissement+wellness+Aast%2BFrance/,
https://www.google.com/maps/search/etablissement+wellness+Abainville%2BFrance/,
https://www.google.com/maps/search/etablissement+wellness+Abancourt%2BFrance/,
https://www.google.com/maps/search/etablissement+wellness+Abancourt%2BFrance/,
https://www.google.com/maps/search/etablissement+wellness+Abaucourt%2BFrance/,
https://www.google.com/maps/search/etablissement+wellness+Abaucourt-Hautecourt%2BFrance/,
https://www.google.com/maps/search/etablissement+wellness+Abbans-Dessous%2BFrance/,
https://www.google.com/maps/search/etablissement+wellness+Abbans-Dessus%2BFrance/,
https://www.google.com/maps/search/etablissement+wellness+Abbaretz%2BFrance/,
https://www.google.com/maps/search/etablissement+wellness+Abbecourt%2BFrance/,
https://www.google.com/maps/search/etablissement+wellness+Abbécourt%2BFrance/,
https://www.google.com/maps/search/etablissement+wellness+Abbenans%2BFrance/,
https://www.google.com/maps/search/etablissement+wellness+Abbeville%2BFrance/,
https://www.google.com/maps/search/etablissement+wellness+Abbéville-la-Rivière%2BFrance/,
https://www.google.com/maps/search/etablissement+wellness+Abbéville-lès-Conflans%2BFrance/,
https://www.google.com/maps/search/etablissement+wellness+Abbeville-Saint-Lucien%2BFrance/,
https://www.google.com/maps/search/etablissement+wellness+Abbévillers%2BFrance/,
https://www.google.com/maps/search/etablissement+wellness+Abeilhan%2BFrance/,
https://www.google.com/maps/search/etablissement+wellness+Abelcourt%2BFrance/,
https://www.google.com/maps/search/etablissement+wellness+Abère%2BFrance/,
https://www.google.com/maps/search/etablissement+wellness+L'Abergement-Clémenciat%2BFrance/,
https://www.google.com/maps/search/etablissement+wellness+L'Abergement-de-Cuisery%2BFrance/,
https://www.google.com/maps/search/etablissement+wellness+L'Abergement-de-Varey%2BFrance/,
https://www.google.com/maps/search/etablissement+wellness+Abergement-la-Ronce%2BFrance/,
https://www.google.com/maps/search/etablissement+wellness+Abergement-le-Grand%2BFrance/,
https://www.google.com/maps/search/etablissement+wellness+Abergement-le-Petit%2BFrance/,
https://www.google.com/maps/search/etablissement+wellness+Abergement-lès-Thésy%2BFrance/,
https://www.google.com/maps/search/etablissement+wellness+L'Abergement-Sainte-Colombe%2BFrance/,
https://www.google.com/maps/search/etablissement+wellness+Abidos%2BFrance/,
https://www.google.com/maps/search/etablissement+wellness+Abilly%2BFrance/,
https://www.google.com/maps/search/etablissement+wellness+Abitain%2BFrance/,
https://www.google.com/maps/search/etablissement+wellness+Abjat-sur-Bandiat%2BFrance/,
https://www.google.com/maps/search/etablissement+wellness+Ablain-Saint-Nazaire%2BFrance/,
https://www.google.com/maps/search/etablissement+wellness+Ablaincourt-Pressoir%2BFrance/,
https://www.google.com/maps/search/etablissement+wellness+Ablainzevelle%2BFrance/,
https://www.google.com/maps/search/etablissement+wellness+Ablancourt%2BFrance/,
https://www.google.com/maps/search/etablissement+wellness+Ableiges%2BFrance/,
https://www.google.com/maps/search/etablissement+wellness+Les Ableuvenettes%2BFrance/,
https://www.google.com/maps/search/etablissement+wellness+Ablis%2BFrance/,
https://www.google.com/maps/search/etablissement+wellness+Ablon%2BFrance/,
https://www.google.com/maps/search/etablissement+wellness+Ablon-sur-Seine%2BFrance/,
https://www.google.com/maps/search/etablissement+wellness+Aboën%2BFrance/,
https://www.google.com/maps/search/etablissement+wellness+Aboncourt%2BFrance/,
https://www.google.com/maps/search/etablissement+wellness+Aboncourt%2BFrance/,
https://www.google.com/maps/search/etablissement+wellness+Aboncourt-Gesincourt%2BFrance/,
https://www.google.com/maps/search/etablissement+wellness+Aboncourt-sur-Seille%2BFrance/,
https://www.google.com/maps/search/etablissement+wellness+Abondance%2BFrance/,
https://www.google.com/maps/search/etablissement+wellness+Abondant%2BFrance/,
https://www.google.com/maps/search/etablissement+wellness+Abos%2BFrance/,
https://www.google.com/maps/search/etablissement+wellness+Abreschviller%2BFrance/,
https://www.google.com/maps/search/etablissement+wellness+Abrest%2BFrance/,
https://www.google.com/maps/search/etablissement+wellness+Les Abrets en Dauphiné%2BFrance/,
https://www.google.com/maps/search/etablissement+wellness+Abriès%2BFrance/,
https://www.google.com/maps/search/etablissement+wellness+Abscon%2BFrance/,
https://www.google.com/maps/search/etablissement+wellness+L'Absie%2BFrance/,
https://www.google.com/maps/search/etablissement+wellness+Les Abymes%2BFrance/,
https://www.google.com/maps/search/etablissement+wellness+Abzac%2BFrance/,
https://www.google.com/maps/search/etablissement+wellness+Abzac%2BFrance/,
https://www.google.com/maps/search/etablissement+wellness+Accolans%2BFrance/,
https://www.google.com/maps/search/etablissement+wellness+Accolay%2BFrance/,
https://www.google.com/maps/search/etablissement+wellness+Accons%2BFrance/,
https://www.google.com/maps/search/etablissement+wellness+Accous%2BFrance/,
https://www.google.com/maps/search/etablissement+wellness+Achain%2BFrance/,
https://www.google.com/maps/search/etablissement+wellness+Les Achards%2BFrance/,
https://www.google.com/maps/search/etablissement+wellness+Achen%2BFrance/,
https://www.google.com/maps/search/etablissement+wellness+Achenheim%2BFrance/,
https://www.google.com/maps/search/etablissement+wellness+Achères%2BFrance/,
https://www.google.com/maps/search/etablissement+wellness+Achères%2BFrance/,
https://www.google.com/maps/search/etablissement+wellness+Achères-la-Forêt%2BFrance/,
https://www.google.com/maps/search/etablissement+wellness+Achery%2BFrance/,
https://www.google.com/maps/search/etablissement+wellness+Acheux-en-Amiénois%2BFrance/,
https://www.google.com/maps/search/etablissement+wellness+Acheux-en-Vimeu%2BFrance/,traité (2026-08-22 16:48)
https://www.google.com/maps/search/etablissement+wellness+Acheville%2BFrance/,traité (2026-08-22 16:48)
https://www.google.com/maps/search/etablissement+wellness+Achey%2BFrance/,traité (2026-08-22 16:48)
https://www.google.com/maps/search/etablissement+wellness+Achicourt%2BFrance/,traité (2026-08-22 16:48)
https://www.google.com/maps/search/etablissement+wellness+Achiet-le-Grand%2BFrance/,traité (2026-08-22 16:49)
https://www.google.com/maps/search/etablissement+wellness+Achiet-le-Petit%2BFrance/,traité (2026-08-22 16:49)
https://www.google.com/maps/search/etablissement+wellness+Achun%2BFrance/,traité (2026-08-22 16:49)
https://www.google.com/maps/search/etablissement+wellness+Achy%2BFrance/,traité (2026-08-22 16:50)
https://www.google.com/maps/search/etablissement+wellness+Acigné%2BFrance/,traité (2026-08-22 16:50)
https://www.google.com/maps/search/etablissement+wellness+Aclou%2BFrance/,traité (2026-08-22 16:52)
https://www.google.com/maps/search/etablissement+wellness+Acon%2BFrance/,traité (2026-08-22 16:52)
https://www.google.com/maps/search/etablissement+wellness+Acoua%2BFrance/,traité (2026-08-22 16:52)
https://www.google.com/maps/search/etablissement+wellness+Acq%2BFrance/,traité (2026-08-22 16:52)
https://www.google.com/maps/search/etablissement+wellness+Acqueville%2BFrance/,traité (2026-08-22 16:52)
https://www.google.com/maps/search/etablissement+wellness+Acqueville%2BFrance/,traité (2026-08-22 16:52)
https://www.google.com/maps/search/etablissement+wellness+Acquigny%2BFrance/,traité (2026-08-22 16:53)
https://www.google.com/maps/search/etablissement+wellness+Acquin-Westbécourt%2BFrance/,traité (2026-08-22 16:53)
https://www.google.com/maps/search/etablissement+wellness+Acy%2BFrance/,traité (2026-08-22 16:54)
https://www.google.com/maps/search/etablissement+wellness+Acy-en-Multien%2BFrance/,traité (2026-08-22 16:54)
https://www.google.com/maps/search/etablissement+wellness+Acy-Romance%2BFrance/,traité (2026-08-22 16:56)
https://www.google.com/maps/search/etablissement+wellness+Adaincourt%2BFrance/,traité (2026-08-22 16:56)
https://www.google.com/maps/search/etablissement+wellness+Adainville%2BFrance/,traité (2026-08-22 16:56)
https://www.google.com/maps/search/etablissement+wellness+Adam-lès-Passavant%2BFrance/,traité (2026-08-22 16:56)
https://www.google.com/maps/search/etablissement+wellness+Adam-lès-Vercel%2BFrance/,traité (2026-08-22 16:56)
https://www.google.com/maps/search/etablissement+wellness+Adamswiller%2BFrance/,traité (2026-08-22 16:56)
https://www.google.com/maps/search/etablissement+wellness+Adast%2BFrance/,traité (2026-08-22 16:56)
https://www.google.com/maps/search/etablissement+wellness+Adé%2BFrance/,traité (2026-08-22 16:57)
https://www.google.com/maps/search/etablissement+wellness+Adelange%2BFrance/,traité (2026-08-22 16:57)
https://www.google.com/maps/search/etablissement+wellness+Adelans-et-le-Val-de-Bithaine%2BFrance/,traité (2026-08-22 16:58)
https://www.google.com/maps/search/etablissement+wellness+Adervielle-Pouchergues%2BFrance/,traité (2026-08-22 17:00)
https://www.google.com/maps/search/etablissement+wellness+Adilly%2BFrance/,traité (2026-08-22 17:00)
https://www.google.com/maps/search/etablissement+wellness+Adinfer%2BFrance/,traité (2026-08-22 17:00)
https://www.google.com/maps/search/etablissement+wellness+Adissan%2BFrance/,traité (2026-08-22 17:00)
https://www.google.com/maps/search/etablissement+wellness+Les Adjots%2BFrance/,traité (2026-08-22 17:00)
https://www.google.com/maps/search/etablissement+wellness+Adon%2BFrance/,traité (2026-08-22 17:00)
https://www.google.com/maps/search/etablissement+wellness+Les Adrets%2BFrance/,traité (2026-08-22 17:00)
https://www.google.com/maps/search/etablissement+wellness+Les Adrets-de-l'Estérel%2BFrance/,traité (2026-08-22 17:00)
https://www.google.com/maps/search/etablissement+wellness+Adriers%2BFrance/,traité (2026-08-22 17:01)
https://www.google.com/maps/search/etablissement+wellness+Afa%2BFrance/,traité (2026-08-22 17:01)
https://www.google.com/maps/search/etablissement+wellness+Affieux%2BFrance/,traité (2026-08-22 17:03)
https://www.google.com/maps/search/etablissement+wellness+Affléville%2BFrance/,traité (2026-08-22 17:03)
https://www.google.com/maps/search/etablissement+wellness+Affoux%2BFrance/,traité (2026-08-22 17:03)
https://www.google.com/maps/search/etablissement+wellness+Affracourt%2BFrance/,échec (2026-08-22 17:03)
https://www.google.com/maps/search/etablissement+wellness+Affringues%2BFrance/,traité (2026-08-22 17:03)
https://www.google.com/maps/search/etablissement+wellness+Agassac%2BFrance/,traité (2026-08-22 17:03)
https://www.google.com/maps/search/etablissement+wellness+Agde%2BFrance/,traité (2026-08-22 17:03)
https://www.google.com/maps/search/etablissement+wellness+Agel%2BFrance/,traité (2026-08-22 17:04)
https://www.google.com/maps/search/etablissement+wellness+Agen%2BFrance/,traité (2026-08-22 17:04)
https://www.google.com/maps/search/etablissement+wellness+Agen-d'Aveyron%2BFrance/,traité (2026-08-22 17:06)
https://www.google.com/maps/search/etablissement+wellness+Agencourt%2BFrance/,traité (2026-08-22 17:06)
https://www.google.com/maps/search/etablissement+wellness+Agenville%2BFrance/,traité (2026-08-22 17:06)
https://www.google.com/maps/search/etablissement+wellness+Agenvillers%2BFrance/,traité (2026-08-22 17:06)
https://www.google.com/maps/search/etablissement+wellness+Les Ageux%2BFrance/,traité (2026-08-22 17:06)
https://www.google.com/maps/search/etablissement+wellness+Ageville%2BFrance/,traité (2026-08-22 17:06)
https://www.google.com/maps/search/etablissement+wellness+Agey%2BFrance/,traité (2026-08-22 17:07)
https://www.google.com/maps/search/etablissement+wellness+Aghione%2BFrance/,traité (2026-08-22 17:07)
https://www.google.com/maps/search/etablissement+wellness+Agincourt%2BFrance/,traité (2026-08-22 17:08)
https://www.google.com/maps/search/etablissement+wellness+Agmé%2BFrance/,échec (2026-08-22 17:08)
https://www.google.com/maps/search/etablissement+wellness+Agnac%2BFrance/,traité (2026-08-22 17:08)
https://www.google.com/maps/search/etablissement+wellness+Agnat%2BFrance/,traité (2026-08-22 17:11)
https://www.google.com/maps/search/etablissement+wellness+Agneaux%2BFrance/,traité (2026-08-22 17:11)
https://www.google.com/maps/search/etablissement+wellness+Agnetz%2BFrance/,traité (2026-08-22 17:11)
https://www.google.com/maps/search/etablissement+wellness+Agnez-lès-Duisans%2BFrance/,traité (2026-08-22 17:11)
https://www.google.com/maps/search/etablissement+wellness+Agnicourt-et-Séchelles%2BFrance/,traité (2026-08-22 17:11)
https://www.google.com/maps/search/etablissement+wellness+Agnières%2BFrance/,traité (2026-08-22 17:11)
https://www.google.com/maps/search/etablissement+wellness+Agnin%2BFrance/,traité (2026-08-22 17:11)
https://www.google.com/maps/search/etablissement+wellness+Agnos%2BFrance/,traité (2026-08-22 17:11)
https://www.google.com/maps/search/etablissement+wellness+Agny%2BFrance/,traité (2026-08-22 17:12)
https://www.google.com/maps/search/etablissement+wellness+Agon-Coutainville%2BFrance/,traité (2026-08-22 17:12)
https://www.google.com/maps/search/etablissement+wellness+Agonac%2BFrance/,traité (2026-08-22 17:14)
https://www.google.com/maps/search/etablissement+wellness+Agonès%2BFrance/,traité (2026-08-22 17:14)
https://www.google.com/maps/search/etablissement+wellness+Agonges%2BFrance/,traité (2026-08-22 17:14)
https://www.google.com/maps/search/etablissement+wellness+Agos-Vidalos%2BFrance/,traité (2026-08-22 17:14)
https://www.google.com/maps/search/etablissement+wellness+Agris%2BFrance/,traité (2026-08-22 17:14)
https://www.google.com/maps/search/etablissement+wellness+Agudelle%2BFrance/,traité (2026-08-22 17:15)
https://www.google.com/maps/search/etablissement+wellness+Aguessac%2BFrance/,traité (2026-08-22 17:15)
https://www.google.com/maps/search/etablissement+wellness+Aguilcourt%2BFrance/,traité (2026-08-22 17:15)
https://www.google.com/maps/search/etablissement+wellness+Aguts%2BFrance/,traité (2026-08-22 17:15)
https://www.google.com/maps/search/etablissement+wellness+Agy%2BFrance/,traité (2026-08-22 17:16)
https://www.google.com/maps/search/etablissement+wellness+Ahaxe-Alciette-Bascassan%2BFrance/,traité (2026-08-22 17:18)
https://www.google.com/maps/search/etablissement+wellness+Ahetze%2BFrance/,traité (2026-08-22 17:18)
https://www.google.com/maps/search/etablissement+wellness+Ahéville%2BFrance/,traité (2026-08-22 17:18)
https://www.google.com/maps/search/etablissement+wellness+Ahuillé%2BFrance/,traité (2026-08-22 17:18)
https://www.google.com/maps/search/etablissement+wellness+Ahun%2BFrance/,traité (2026-08-22 17:18)
https://www.google.com/maps/search/etablissement+wellness+Ahuy%2BFrance/,traité (2026-08-22 17:18)
https://www.google.com/maps/search/etablissement+wellness+Aibes%2BFrance/,traité (2026-08-22 17:18)
https://www.google.com/maps/search/etablissement+wellness+Aibre%2BFrance/,traité (2026-08-22 17:18)
https://www.google.com/maps/search/etablissement+wellness+Aïcirits-Camou-Suhast%2BFrance/,traité (2026-08-22 17:18)
https://www.google.com/maps/search/etablissement+wellness+Aiffres%2BFrance/,traité (2026-08-22 17:19)
https://www.google.com/maps/search/etablissement+wellness+Aigaliers%2BFrance/,traité (2026-08-22 17:21)
https://www.google.com/maps/search/etablissement+wellness+L'Aigle%2BFrance/,traité (2026-08-22 17:21)
https://www.google.com/maps/search/etablissement+wellness+Aiglemont%2BFrance/,traité (2026-08-22 17:21)
https://www.google.com/maps/search/etablissement+wellness+Aiglepierre%2BFrance/,traité (2026-08-22 17:21)
https://www.google.com/maps/search/etablissement+wellness+Aigleville%2BFrance/,traité (2026-08-22 17:21)
https://www.google.com/maps/search/etablissement+wellness+Aiglun%2BFrance/,traité (2026-08-22 17:21)
https://www.google.com/maps/search/etablissement+wellness+Aiglun%2BFrance/,traité (2026-08-22 17:21)
https://www.google.com/maps/search/etablissement+wellness+Aignan%2BFrance/,traité (2026-08-22 17:22)
https://www.google.com/maps/search/etablissement+wellness+Aignay-le-Duc%2BFrance/,traité (2026-08-22 17:22)
https://www.google.com/maps/search/etablissement+wellness+Aigne%2BFrance/,traité (2026-08-22 17:22)
https://www.google.com/maps/search/etablissement+wellness+Aigné%2BFrance/,traité (2026-08-22 17:25)
https://www.google.com/maps/search/etablissement+wellness+Aignerville%2BFrance/,traité (2026-08-22 17:25)
https://www.google.com/maps/search/etablissement+wellness+Aignes%2BFrance/,traité (2026-08-22 17:25)
https://www.google.com/maps/search/etablissement+wellness+Aignes-et-Puypéroux%2BFrance/,traité (2026-08-22 17:25)
https://www.google.com/maps/search/etablissement+wellness+Aigneville%2BFrance/,traité (2026-08-22 17:25)
https://www.google.com/maps/search/etablissement+wellness+Aigny%2BFrance/,traité (2026-08-22 17:25)
https://www.google.com/maps/search/etablissement+wellness+Aigonnay%2BFrance/,traité (2026-08-22 17:25)
https://www.google.com/maps/search/etablissement+wellness+Aigre%2BFrance/,traité (2026-08-22 17:26)
https://www.google.com/maps/search/etablissement+wellness+Aigrefeuille%2BFrance/,
https://www.google.com/maps/search/etablissement+wellness+Aigrefeuille-d'Aunis%2BFrance/,
https://www.google.com/maps/search/etablissement+wellness+Aigrefeuille-sur-Maine%2BFrance/,
https://www.google.com/maps/search/etablissement+wellness+Aigremont%2BFrance/,
https://www.google.com/maps/search/etablissement+wellness+Aigremont%2BFrance/,
https://www.google.com/maps/search/etablissement+wellness+Aigremont%2BFrance/,
https://www.google.com/maps/search/etablissement+wellness+Aigremont%2BFrance/,
https://www.google.com/maps/search/etablissement+wellness+Aiguebelette-le-Lac%2BFrance/,
https://www.google.com/maps/search/etablissement+wellness+Aiguebelle%2BFrance/,
https://www.google.com/maps/search/etablissement+wellness+Aigueblanche%2BFrance/,
https://www.google.com/maps/search/etablissement+wellness+Aiguefonde%2BFrance/,
https://www.google.com/maps/search/etablissement+wellness+Aigueperse%2BFrance/,
https://www.google.com/maps/search/etablissement+wellness+Aigueperse%2BFrance/,
https://www.google.com/maps/search/etablissement+wellness+Aigues-Juntes%2BFrance/,
https://www.google.com/maps/search/etablissement+wellness+Aigues-Mortes%2BFrance/,
https://www.google.com/maps/search/etablissement+wellness+Aigues-Vives%2BFrance/,
https://www.google.com/maps/search/etablissement+wellness+Aigues-Vives%2BFrance/,
https://www.google.com/maps/search/etablissement+wellness+Aigues-Vives%2BFrance/,
https://www.google.com/maps/search/etablissement+wellness+Aigues-Vives%2BFrance/,
https://www.google.com/maps/search/etablissement+wellness+Aiguèze%2BFrance/,
https://www.google.com/maps/search/etablissement+wellness+Aiguilhe%2BFrance/,
https://www.google.com/maps/search/etablissement+wellness+Aiguilles%2BFrance/,
https://www.google.com/maps/search/etablissement+wellness+L'Aiguillon%2BFrance/,
https://www.google.com/maps/search/etablissement+wellness+Aiguillon%2BFrance/,
https://www.google.com/maps/search/etablissement+wellness+L'Aiguillon-sur-Mer%2BFrance/,
https://www.google.com/maps/search/etablissement+wellness+L'Aiguillon-sur-Vie%2BFrance/,
https://www.google.com/maps/search/etablissement+wellness+Aiguines%2BFrance/,
https://www.google.com/maps/search/etablissement+wellness+Aigurande%2BFrance/,
https://www.google.com/maps/search/etablissement+wellness+Ailhon%2BFrance/,
https://www.google.com/maps/search/etablissement+wellness+Aillant-sur-Milleron%2BFrance/,
https://www.google.com/maps/search/etablissement+wellness+Aillas%2BFrance/,
https://www.google.com/maps/search/etablissement+wellness+Ailleux%2BFrance/,
https://www.google.com/maps/search/etablissement+wellness+Aillevans%2BFrance/,
https://www.google.com/maps/search/etablissement+wellness+Ailleville%2BFrance/,
https://www.google.com/maps/search/etablissement+wellness+Aillevillers-et-Lyaumont%2BFrance/,
https://www.google.com/maps/search/etablissement+wellness+Aillianville%2BFrance/,
https://www.google.com/maps/search/etablissement+wellness+Aillières-Beauvoir%2BFrance/,
https://www.google.com/maps/search/etablissement+wellness+Aillon-le-Jeune%2BFrance/,
https://www.google.com/maps/search/etablissement+wellness+Aillon-le-Vieux%2BFrance/,
https://www.google.com/maps/search/etablissement+wellness+Ailloncourt%2BFrance/,
https://www.google.com/maps/search/etablissement+wellness+Ailly%2BFrance/,
https://www.google.com/maps/search/etablissement+wellness+Ailly-le-Haut-Clocher%2BFrance/,
https://www.google.com/maps/search/etablissement+wellness+Ailly-sur-Noye%2BFrance/,
https://www.google.com/maps/search/etablissement+wellness+Ailly-sur-Somme%2BFrance/,
https://www.google.com/maps/search/etablissement+wellness+Aimargues%2BFrance/,
https://www.google.com/maps/search/etablissement+wellness+Aime-la-Plagne%2BFrance/,
https://www.google.com/maps/search/etablissement+wellness+Ainay-le-Château%2BFrance/,
https://www.google.com/maps/search/etablissement+wellness+Ainay-le-Vieil%2BFrance/,
https://www.google.com/maps/search/etablissement+wellness+Aincille%2BFrance/,
https://www.google.com/maps/search/etablissement+wellness+Aincourt%2BFrance/,
https://www.google.com/maps/search/etablissement+wellness+Aincreville%2BFrance/,
https://www.google.com/maps/search/etablissement+wellness+Aingeray%2BFrance/,
https://www.google.com/maps/search/etablissement+wellness+Aingeville%2BFrance/,
https://www.google.com/maps/search/etablissement+wellness+Aingoulaincourt%2BFrance/,
https://www.google.com/maps/search/etablissement+wellness+Ainharp%2BFrance/,
https://www.google.com/maps/search/etablissement+wellness+Ainhice-Mongelos%2BFrance/,
https://www.google.com/maps/search/etablissement+wellness+Ainhoa%2BFrance/,
https://www.google.com/maps/search/etablissement+wellness+Ainvelle%2BFrance/,
https://www.google.com/maps/search/etablissement+wellness+Ainvelle%2BFrance/,
https://www.google.com/maps/search/etablissement+wellness+Airaines%2BFrance/,
https://www.google.com/maps/search/etablissement+wellness+Aire%2BFrance/,
https://www.google.com/maps/search/etablissement+wellness+Aire-sur-l'Adour%2BFrance/,
https://www.google.com/maps/search/etablissement+wellness+Aire-sur-la-Lys%2BFrance/,
https://www.google.com/maps/search/etablissement+wellness+Airel%2BFrance/,
https://www.google.com/maps/search/etablissement+wellness+Les Aires%2BFrance/,
https://www.google.com/maps/search/etablissement+wellness+Airion%2BFrance/,
https://www.google.com/maps/search/etablissement+wellness+Airon-Notre-Dame%2BFrance/,
https://www.google.com/maps/search/etablissement+wellness+Airon-Saint-Vaast%2BFrance/,
https://www.google.com/maps/search/etablissement+wellness+Airoux%2BFrance/,
https://www.google.com/maps/search/etablissement+wellness+Airvault%2BFrance/,
https://www.google.com/maps/search/etablissement+wellness+Aiserey%2BFrance/,
https://www.google.com/maps/search/etablissement+wellness+Aisey-et-Richecourt%2BFrance/,
https://www.google.com/maps/search/etablissement+wellness+Aisey-sur-Seine%2BFrance/,
https://www.google.com/maps/search/etablissement+wellness+Aisonville-et-Bernoville%2BFrance/,
https://www.google.com/maps/search/etablissement+wellness+Aïssey%2BFrance/,
https://www.google.com/maps/search/etablissement+wellness+Aisy-sous-Thil%2BFrance/,
https://www.google.com/maps/search/etablissement+wellness+Aisy-sur-Armançon%2BFrance/,
https://www.google.com/maps/search/etablissement+wellness+Aiti%2BFrance/,
https://www.google.com/maps/search/etablissement+wellness+Aiton%2BFrance/,
https://www.google.com/maps/search/etablissement+wellness+Aix%2BFrance/,
https://www.google.com/maps/search/etablissement+wellness+Aix%2BFrance/,
https://www.google.com/maps/search/etablissement+wellness+Les Aix-d'Angillon%2BFrance/,
https://www.google.com/maps/search/etablissement+wellness+Aix-en-Ergny%2BFrance/,
https://www.google.com/maps/search/etablissement+wellness+Aix-en-Issart%2BFrance/,
https://www.google.com/maps/search/etablissement+wellness+Aix-en-Provence%2BFrance/,
https://www.google.com/maps/search/etablissement+wellness+Aix-la-Fayette%2BFrance/,
https://www.google.com/maps/search/etablissement+wellness+Aix-les-Bains%2BFrance/,
https://www.google.com/maps/search/etablissement+wellness+Aix-Noulette%2BFrance/,
https://www.google.com/maps/search/etablissement+wellness+Aix-Villemaur-Pâlis%2BFrance/,
https://www.google.com/maps/search/etablissement+wellness+Aixe-sur-Vienne%2BFrance/,
https://www.google.com/maps/search/etablissement+wellness+Aizac%2BFrance/,
https://www.google.com/maps/search/etablissement+wellness+Aizanville%2BFrance/,
https://www.google.com/maps/search/etablissement+wellness+Aize%2BFrance/,
https://www.google.com/maps/search/etablissement+wellness+Aizecourt-le-Bas%2BFrance/,
https://www.google.com/maps/search/etablissement+wellness+Aizecourt-le-Haut%2BFrance/,
https://www.google.com/maps/search/etablissement+wellness+Aizelles%2BFrance/,
https://www.google.com/maps/search/etablissement+wellness+Aizenay%2BFrance/,
https://www.google.com/maps/search/etablissement+wellness+Aizier%2BFrance/,
https://www.google.com/maps/search/etablissement+wellness+Aizy-Jouy%2BFrance/,
https://www.google.com/maps/search/etablissement+wellness+Ajac%2BFrance/,
https://www.google.com/maps/search/etablissement+wellness+Ajaccio%2BFrance/,
https://www.google.com/maps/search/etablissement+wellness+Ajain%2BFrance/,
https://www.google.com/maps/search/etablissement+wellness+Ajat%2BFrance/,
https://www.google.com/maps/search/etablissement+wellness+Ajoncourt%2BFrance/,
https://www.google.com/maps/search/etablissement+wellness+L'Ajoupa-Bouillon%2BFrance/,
https://www.google.com/maps/search/etablissement+wellness+Ajoux%2BFrance/,
https://www.google.com/maps/search/etablissement+wellness+Alaigne%2BFrance/,
https://www.google.com/maps/search/etablissement+wellness+Alaincourt%2BFrance/,
https://www.google.com/maps/search/etablissement+wellness+Alaincourt%2BFrance/,
https://www.google.com/maps/search/etablissement+wellness+Alaincourt-la-Côte%2BFrance/,
https://www.google.com/maps/search/etablissement+wellness+Alairac%2BFrance/,
https://www.google.com/maps/search/etablissement+wellness+Alan%2BFrance/,
https://www.google.com/maps/search/etablissement+wellness+Alando%2BFrance/,
https://www.google.com/maps/search/etablissement+wellness+Alata%2BFrance/,
https://www.google.com/maps/search/etablissement+wellness+Alba-la-Romaine%2BFrance/,
https://www.google.com/maps/search/etablissement+wellness+Alban%2BFrance/,
https://www.google.com/maps/search/etablissement+wellness+Albaret-le-Comtal%2BFrance/,
https://www.google.com/maps/search/etablissement+wellness+Albaret-Sainte-Marie%2BFrance/,
https://www.google.com/maps/search/etablissement+wellness+Albas%2BFrance/,
https://www.google.com/maps/search/etablissement+wellness+Albas%2BFrance/,
https://www.google.com/maps/search/etablissement+wellness+Albé%2BFrance/,
https://www.google.com/maps/search/etablissement+wellness+Albefeuille-Lagarde%2BFrance/,
https://www.google.com/maps/search/etablissement+wellness+L'Albenc%2BFrance/,
https://www.google.com/maps/search/etablissement+wellness+Albepierre-Bredons%2BFrance/,
https://www.google.com/maps/search/etablissement+wellness+L'Albère%2BFrance/,
https://www.google.com/maps/search/etablissement+wellness+Albert%2BFrance/,
https://www.google.com/maps/search/etablissement+wellness+Albertacce%2BFrance/,
https://www.google.com/maps/search/etablissement+wellness+Albertville%2BFrance/,
https://www.google.com/maps/search/etablissement+wellness+Albestroff%2BFrance/,
https://www.google.com/maps/search/etablissement+wellness+Albi%2BFrance/,
https://www.google.com/maps/search/etablissement+wellness+Albiac%2BFrance/,
https://www.google.com/maps/search/etablissement+wellness+Albiac%2BFrance/,
https://www.google.com/maps/search/etablissement+wellness+Albias%2BFrance/,
https://www.google.com/maps/search/etablissement+wellness+Albières%2BFrance/,
https://www.google.com/maps/search/etablissement+wellness+Albiès%2BFrance/,
https://www.google.com/maps/search/etablissement+wellness+Albiez-le-Jeune%2BFrance/,
https://www.google.com/maps/search/etablissement+wellness+Albiez-Montrond%2BFrance/,
https://www.google.com/maps/search/etablissement+wellness+Albignac%2BFrance/,
https://www.google.com/maps/search/etablissement+wellness+Albigny-sur-Saône%2BFrance/,
https://www.google.com/maps/search/etablissement+wellness+Albine%2BFrance/,
https://www.google.com/maps/search/etablissement+wellness+Albitreccia%2BFrance/,
https://www.google.com/maps/search/etablissement+wellness+Albon%2BFrance/,
https://www.google.com/maps/search/etablissement+wellness+Albon-d'Ardèche%2BFrance/,
https://www.google.com/maps/search/etablissement+wellness+Alboussière%2BFrance/,
https://www.google.com/maps/search/etablissement+wellness+Les Albres%2BFrance/,
https://www.google.com/maps/search/etablissement+wellness+Albussac%2BFrance/,
https://www.google.com/maps/search/etablissement+wellness+Alby-sur-Chéran%2BFrance/,
https://www.google.com/maps/search/etablissement+wellness+Alçay-Alçabéhéty-Sunharette%2BFrance/,
https://www.google.com/maps/search/etablissement+wellness+Aldudes%2BFrance/,
https://www.google.com/maps/search/etablissement+wellness+Alembon%2BFrance/,
https://www.google.com/maps/search/etablissement+wellness+Alençon%2BFrance/,
https://www.google.com/maps/search/etablissement+wellness+Alénya%2BFrance/,
https://www.google.com/maps/search/etablissement+wellness+Aléria%2BFrance/,
https://www.google.com/maps/search/etablissement+wellness+Alès%2BFrance/,
https://www.google.com/maps/search/etablissement+wellness+Alet-les-Bains%2BFrance/,
https://www.google.com/maps/search/etablissement+wellness+Alette%2BFrance/,
https://www.google.com/maps/search/etablissement+wellness+Aleu%2BFrance/,
https://www.google.com/maps/search/etablissement+wellness+Alex%2BFrance/,
https://www.google.com/maps/search/etablissement+wellness+Alexain%2BFrance/,
https://www.google.com/maps/search/etablissement+wellness+Aleyrac%2BFrance/,
https://www.google.com/maps/search/etablissement+wellness+Alfortville%2BFrance/,
https://www.google.com/maps/search/etablissement+wellness+Algajola%2BFrance/,
https://www.google.com/maps/search/etablissement+wellness+Algans%2BFrance/,
https://www.google.com/maps/search/etablissement+wellness+Algolsheim%2BFrance/,
https://www.google.com/maps/search/etablissement+wellness+Algrange%2BFrance/,
https://www.google.com/maps/search/etablissement+wellness+Alièze%2BFrance/,
https://www.google.com/maps/search/etablissement+wellness+Alignan-du-Vent%2BFrance/,
https://www.google.com/maps/search/etablissement+wellness+Alincourt%2BFrance/,
https://www.google.com/maps/search/etablissement+wellness+Alincthun%2BFrance/,
https://www.google.com/maps/search/etablissement+wellness+Alise-Sainte-Reine%2BFrance/,
https://www.google.com/maps/search/etablissement+wellness+Alissas%2BFrance/,
https://www.google.com/maps/search/etablissement+wellness+Alix%2BFrance/,
https://www.google.com/maps/search/etablissement+wellness+Alixan%2BFrance/,
https://www.google.com/maps/search/etablissement+wellness+Alizay%2BFrance/,
https://www.google.com/maps/search/etablissement+wellness+Allain%2BFrance/,
https://www.google.com/maps/search/etablissement+wellness+Allaines%2BFrance/,
https://www.google.com/maps/search/etablissement+wellness+Allaines-Mervilliers%2BFrance/,
https://www.google.com/maps/search/etablissement+wellness+Allainville%2BFrance/,
https://www.google.com/maps/search/etablissement+wellness+Allainville%2BFrance/,
https://www.google.com/maps/search/etablissement+wellness+Allaire%2BFrance/,
https://www.google.com/maps/search/etablissement+wellness+Allamont%2BFrance/,
https://www.google.com/maps/search/etablissement+wellness+Allamps%2BFrance/,
https://www.google.com/maps/search/etablissement+wellness+Allan%2BFrance/,
https://www.google.com/maps/search/etablissement+wellness+Allanche%2BFrance/,
https://www.google.com/maps/search/etablissement+wellness+Alland'Huy-et-Sausseuil%2BFrance/,
https://www.google.com/maps/search/etablissement+wellness+Allarmont%2BFrance/,
https://www.google.com/maps/search/etablissement+wellness+Allas-Bocage%2BFrance/,
https://www.google.com/maps/search/etablissement+wellness+Allas-Champagne%2BFrance/,
https://www.google.com/maps/search/etablissement+wellness+Allas-les-Mines%2BFrance/,
https://www.google.com/maps/search/etablissement+wellness+Allassac%2BFrance/,
https://www.google.com/maps/search/etablissement+wellness+Allauch%2BFrance/,
https://www.google.com/maps/search/etablissement+wellness+Allègre%2BFrance/,
https://www.google.com/maps/search/etablissement+wellness+Allègre-les-Fumades%2BFrance/,
https://www.google.com/maps/search/etablissement+wellness+Alleins%2BFrance/,
https://www.google.com/maps/search/etablissement+wellness+Allemagne-en-Provence%2BFrance/,
https://www.google.com/maps/search/etablissement+wellness+Allemanche-Launay-et-Soyer%2BFrance/,
https://www.google.com/maps/search/etablissement+wellness+Allemans%2BFrance/,
https://www.google.com/maps/search/etablissement+wellness+Allemans-du-Dropt%2BFrance/,
https://www.google.com/maps/search/etablissement+wellness+Allemant%2BFrance/,
https://www.google.com/maps/search/etablissement+wellness+Allemant%2BFrance/,
https://www.google.com/maps/search/etablissement+wellness+Allemond%2BFrance/,
https://www.google.com/maps/search/etablissement+wellness+Allenay%2BFrance/,
https://www.google.com/maps/search/etablissement+wellness+Allenc%2BFrance/,
https://www.google.com/maps/search/etablissement+wellness+Allenjoie%2BFrance/,
https://www.google.com/maps/search/etablissement+wellness+Allennes-les-Marais%2BFrance/,
https://www.google.com/maps/search/etablissement+wellness+Allerey%2BFrance/,
https://www.google.com/maps/search/etablissement+wellness+Allerey-sur-Saône%2BFrance/,
https://www.google.com/maps/search/etablissement+wellness+Allériot%2BFrance/,
https://www.google.com/maps/search/etablissement+wellness+Allery%2BFrance/,
https://www.google.com/maps/search/etablissement+wellness+Alles-sur-Dordogne%2BFrance/,
https://www.google.com/maps/search/etablissement+wellness+Les Alleuds%2BFrance/,
https://www.google.com/maps/search/etablissement+wellness+Les Alleuds%2BFrance/,
https://www.google.com/maps/search/etablissement+wellness+Alleuze%2BFrance/,
https://www.google.com/maps/search/etablissement+wellness+Allevard%2BFrance/,
https://www.google.com/maps/search/etablissement+wellness+Allèves%2BFrance/,
https://www.google.com/maps/search/etablissement+wellness+Allex%2BFrance/,
https://www.google.com/maps/search/etablissement+wellness+Alleyrac%2BFrance/,
https://www.google.com/maps/search/etablissement+wellness+Alleyras%2BFrance/,
https://www.google.com/maps/search/etablissement+wellness+Alleyrat%2BFrance/,
https://www.google.com/maps/search/etablissement+wellness+Alleyrat%2BFrance/,
https://www.google.com/maps/search/etablissement+wellness+Allez-et-Cazeneuve%2BFrance/,
https://www.google.com/maps/search/etablissement+wellness+Alliancelles%2BFrance/,
https://www.google.com/maps/search/etablissement+wellness+Alliat%2BFrance/,
https://www.google.com/maps/search/etablissement+wellness+Allibaudières%2BFrance/,
https://www.google.com/maps/search/etablissement+wellness+Allichamps%2BFrance/,
https://www.google.com/maps/search/etablissement+wellness+Allier%2BFrance/,
https://www.google.com/maps/search/etablissement+wellness+Allières%2BFrance/,
https://www.google.com/maps/search/etablissement+wellness+Les Alliés%2BFrance/,
https://www.google.com/maps/search/etablissement+wellness+Alligny-Cosne%2BFrance/,
https://www.google.com/maps/search/etablissement+wellness+Alligny-en-Morvan%2BFrance/,
https://www.google.com/maps/search/etablissement+wellness+Allineuc%2BFrance/,
https://www.google.com/maps/search/etablissement+wellness+Allinges%2BFrance/,
https://www.google.com/maps/search/etablissement+wellness+Allogny%2BFrance/,
https://www.google.com/maps/search/etablissement+wellness+Alloinay%2BFrance/,
https://www.google.com/maps/search/etablissement+wellness+Allondans%2BFrance/,
https://www.google.com/maps/search/etablissement+wellness+Allondaz%2BFrance/,
https://www.google.com/maps/search/etablissement+wellness+Allondrelle-la-Malmaison%2BFrance/,
https://www.google.com/maps/search/etablissement+wellness+Allonne%2BFrance/,
https://www.google.com/maps/search/etablissement+wellness+Allonne%2BFrance/,
https://www.google.com/maps/search/etablissement+wellness+Allonnes%2BFrance/,
https://www.google.com/maps/search/etablissement+wellness+Allonnes%2BFrance/,
https://www.google.com/maps/search/etablissement+wellness+Allonnes%2BFrance/,
https://www.google.com/maps/search/etablissement+wellness+Allons%2BFrance/,
https://www.google.com/maps/search/etablissement+wellness+Allons%2BFrance/,
https://www.google.com/maps/search/etablissement+wellness+Allonville%2BFrance/,
https://www.google.com/maps/search/etablissement+wellness+Allonzier-la-Caille%2BFrance/,
https://www.google.com/maps/search/etablissement+wellness+Allos%2BFrance/,
https://www.google.com/maps/search/etablissement+wellness+Allouagne%2BFrance/,
https://www.google.com/maps/search/etablissement+wellness+Alloue%2BFrance/,
https://www.google.com/maps/search/etablissement+wellness+Allouis%2BFrance/,
https://www.google.com/maps/search/etablissement+wellness+Allouville-Bellefosse%2BFrance/,
https://www.google.com/maps/search/etablissement+wellness+Les Allues%2BFrance/,
https://www.google.com/maps/search/etablissement+wellness+Les Alluets-le-Roi%2BFrance/,
https://www.google.com/maps/search/etablissement+wellness+Alluy%2BFrance/,
https://www.google.com/maps/search/etablissement+wellness+Alluyes%2BFrance/,
https://www.google.com/maps/search/etablissement+wellness+Ally%2BFrance/,
https://www.google.com/maps/search/etablissement+wellness+Ally%2BFrance/,
https://www.google.com/maps/search/etablissement+wellness+Almayrac%2BFrance/,
https://www.google.com/maps/search/etablissement+wellness+Almenêches%2BFrance/,
https://www.google.com/maps/search/etablissement+wellness+Almont-les-Junies%2BFrance/,
https://www.google.com/maps/search/etablissement+wellness+Alos%2BFrance/,
https://www.google.com/maps/search/etablissement+wellness+Alos%2BFrance/,
https://www.google.com/maps/search/etablissement+wellness+Alos-Sibas-Abense%2BFrance/,
https://www.google.com/maps/search/etablissement+wellness+Aloxe-Corton%2BFrance/,
https://www.google.com/maps/search/etablissement+wellness+Alquines%2BFrance/,
https://www.google.com/maps/search/etablissement+wellness+Alrance%2BFrance/,
https://www.google.com/maps/search/etablissement+wellness+Alsting%2BFrance/,
https://www.google.com/maps/search/etablissement+wellness+Altagène%2BFrance/,
https://www.google.com/maps/search/etablissement+wellness+Alteckendorf%2BFrance/,
https://www.google.com/maps/search/etablissement+wellness+Altenach%2BFrance/,
https://www.google.com/maps/search/etablissement+wellness+Altenheim%2BFrance/,
https://www.google.com/maps/search/etablissement+wellness+Althen-des-Paluds%2BFrance/,
https://www.google.com/maps/search/etablissement+wellness+Altiani%2BFrance/,
https://www.google.com/maps/search/etablissement+wellness+Altier%2BFrance/,
https://www.google.com/maps/search/etablissement+wellness+Altillac%2BFrance/,
https://www.google.com/maps/search/etablissement+wellness+Altkirch%2BFrance/,
https://www.google.com/maps/search/etablissement+wellness+Altorf%2BFrance/,
https://www.google.com/maps/search/etablissement+wellness+Altrippe%2BFrance/,
https://www.google.com/maps/search/etablissement+wellness+Altviller%2BFrance/,
https://www.google.com/maps/search/etablissement+wellness+Altwiller%2BFrance/,
https://www.google.com/maps/search/etablissement+wellness+Aluze%2BFrance/,
https://www.google.com/maps/search/etablissement+wellness+Alvignac%2BFrance/,
https://www.google.com/maps/search/etablissement+wellness+Alvimare%2BFrance/,
https://www.google.com/maps/search/etablissement+wellness+Alzen%2BFrance/,
https://www.google.com/maps/search/etablissement+wellness+Alzi%2BFrance/,
https://www.google.com/maps/search/etablissement+wellness+Alzing%2BFrance/,
https://www.google.com/maps/search/etablissement+wellness+Alzon%2BFrance/,
https://www.google.com/maps/search/etablissement+wellness+Alzonne%2BFrance/,
https://www.google.com/maps/search/etablissement+wellness+Amage%2BFrance/,
https://www.google.com/maps/search/etablissement+wellness+Amagne%2BFrance/,
https://www.google.com/maps/search/etablissement+wellness+Amagney%2BFrance/,
https://www.google.com/maps/search/etablissement+wellness+Amailloux%2BFrance/,
https://www.google.com/maps/search/etablissement+wellness+Amance%2BFrance/,
https://www.google.com/maps/search/etablissement+wellness+Amance%2BFrance/,
https://www.google.com/maps/search/etablissement+wellness+Amance%2BFrance/,
https://www.google.com/maps/search/etablissement+wellness+Amancey%2BFrance/,
https://www.google.com/maps/search/etablissement+wellness+Amancy%2BFrance/,
https://www.google.com/maps/search/etablissement+wellness+Amange%2BFrance/,
https://www.google.com/maps/search/etablissement+wellness+Amanlis%2BFrance/,
https://www.google.com/maps/search/etablissement+wellness+Amanty%2BFrance/,
https://www.google.com/maps/search/etablissement+wellness+Amanvillers%2BFrance/,
https://www.google.com/maps/search/etablissement+wellness+Amanzé%2BFrance/,
https://www.google.com/maps/search/etablissement+wellness+Amarens%2BFrance/,
https://www.google.com/maps/search/etablissement+wellness+Amathay-Vésigneux%2BFrance/,
https://www.google.com/maps/search/etablissement+wellness+Amayé-sur-Orne%2BFrance/,
https://www.google.com/maps/search/etablissement+wellness+Amayé-sur-Seulles%2BFrance/,
https://www.google.com/maps/search/etablissement+wellness+Amazy%2BFrance/,
https://www.google.com/maps/search/etablissement+wellness+Ambacourt%2BFrance/,
https://www.google.com/maps/search/etablissement+wellness+Ambarès-et-Lagrave%2BFrance/,
https://www.google.com/maps/search/etablissement+wellness+Ambax%2BFrance/,
https://www.google.com/maps/search/etablissement+wellness+Ambazac%2BFrance/,
https://www.google.com/maps/search/etablissement+wellness+Ambel%2BFrance/,
https://www.google.com/maps/search/etablissement+wellness+Ambenay%2BFrance/,
https://www.google.com/maps/search/etablissement+wellness+Ambérac%2BFrance/,
https://www.google.com/maps/search/etablissement+wellness+Ambérieu-en-Bugey%2BFrance/,
https://www.google.com/maps/search/etablissement+wellness+Ambérieux%2BFrance/,
https://www.google.com/maps/search/etablissement+wellness+Ambérieux-en-Dombes%2BFrance/,
https://www.google.com/maps/search/etablissement+wellness+Ambernac%2BFrance/,
https://www.google.com/maps/search/etablissement+wellness+Amberre%2BFrance/,
https://www.google.com/maps/search/etablissement+wellness+Ambert%2BFrance/,
https://www.google.com/maps/search/etablissement+wellness+Ambès%2BFrance/,
https://www.google.com/maps/search/etablissement+wellness+Ambeyrac%2BFrance/,
https://www.google.com/maps/search/etablissement+wellness+Ambialet%2BFrance/,
https://www.google.com/maps/search/etablissement+wellness+Ambiegna%2BFrance/,
https://www.google.com/maps/search/etablissement+wellness+Ambierle%2BFrance/,
https://www.google.com/maps/search/etablissement+wellness+Ambiévillers%2BFrance/,
https://www.google.com/maps/search/etablissement+wellness+Ambillou%2BFrance/,
https://www.google.com/maps/search/etablissement+wellness+Ambilly%2BFrance/,
https://www.google.com/maps/search/etablissement+wellness+Amblainville%2BFrance/,
https://www.google.com/maps/search/etablissement+wellness+Amblans-et-Velotte%2BFrance/,
https://www.google.com/maps/search/etablissement+wellness+Ambleny%2BFrance/,
https://www.google.com/maps/search/etablissement+wellness+Ambléon%2BFrance/,
https://www.google.com/maps/search/etablissement+wellness+Ambleteuse%2BFrance/,
https://www.google.com/maps/search/etablissement+wellness+Ambleville%2BFrance/,
https://www.google.com/maps/search/etablissement+wellness+Ambleville%2BFrance/,
https://www.google.com/maps/search/etablissement+wellness+Amblie%2BFrance/,
https://www.google.com/maps/search/etablissement+wellness+Ambloy%2BFrance/,
https://www.google.com/maps/search/etablissement+wellness+Ambly-Fleury%2BFrance/,
https://www.google.com/maps/search/etablissement+wellness+Ambly-sur-Meuse%2BFrance/,
https://www.google.com/maps/search/etablissement+wellness+Amboise%2BFrance/,
https://www.google.com/maps/search/etablissement+wellness+Ambon%2BFrance/,
https://www.google.com/maps/search/etablissement+wellness+Ambonil%2BFrance/,
https://www.google.com/maps/search/etablissement+wellness+Ambonnay%2BFrance/,
https://www.google.com/maps/search/etablissement+wellness+Ambonville%2BFrance/,
https://www.google.com/maps/search/etablissement+wellness+Ambrault%2BFrance/,
https://www.google.com/maps/search/etablissement+wellness+Ambres%2BFrance/,
https://www.google.com/maps/search/etablissement+wellness+Ambricourt%2BFrance/,
https://www.google.com/maps/search/etablissement+wellness+Ambrief%2BFrance/,
https://www.google.com/maps/search/etablissement+wellness+Ambrières%2BFrance/,
https://www.google.com/maps/search/etablissement+wellness+Ambrières-les-Vallées%2BFrance/,
https://www.google.com/maps/search/etablissement+wellness+Ambrines%2BFrance/,
https://www.google.com/maps/search/etablissement+wellness+Ambronay%2BFrance/,
https://www.google.com/maps/search/etablissement+wellness+Ambrugeat%2BFrance/,
https://www.google.com/maps/search/etablissement+wellness+Ambrumesnil%2BFrance/,
https://www.google.com/maps/search/etablissement+wellness+Ambrus%2BFrance/,
https://www.google.com/maps/search/etablissement+wellness+Ambutrix%2BFrance/,
https://www.google.com/maps/search/etablissement+wellness+Amécourt%2BFrance/,
https://www.google.com/maps/search/etablissement+wellness+Amel-sur-l'Étang%2BFrance/,
https://www.google.com/maps/search/etablissement+wellness+Amelécourt%2BFrance/,
https://www.google.com/maps/search/etablissement+wellness+Amélie-les-Bains-Palalda%2BFrance/,
https://www.google.com/maps/search/etablissement+wellness+Amendeuix-Oneix%2BFrance/,
https://www.google.com/maps/search/etablissement+wellness+Amenoncourt%2BFrance/,
https://www.google.com/maps/search/etablissement+wellness+Amenucourt%2BFrance/,
https://www.google.com/maps/search/etablissement+wellness+Ames%2BFrance/,
https://www.google.com/maps/search/etablissement+wellness+Amettes%2BFrance/,
https://www.google.com/maps/search/etablissement+wellness+Ameugny%2BFrance/,
https://www.google.com/maps/search/etablissement+wellness+Ameuvelle%2BFrance/,
https://www.google.com/maps/search/etablissement+wellness+Amfreville%2BFrance/,
https://www.google.com/maps/search/etablissement+wellness+Amfreville-la-Mi-Voie%2BFrance/,
https://www.google.com/maps/search/etablissement+wellness+Amfreville-les-Champs%2BFrance/,
https://www.google.com/maps/search/etablissement+wellness+Amfreville-les-Champs%2BFrance/,
https://www.google.com/maps/search/etablissement+wellness+Amfreville-Saint-Amand%2BFrance/,
https://www.google.com/maps/search/etablissement+wellness+Amfreville-sous-les-Monts%2BFrance/,
https://www.google.com/maps/search/etablissement+wellness+Amfreville-sur-Iton%2BFrance/,
https://www.google.com/maps/search/etablissement+wellness+Amfroipret%2BFrance/,
https://www.google.com/maps/search/etablissement+wellness+Amiens%2BFrance/,
https://www.google.com/maps/search/etablissement+wellness+Amifontaine%2BFrance/,
https://www.google.com/maps/search/etablissement+wellness+Amigny%2BFrance/,
https://www.google.com/maps/search/etablissement+wellness+Amigny-Rouy%2BFrance/,
https://www.google.com/maps/search/etablissement+wellness+Amillis%2BFrance/,
https://www.google.com/maps/search/etablissement+wellness+Amilly%2BFrance/,
https://www.google.com/maps/search/etablissement+wellness+Amilly%2BFrance/,
https://www.google.com/maps/search/etablissement+wellness+Amions%2BFrance/,
https://www.google.com/maps/search/etablissement+wellness+Amirat%2BFrance/,
https://www.google.com/maps/search/etablissement+wellness+Ammerschwihr%2BFrance/,
https://www.google.com/maps/search/etablissement+wellness+Amné%2BFrance/,
https://www.google.com/maps/search/etablissement+wellness+Amnéville%2BFrance/,
https://www.google.com/maps/search/etablissement+wellness+Amoncourt%2BFrance/,
https://www.google.com/maps/search/etablissement+wellness+Amondans%2BFrance/,
https://www.google.com/maps/search/etablissement+wellness+Amont-et-Effreney%2BFrance/,
https://www.google.com/maps/search/etablissement+wellness+Amorots-Succos%2BFrance/,
https://www.google.com/maps/search/etablissement+wellness+Amou%2BFrance/,
https://www.google.com/maps/search/etablissement+wellness+Ampilly-le-Sec%2BFrance/,
https://www.google.com/maps/search/etablissement+wellness+Ampilly-les-Bordes%2BFrance/,
https://www.google.com/maps/search/etablissement+wellness+Amplepuis%2BFrance/,
https://www.google.com/maps/search/etablissement+wellness+Amplier%2BFrance/,
https://www.google.com/maps/search/etablissement+wellness+Ampoigné%2BFrance/,
https://www.google.com/maps/search/etablissement+wellness+Amponville%2BFrance/,
https://www.google.com/maps/search/etablissement+wellness+Ampriani%2BFrance/,
https://www.google.com/maps/search/etablissement+wellness+Ampuis%2BFrance/,
https://www.google.com/maps/search/etablissement+wellness+Ampus%2BFrance/,
https://www.google.com/maps/search/etablissement+wellness+Amuré%2BFrance/,
https://www.google.com/maps/search/etablissement+wellness+Amy%2BFrance/,
https://www.google.com/maps/search/etablissement+wellness+Anais%2BFrance/,
https://www.google.com/maps/search/etablissement+wellness+Anais%2BFrance/,
https://www.google.com/maps/search/etablissement+wellness+Anan%2BFrance/,
https://www.google.com/maps/search/etablissement+wellness+Ance%2BFrance/,
https://www.google.com/maps/search/etablissement+wellness+Ance Féas%2BFrance/,
https://www.google.com/maps/search/etablissement+wellness+Anceaumeville%2BFrance/,
https://www.google.com/maps/search/etablissement+wellness+Ancelle%2BFrance/,
https://www.google.com/maps/search/etablissement+wellness+Ancemont%2BFrance/,
https://www.google.com/maps/search/etablissement+wellness+Ancenis%2BFrance/,
https://www.google.com/maps/search/etablissement+wellness+Ancerville%2BFrance/,
https://www.google.com/maps/search/etablissement+wellness+Ancerville%2BFrance/,
https://www.google.com/maps/search/etablissement+wellness+Ancerviller%2BFrance/,
https://www.google.com/maps/search/etablissement+wellness+Ancey%2BFrance/,
https://www.google.com/maps/search/etablissement+wellness+Anchamps%2BFrance/,
https://www.google.com/maps/search/etablissement+wellness+Anché%2BFrance/,
https://www.google.com/maps/search/etablissement+wellness+Anché%2BFrance/,
https://www.google.com/maps/search/etablissement+wellness+Anchenoncourt-et-Chazel%2BFrance/,
https://www.google.com/maps/search/etablissement+wellness+Ancienville%2BFrance/,
https://www.google.com/maps/search/etablissement+wellness+Ancier%2BFrance/,
https://www.google.com/maps/search/etablissement+wellness+Ancinnes%2BFrance/,
https://www.google.com/maps/search/etablissement+wellness+Ancizan%2BFrance/,
https://www.google.com/maps/search/etablissement+wellness+Les Ancizes-Comps%2BFrance/,
https://www.google.com/maps/search/etablissement+wellness+Ancône%2BFrance/,
https://www.google.com/maps/search/etablissement+wellness+Ancourt%2BFrance/,
https://www.google.com/maps/search/etablissement+wellness+Ancourteville-sur-Héricourt%2BFrance/,
https://www.google.com/maps/search/etablissement+wellness+Ancretiéville-Saint-Victor%2BFrance/,
https://www.google.com/maps/search/etablissement+wellness+Ancretteville-sur-Mer%2BFrance/,
https://www.google.com/maps/search/etablissement+wellness+Ancteville%2BFrance/,
https://www.google.com/maps/search/etablissement+wellness+Anctoville-sur-Boscq%2BFrance/,
https://www.google.com/maps/search/etablissement+wellness+Ancy%2BFrance/,
https://www.google.com/maps/search/etablissement+wellness+Ancy-Dornot%2BFrance/,
https://www.google.com/maps/search/etablissement+wellness+Ancy-le-Franc%2BFrance/,
https://www.google.com/maps/search/etablissement+wellness+Ancy-le-Libre%2BFrance/,
https://www.google.com/maps/search/etablissement+wellness+Andainville%2BFrance/,
https://www.google.com/maps/search/etablissement+wellness+Andance%2BFrance/,
https://www.google.com/maps/search/etablissement+wellness+Andancette%2BFrance/,
https://www.google.com/maps/search/etablissement+wellness+Andé%2BFrance/,
https://www.google.com/maps/search/etablissement+wellness+Andechy%2BFrance/,
https://www.google.com/maps/search/etablissement+wellness+Andel%2BFrance/,
https://www.google.com/maps/search/etablissement+wellness+Andelain%2BFrance/,
https://www.google.com/maps/search/etablissement+wellness+Andelaroche%2BFrance/,
https://www.google.com/maps/search/etablissement+wellness+Andelarre%2BFrance/,
https://www.google.com/maps/search/etablissement+wellness+Andelarrot%2BFrance/,
https://www.google.com/maps/search/etablissement+wellness+Andelat%2BFrance/,
https://www.google.com/maps/search/etablissement+wellness+Andelnans%2BFrance/,
https://www.google.com/maps/search/etablissement+wellness+Andelot-Blancheville%2BFrance/,
https://www.google.com/maps/search/etablissement+wellness+Andelot-en-Montagne%2BFrance/,
https://www.google.com/maps/search/etablissement+wellness+Andelot-Morval%2BFrance/,
https://www.google.com/maps/search/etablissement+wellness+Andelu%2BFrance/,
https://www.google.com/maps/search/etablissement+wellness+Les Andelys%2BFrance/,
https://www.google.com/maps/search/etablissement+wellness+Andernay%2BFrance/,
https://www.google.com/maps/search/etablissement+wellness+Andernos-les-Bains%2BFrance/,
https://www.google.com/maps/search/etablissement+wellness+Anderny%2BFrance/,
https://www.google.com/maps/search/etablissement+wellness+Andert-et-Condon%2BFrance/,
https://www.google.com/maps/search/etablissement+wellness+Andeville%2BFrance/,
https://www.google.com/maps/search/etablissement+wellness+Andillac%2BFrance/,
https://www.google.com/maps/search/etablissement+wellness+Andilly%2BFrance/,
https://www.google.com/maps/search/etablissement+wellness+Andilly%2BFrance/,
https://www.google.com/maps/search/etablissement+wellness+Andilly%2BFrance/,
https://www.google.com/maps/search/etablissement+wellness+Andilly%2BFrance/,
https://www.google.com/maps/search/etablissement+wellness+Andilly-en-Bassigny%2BFrance/,
https://www.google.com/maps/search/etablissement+wellness+Andiran%2BFrance/,
https://www.google.com/maps/search/etablissement+wellness+Andlau%2BFrance/,
https://www.google.com/maps/search/etablissement+wellness+Andoins%2BFrance/,
https://www.google.com/maps/search/etablissement+wellness+Andolsheim%2BFrance/,
https://www.google.com/maps/search/etablissement+wellness+Andon%2BFrance/,
https://www.google.com/maps/search/etablissement+wellness+Andonville%2BFrance/,
https://www.google.com/maps/search/etablissement+wellness+Andornay%2BFrance/,
https://www.google.com/maps/search/etablissement+wellness+Andouillé%2BFrance/,
https://www.google.com/maps/search/etablissement+wellness+Andouillé-Neuville%2BFrance/,
https://www.google.com/maps/search/etablissement+wellness+Andouque%2BFrance/,
https://www.google.com/maps/search/etablissement+wellness+Andrein%2BFrance/,
https://www.google.com/maps/search/etablissement+wellness+Andres%2BFrance/,
https://www.google.com/maps/search/etablissement+wellness+Andrest%2BFrance/,
https://www.google.com/maps/search/etablissement+wellness+Andrésy%2BFrance/,
https://www.google.com/maps/search/etablissement+wellness+Andrezel%2BFrance/,
https://www.google.com/maps/search/etablissement+wellness+Andrézieux-Bouthéon%2BFrance/,
https://www.google.com/maps/search/etablissement+wellness+Andryes%2BFrance/,
https://www.google.com/maps/search/etablissement+wellness+Anduze%2BFrance/,
https://www.google.com/maps/search/etablissement+wellness+Anères%2BFrance/,
https://www.google.com/maps/search/etablissement+wellness+Anet%2BFrance/,
https://www.google.com/maps/search/etablissement+wellness+Angaïs%2BFrance/,
https://www.google.com/maps/search/etablissement+wellness+Angé%2BFrance/,
https://www.google.com/maps/search/etablissement+wellness+Angeac-Champagne%2BFrance/,
https://www.google.com/maps/search/etablissement+wellness+Angeac-Charente%2BFrance/,
https://www.google.com/maps/search/etablissement+wellness+Angecourt%2BFrance/,
https://www.google.com/maps/search/etablissement+wellness+Angeduc%2BFrance/,
https://www.google.com/maps/search/etablissement+wellness+Angely%2BFrance/,
https://www.google.com/maps/search/etablissement+wellness+Angeot%2BFrance/,
https://www.google.com/maps/search/etablissement+wellness+Angers%2BFrance/,
https://www.google.com/maps/search/etablissement+wellness+Angerville%2BFrance/,
https://www.google.com/maps/search/etablissement+wellness+Angerville%2BFrance/,
https://www.google.com/maps/search/etablissement+wellness+Angerville-Bailleul%2BFrance/,
https://www.google.com/maps/search/etablissement+wellness+Angerville-l'Orcher%2BFrance/,
https://www.google.com/maps/search/etablissement+wellness+Angerville-la-Campagne%2BFrance/,
https://www.google.com/maps/search/etablissement+wellness+Angerville-la-Martel%2BFrance/,
https://www.google.com/maps/search/etablissement+wellness+Angervilliers%2BFrance/,
https://www.google.com/maps/search/etablissement+wellness+Angeville%2BFrance/,
https://www.google.com/maps/search/etablissement+wellness+Angevillers%2BFrance/,
https://www.google.com/maps/search/etablissement+wellness+Angicourt%2BFrance/,
https://www.google.com/maps/search/etablissement+wellness+Angiens%2BFrance/,
https://www.google.com/maps/search/etablissement+wellness+Angirey%2BFrance/,
https://www.google.com/maps/search/etablissement+wellness+Angivillers%2BFrance/,
https://www.google.com/maps/search/etablissement+wellness+Anglade%2BFrance/,
https://www.google.com/maps/search/etablissement+wellness+Anglards-de-Saint-Flour%2BFrance/,
https://www.google.com/maps/search/etablissement+wellness+Anglards-de-Salers%2BFrance/,
https://www.google.com/maps/search/etablissement+wellness+Anglars%2BFrance/,
https://www.google.com/maps/search/etablissement+wellness+Anglars-Juillac%2BFrance/,
https://www.google.com/maps/search/etablissement+wellness+Anglars-Nozac%2BFrance/,
https://www.google.com/maps/search/etablissement+wellness+Anglars-Saint-Félix%2BFrance/,
https://www.google.com/maps/search/etablissement+wellness+Anglefort%2BFrance/,
https://www.google.com/maps/search/etablissement+wellness+Anglemont%2BFrance/,
https://www.google.com/maps/search/etablissement+wellness+Angles%2BFrance/,
https://www.google.com/maps/search/etablissement+wellness+Les Angles%2BFrance/,
https://www.google.com/maps/search/etablissement+wellness+Les Angles%2BFrance/,
https://www.google.com/maps/search/etablissement+wellness+Les Angles%2BFrance/,
https://www.google.com/maps/search/etablissement+wellness+Angles%2BFrance/,
https://www.google.com/maps/search/etablissement+wellness+Anglès%2BFrance/,
https://www.google.com/maps/search/etablissement+wellness+Les Angles-sur-Corrèze%2BFrance/,
https://www.google.com/maps/search/etablissement+wellness+Angles-sur-l'Anglin%2BFrance/,
https://www.google.com/maps/search/etablissement+wellness+Anglesqueville-l'Esneval%2BFrance/,
https://www.google.com/maps/search/etablissement+wellness+Anglesqueville-la-Bras-Long%2BFrance/,
https://www.google.com/maps/search/etablissement+wellness+Anglet%2BFrance/,
https://www.google.com/maps/search/etablissement+wellness+Angliers%2BFrance/,
https://www.google.com/maps/search/etablissement+wellness+Angliers%2BFrance/,
https://www.google.com/maps/search/etablissement+wellness+Anglure%2BFrance/,
https://www.google.com/maps/search/etablissement+wellness+Anglure-sous-Dun%2BFrance/,
https://www.google.com/maps/search/etablissement+wellness+Angluzelles-et-Courcelles%2BFrance/,
https://www.google.com/maps/search/etablissement+wellness+Angoisse%2BFrance/,
https://www.google.com/maps/search/etablissement+wellness+Angomont%2BFrance/,
https://www.google.com/maps/search/etablissement+wellness+Angos%2BFrance/,
https://www.google.com/maps/search/etablissement+wellness+Angoulême%2BFrance/,
https://www.google.com/maps/search/etablissement+wellness+Angoulins%2BFrance/,
https://www.google.com/maps/search/etablissement+wellness+Angoumé%2BFrance/,
https://www.google.com/maps/search/etablissement+wellness+Angous%2BFrance/,
https://www.google.com/maps/search/etablissement+wellness+Angoustrine-Villeneuve-des-Escaldes%2BFrance/,
https://www.google.com/maps/search/etablissement+wellness+Angoville%2BFrance/,
https://www.google.com/maps/search/etablissement+wellness+Angres%2BFrance/,
https://www.google.com/maps/search/etablissement+wellness+Angresse%2BFrance/,
https://www.google.com/maps/search/etablissement+wellness+Angrie%2BFrance/,
https://www.google.com/maps/search/etablissement+wellness+Anguilcourt-le-Sart%2BFrance/,
https://www.google.com/maps/search/etablissement+wellness+Angy%2BFrance/,
https://www.google.com/maps/search/etablissement+wellness+Anhaux%2BFrance/,
https://www.google.com/maps/search/etablissement+wellness+Anhiers%2BFrance/,
https://www.google.com/maps/search/etablissement+wellness+Aniane%2BFrance/,
https://www.google.com/maps/search/etablissement+wellness+Aniche%2BFrance/,
https://www.google.com/maps/search/etablissement+wellness+Anisy%2BFrance/,
https://www.google.com/maps/search/etablissement+wellness+Anizy-le-Château%2BFrance/,
https://www.google.com/maps/search/etablissement+wellness+Anjeux%2BFrance/,
https://www.google.com/maps/search/etablissement+wellness+Anjou%2BFrance/,
https://www.google.com/maps/search/etablissement+wellness+Anjouin%2BFrance/,
https://www.google.com/maps/search/etablissement+wellness+Anjoutey%2BFrance/,
https://www.google.com/maps/search/etablissement+wellness+Anla%2BFrance/,
https://www.google.com/maps/search/etablissement+wellness+Anlezy%2BFrance/,
https://www.google.com/maps/search/etablissement+wellness+Anlhiac%2BFrance/,
https://www.google.com/maps/search/etablissement+wellness+Annay%2BFrance/,
https://www.google.com/maps/search/etablissement+wellness+Annay%2BFrance/,
https://www.google.com/maps/search/etablissement+wellness+Annay-la-Côte%2BFrance/,
https://www.google.com/maps/search/etablissement+wellness+Annay-sur-Serein%2BFrance/,
https://www.google.com/maps/search/etablissement+wellness+Annebault%2BFrance/,
https://www.google.com/maps/search/etablissement+wellness+Annecy%2BFrance/,
https://www.google.com/maps/search/etablissement+wellness+Annecy-le-Vieux%2BFrance/,
https://www.google.com/maps/search/etablissement+wellness+Annelles%2BFrance/,
https://www.google.com/maps/search/etablissement+wellness+Annemasse%2BFrance/,
https://www.google.com/maps/search/etablissement+wellness+Annéot%2BFrance/,
https://www.google.com/maps/search/etablissement+wellness+Annepont%2BFrance/,
https://www.google.com/maps/search/etablissement+wellness+Annequin%2BFrance/,
https://www.google.com/maps/search/etablissement+wellness+Annesse-et-Beaulieu%2BFrance/,
https://www.google.com/maps/search/etablissement+wellness+Annet-sur-Marne%2BFrance/,
https://www.google.com/maps/search/etablissement+wellness+Anneux%2BFrance/,
https://www.google.com/maps/search/etablissement+wellness+Anneville-Ambourville%2BFrance/,
https://www.google.com/maps/search/etablissement+wellness+Anneville-en-Saire%2BFrance/,
https://www.google.com/maps/search/etablissement+wellness+Annéville-la-Prairie%2BFrance/,
https://www.google.com/maps/search/etablissement+wellness+Anneville-sur-Mer%2BFrance/,
https://www.google.com/maps/search/etablissement+wellness+Anneville-sur-Scie%2BFrance/,
https://www.google.com/maps/search/etablissement+wellness+Anneyron%2BFrance/,
https://www.google.com/maps/search/etablissement+wellness+Annezay%2BFrance/,
https://www.google.com/maps/search/etablissement+wellness+Annezin%2BFrance/,
https://www.google.com/maps/search/etablissement+wellness+Annœullin%2BFrance/,
https://www.google.com/maps/search/etablissement+wellness+Annoire%2BFrance/,
https://www.google.com/maps/search/etablissement+wellness+Annois%2BFrance/,
https://www.google.com/maps/search/etablissement+wellness+Annoisin-Chatelans%2BFrance/,
https://www.google.com/maps/search/etablissement+wellness+Annoix%2BFrance/,
https://www.google.com/maps/search/etablissement+wellness+Annonay%2BFrance/,
https://www.google.com/maps/search/etablissement+wellness+Annonville%2BFrance/,
https://www.google.com/maps/search/etablissement+wellness+Annot%2BFrance/,
https://www.google.com/maps/search/etablissement+wellness+Annouville-Vilmesnil%2BFrance/,
https://www.google.com/maps/search/etablissement+wellness+Annoux%2BFrance/,
https://www.google.com/maps/search/etablissement+wellness+Annoville%2BFrance/,
https://www.google.com/maps/search/etablissement+wellness+Anor%2BFrance/,
https://www.google.com/maps/search/etablissement+wellness+Anos%2BFrance/,
https://www.google.com/maps/search/etablissement+wellness+Anost%2BFrance/,
https://www.google.com/maps/search/etablissement+wellness+Anould%2BFrance/,
https://www.google.com/maps/search/etablissement+wellness+Anoux%2BFrance/,
https://www.google.com/maps/search/etablissement+wellness+Anoye%2BFrance/,
https://www.google.com/maps/search/etablissement+wellness+Anquetierville%2BFrance/,
https://www.google.com/maps/search/etablissement+wellness+Anrosey%2BFrance/,
https://www.google.com/maps/search/etablissement+wellness+Ansac-sur-Vienne%2BFrance/,
https://www.google.com/maps/search/etablissement+wellness+Ansacq%2BFrance/,
https://www.google.com/maps/search/etablissement+wellness+Ansan%2BFrance/,
https://www.google.com/maps/search/etablissement+wellness+Ansauville%2BFrance/,
https://www.google.com/maps/search/etablissement+wellness+Ansauvillers%2BFrance/,
https://www.google.com/maps/search/etablissement+wellness+Anse%2BFrance/,
https://www.google.com/maps/search/etablissement+wellness+Anse-Bertrand%2BFrance/,
https://www.google.com/maps/search/etablissement+wellness+Les Anses-d'Arlet%2BFrance/,
https://www.google.com/maps/search/etablissement+wellness+Ansignan%2BFrance/,
https://www.google.com/maps/search/etablissement+wellness+Ansost%2BFrance/,
https://www.google.com/maps/search/etablissement+wellness+Ansouis%2BFrance/,
https://www.google.com/maps/search/etablissement+wellness+Anstaing%2BFrance/,
https://www.google.com/maps/search/etablissement+wellness+Antagnac%2BFrance/,
https://www.google.com/maps/search/etablissement+wellness+Anterrieux%2BFrance/,
https://www.google.com/maps/search/etablissement+wellness+Anteuil%2BFrance/,
https://www.google.com/maps/search/etablissement+wellness+Antezant-la-Chapelle%2BFrance/,
https://www.google.com/maps/search/etablissement+wellness+Anthé%2BFrance/,
https://www.google.com/maps/search/etablissement+wellness+Anthelupt%2BFrance/,
https://www.google.com/maps/search/etablissement+wellness+Anthenay%2BFrance/,
https://www.google.com/maps/search/etablissement+wellness+Antheny%2BFrance/,
https://www.google.com/maps/search/etablissement+wellness+Antheuil%2BFrance/,
https://www.google.com/maps/search/etablissement+wellness+Antheuil-Portes%2BFrance/,
https://www.google.com/maps/search/etablissement+wellness+Anthien%2BFrance/,
https://www.google.com/maps/search/etablissement+wellness+Anthon%2BFrance/,
https://www.google.com/maps/search/etablissement+wellness+Anthy-sur-Léman%2BFrance/,
https://www.google.com/maps/search/etablissement+wellness+Antibes%2BFrance/,
https://www.google.com/maps/search/etablissement+wellness+Antichan%2BFrance/,
https://www.google.com/maps/search/etablissement+wellness+Antichan-de-Frontignes%2BFrance/,
https://www.google.com/maps/search/etablissement+wellness+Antignac%2BFrance/,
https://www.google.com/maps/search/etablissement+wellness+Antignac%2BFrance/,
https://www.google.com/maps/search/etablissement+wellness+Antigny%2BFrance/,
https://www.google.com/maps/search/etablissement+wellness+Antigny%2BFrance/,
https://www.google.com/maps/search/etablissement+wellness+Antigny-la-Ville%2BFrance/,
https://www.google.com/maps/search/etablissement+wellness+Antilly%2BFrance/,
https://www.google.com/maps/search/etablissement+wellness+Antilly%2BFrance/,
https://www.google.com/maps/search/etablissement+wellness+Antin%2BFrance/,
https://www.google.com/maps/search/etablissement+wellness+Antisanti%2BFrance/,
https://www.google.com/maps/search/etablissement+wellness+Antist%2BFrance/,
https://www.google.com/maps/search/etablissement+wellness+Antogny-le-Tillac%2BFrance/,
https://www.google.com/maps/search/etablissement+wellness+Antoigné%2BFrance/,
https://www.google.com/maps/search/etablissement+wellness+Antoingt%2BFrance/,
https://www.google.com/maps/search/etablissement+wellness+Antonne-et-Trigonant%2BFrance/,
https://www.google.com/maps/search/etablissement+wellness+Antony%2BFrance/,
https://www.google.com/maps/search/etablissement+wellness+Antraigues-sur-Volane%2BFrance/,
https://www.google.com/maps/search/etablissement+wellness+Antrain%2BFrance/,
https://www.google.com/maps/search/etablissement+wellness+Antran%2BFrance/,
https://www.google.com/maps/search/etablissement+wellness+Antras%2BFrance/,
https://www.google.com/maps/search/etablissement+wellness+Antras%2BFrance/,
https://www.google.com/maps/search/etablissement+wellness+Antrenas%2BFrance/,
https://www.google.com/maps/search/etablissement+wellness+Antugnac%2BFrance/,
https://www.google.com/maps/search/etablissement+wellness+Antully%2BFrance/,
https://www.google.com/maps/search/etablissement+wellness+Anvéville%2BFrance/,
https://www.google.com/maps/search/etablissement+wellness+Anville%2BFrance/,
https://www.google.com/maps/search/etablissement+wellness+Anvin%2BFrance/,
https://www.google.com/maps/search/etablissement+wellness+Any-Martin-Rieux%2BFrance/,
https://www.google.com/maps/search/etablissement+wellness+Anzat-le-Luguet%2BFrance/,
https://www.google.com/maps/search/etablissement+wellness+Anzeling%2BFrance/,
https://www.google.com/maps/search/etablissement+wellness+Anzême%2BFrance/,
https://www.google.com/maps/search/etablissement+wellness+Anzex%2BFrance/,
https://www.google.com/maps/search/etablissement+wellness+Anzin%2BFrance/,
https://www.google.com/maps/search/etablissement+wellness+Anzin-Saint-Aubin%2BFrance/,
https://www.google.com/maps/search/etablissement+wellness+Anzy-le-Duc%2BFrance/,
https://www.google.com/maps/search/etablissement+wellness+Aoste%2BFrance/,
https://www.google.com/maps/search/etablissement+wellness+Aougny%2BFrance/,
https://www.google.com/maps/search/etablissement+wellness+Aouste%2BFrance/,
https://www.google.com/maps/search/etablissement+wellness+Aouste-sur-Sye%2BFrance/,
https://www.google.com/maps/search/etablissement+wellness+Aouze%2BFrance/,
https://www.google.com/maps/search/etablissement+wellness+Apach%2BFrance/,
https://www.google.com/maps/search/etablissement+wellness+Apatou%2BFrance/,
https://www.google.com/maps/search/etablissement+wellness+Apchat%2BFrance/,
https://www.google.com/maps/search/etablissement+wellness+Apchon%2BFrance/,
https://www.google.com/maps/search/etablissement+wellness+Apinac%2BFrance/,
https://www.google.com/maps/search/etablissement+wellness+Appelle%2BFrance/,
https://www.google.com/maps/search/etablissement+wellness+Appenai-sous-Bellême%2BFrance/,
https://www.google.com/maps/search/etablissement+wellness+Appenans%2BFrance/,
https://www.google.com/maps/search/etablissement+wellness+Appenwihr%2BFrance/,
https://www.google.com/maps/search/etablissement+wellness+Appeville%2BFrance/,
https://www.google.com/maps/search/etablissement+wellness+Appeville-Annebault%2BFrance/,
https://www.google.com/maps/search/etablissement+wellness+Appietto%2BFrance/,
https://www.google.com/maps/search/etablissement+wellness+Appilly%2BFrance/,
https://www.google.com/maps/search/etablissement+wellness+Appoigny%2BFrance/,
https://www.google.com/maps/search/etablissement+wellness+Apprieu%2BFrance/,
https://www.google.com/maps/search/etablissement+wellness+Appy%2BFrance/,
https://www.google.com/maps/search/etablissement+wellness+Apremont%2BFrance/,
https://www.google.com/maps/search/etablissement+wellness+Apremont%2BFrance/,
https://www.google.com/maps/search/etablissement+wellness+Apremont%2BFrance/,
https://www.google.com/maps/search/etablissement+wellness+Apremont%2BFrance/,
https://www.google.com/maps/search/etablissement+wellness+Apremont%2BFrance/,
https://www.google.com/maps/search/etablissement+wellness+Apremont%2BFrance/,
https://www.google.com/maps/search/etablissement+wellness+Apremont-la-Forêt%2BFrance/,
https://www.google.com/maps/search/etablissement+wellness+Apremont-sur-Allier%2BFrance/,
https://www.google.com/maps/search/etablissement+wellness+Aprey%2BFrance/,
https://www.google.com/maps/search/etablissement+wellness+Apt%2BFrance/,
https://www.google.com/maps/search/etablissement+wellness+Arabaux%2BFrance/,
https://www.google.com/maps/search/etablissement+wellness+Arâches-la-Frasse%2BFrance/,
https://www.google.com/maps/search/etablissement+wellness+Aragnouet%2BFrance/,
https://www.google.com/maps/search/etablissement+wellness+Aragon%2BFrance/,
https://www.google.com/maps/search/etablissement+wellness+Aramits%2BFrance/,
https://www.google.com/maps/search/etablissement+wellness+Aramon%2BFrance/,
https://www.google.com/maps/search/etablissement+wellness+Aranc%2BFrance/,
https://www.google.com/maps/search/etablissement+wellness+Arancou%2BFrance/,
https://www.google.com/maps/search/etablissement+wellness+Arandas%2BFrance/,
https://www.google.com/maps/search/etablissement+wellness+Arandon%2BFrance/,
https://www.google.com/maps/search/etablissement+wellness+Arandon-Passins%2BFrance/,
https://www.google.com/maps/search/etablissement+wellness+Araujuzon%2BFrance/,
https://www.google.com/maps/search/etablissement+wellness+Araules%2BFrance/,
https://www.google.com/maps/search/etablissement+wellness+Araux%2BFrance/,
https://www.google.com/maps/search/etablissement+wellness+Arbanats%2BFrance/,
https://www.google.com/maps/search/etablissement+wellness+Arbas%2BFrance/,
https://www.google.com/maps/search/etablissement+wellness+Arbecey%2BFrance/,
https://www.google.com/maps/search/etablissement+wellness+Arbellara%2BFrance/,
https://www.google.com/maps/search/etablissement+wellness+Arbent%2BFrance/,
https://www.google.com/maps/search/etablissement+wellness+Arbéost%2BFrance/,
https://www.google.com/maps/search/etablissement+wellness+Arbérats-Sillègue%2BFrance/,
https://www.google.com/maps/search/etablissement+wellness+Arbigny%2BFrance/,
https://www.google.com/maps/search/etablissement+wellness+Arbigny-sous-Varennes%2BFrance/,
https://www.google.com/maps/search/etablissement+wellness+Arbin%2BFrance/,
https://www.google.com/maps/search/etablissement+wellness+Arbis%2BFrance/,
https://www.google.com/maps/search/etablissement+wellness+Arblade-le-Bas%2BFrance/,
https://www.google.com/maps/search/etablissement+wellness+Arblade-le-Haut%2BFrance/,
https://www.google.com/maps/search/etablissement+wellness+Arbois%2BFrance/,
https://www.google.com/maps/search/etablissement+wellness+Arbon%2BFrance/,
https://www.google.com/maps/search/etablissement+wellness+Arbonne%2BFrance/,
https://www.google.com/maps/search/etablissement+wellness+Arbonne-la-Forêt%2BFrance/,
https://www.google.com/maps/search/etablissement+wellness+Arboras%2BFrance/,
https://www.google.com/maps/search/etablissement+wellness+Arbori%2BFrance/,
https://www.google.com/maps/search/etablissement+wellness+Arbot%2BFrance/,
https://www.google.com/maps/search/etablissement+wellness+Arbouans%2BFrance/,
https://www.google.com/maps/search/etablissement+wellness+Arboucave%2BFrance/,
https://www.google.com/maps/search/etablissement+wellness+Arbouet-Sussaute%2BFrance/,
https://www.google.com/maps/search/etablissement+wellness+Arbourse%2BFrance/,
https://www.google.com/maps/search/etablissement+wellness+Arboussols%2BFrance/,
https://www.google.com/maps/search/etablissement+wellness+Arboys en Bugey%2BFrance/,
https://www.google.com/maps/search/etablissement+wellness+L'Arbresle%2BFrance/,
https://www.google.com/maps/search/etablissement+wellness+Arbrissel%2BFrance/,
https://www.google.com/maps/search/etablissement+wellness+Arbus%2BFrance/,
https://www.google.com/maps/search/etablissement+wellness+Arbusigny%2BFrance/,
https://www.google.com/maps/search/etablissement+wellness+Arc-en-Barrois%2BFrance/,
https://www.google.com/maps/search/etablissement+wellness+Arc-et-Senans%2BFrance/,
https://www.google.com/maps/search/etablissement+wellness+Arc-lès-Gray%2BFrance/,
https://www.google.com/maps/search/etablissement+wellness+Arc-sous-Cicon%2BFrance/,
https://www.google.com/maps/search/etablissement+wellness+Arc-sous-Montenot%2BFrance/,
https://www.google.com/maps/search/etablissement+wellness+Arc-sur-Tille%2BFrance/,
https://www.google.com/maps/search/etablissement+wellness+Arcachon%2BFrance/,
https://www.google.com/maps/search/etablissement+wellness+Arçais%2BFrance/,
https://www.google.com/maps/search/etablissement+wellness+Arcambal%2BFrance/,
https://www.google.com/maps/search/etablissement+wellness+Arcangues%2BFrance/,
https://www.google.com/maps/search/etablissement+wellness+Arçay%2BFrance/,
https://www.google.com/maps/search/etablissement+wellness+Arçay%2BFrance/,
https://www.google.com/maps/search/etablissement+wellness+Arceau%2BFrance/,
https://www.google.com/maps/search/etablissement+wellness+Arcenant%2BFrance/,
https://www.google.com/maps/search/etablissement+wellness+Arcens%2BFrance/,
https://www.google.com/maps/search/etablissement+wellness+Arces%2BFrance/,
https://www.google.com/maps/search/etablissement+wellness+Arces-Dilo%2BFrance/,
https://www.google.com/maps/search/etablissement+wellness+Arcey%2BFrance/,
https://www.google.com/maps/search/etablissement+wellness+Arcey%2BFrance/,
https://www.google.com/maps/search/etablissement+wellness+Archail%2BFrance/,
https://www.google.com/maps/search/etablissement+wellness+Archamps%2BFrance/,
https://www.google.com/maps/search/etablissement+wellness+Archelange%2BFrance/,
https://www.google.com/maps/search/etablissement+wellness+Arches%2BFrance/,
https://www.google.com/maps/search/etablissement+wellness+Arches%2BFrance/,
https://www.google.com/maps/search/etablissement+wellness+Archettes%2BFrance/,
https://www.google.com/maps/search/etablissement+wellness+Archiac%2BFrance/,
https://www.google.com/maps/search/etablissement+wellness+Archignac%2BFrance/,
https://www.google.com/maps/search/etablissement+wellness+Archignat%2BFrance/,
https://www.google.com/maps/search/etablissement+wellness+Archigny%2BFrance/,
https://www.google.com/maps/search/etablissement+wellness+Archingeay%2BFrance/,
https://www.google.com/maps/search/etablissement+wellness+Archon%2BFrance/,
https://www.google.com/maps/search/etablissement+wellness+Arcinges%2BFrance/,
https://www.google.com/maps/search/etablissement+wellness+Arcins%2BFrance/,
https://www.google.com/maps/search/etablissement+wellness+Arcis-le-Ponsart%2BFrance/,
https://www.google.com/maps/search/etablissement+wellness+Arcis-sur-Aube%2BFrance/,
https://www.google.com/maps/search/etablissement+wellness+Arcizac-Adour%2BFrance/,
https://www.google.com/maps/search/etablissement+wellness+Arcizac-ez-Angles%2BFrance/,
https://www.google.com/maps/search/etablissement+wellness+Arcizans-Avant%2BFrance/,
https://www.google.com/maps/search/etablissement+wellness+Arcizans-Dessus%2BFrance/,
https://www.google.com/maps/search/etablissement+wellness+Arcomps%2BFrance/,
https://www.google.com/maps/search/etablissement+wellness+Arcon%2BFrance/,
https://www.google.com/maps/search/etablissement+wellness+Arçon%2BFrance/,
https://www.google.com/maps/search/etablissement+wellness+Arconcey%2BFrance/,
https://www.google.com/maps/search/etablissement+wellness+Arçonnay%2BFrance/,
https://www.google.com/maps/search/etablissement+wellness+Arconsat%2BFrance/,
https://www.google.com/maps/search/etablissement+wellness+Arconville%2BFrance/,
https://www.google.com/maps/search/etablissement+wellness+Les Arcs%2BFrance/,
https://www.google.com/maps/search/etablissement+wellness+Arcueil%2BFrance/,
https://www.google.com/maps/search/etablissement+wellness+Arcy-Sainte-Restitue%2BFrance/,
https://www.google.com/maps/search/etablissement+wellness+Arcy-sur-Cure%2BFrance/,
https://www.google.com/maps/search/etablissement+wellness+Ardelles%2BFrance/,
https://www.google.com/maps/search/etablissement+wellness+Ardelu%2BFrance/,
https://www.google.com/maps/search/etablissement+wellness+Ardenais%2BFrance/,
https://www.google.com/maps/search/etablissement+wellness+Ardenay-sur-Mérize%2BFrance/,
https://www.google.com/maps/search/etablissement+wellness+Ardengost%2BFrance/,
https://www.google.com/maps/search/etablissement+wellness+Ardentes%2BFrance/,
https://www.google.com/maps/search/etablissement+wellness+Ardes%2BFrance/,
https://www.google.com/maps/search/etablissement+wellness+Ardeuil-et-Montfauxelles%2BFrance/,
https://www.google.com/maps/search/etablissement+wellness+Ardiège%2BFrance/,
https://www.google.com/maps/search/etablissement+wellness+Les Ardillats%2BFrance/,
https://www.google.com/maps/search/etablissement+wellness+Ardilleux%2BFrance/,
https://www.google.com/maps/search/etablissement+wellness+Ardillières%2BFrance/,
https://www.google.com/maps/search/etablissement+wellness+Ardin%2BFrance/,
https://www.google.com/maps/search/etablissement+wellness+Ardizas%2BFrance/,
https://www.google.com/maps/search/etablissement+wellness+Ardoix%2BFrance/,
https://www.google.com/maps/search/etablissement+wellness+Ardon%2BFrance/,
https://www.google.com/maps/search/etablissement+wellness+Ardon%2BFrance/,
https://www.google.com/maps/search/etablissement+wellness+Ardouval%2BFrance/,
https://www.google.com/maps/search/etablissement+wellness+Ardres%2BFrance/,
https://www.google.com/maps/search/etablissement+wellness+Aregno%2BFrance/,
https://www.google.com/maps/search/etablissement+wellness+Areines%2BFrance/,
https://www.google.com/maps/search/etablissement+wellness+Arelaune-en-Seine%2BFrance/,
https://www.google.com/maps/search/etablissement+wellness+Aren%2BFrance/,
https://www.google.com/maps/search/etablissement+wellness+Arengosse%2BFrance/,
https://www.google.com/maps/search/etablissement+wellness+Arenthon%2BFrance/,
https://www.google.com/maps/search/etablissement+wellness+Arès%2BFrance/,
https://www.google.com/maps/search/etablissement+wellness+Aresches%2BFrance/,
https://www.google.com/maps/search/etablissement+wellness+Aressy%2BFrance/,
https://www.google.com/maps/search/etablissement+wellness+Arette%2BFrance/,
https://www.google.com/maps/search/etablissement+wellness+Arfeuille-Châtain%2BFrance/,
https://www.google.com/maps/search/etablissement+wellness+Arfeuilles%2BFrance/,
https://www.google.com/maps/search/etablissement+wellness+Arfons%2BFrance/,
https://www.google.com/maps/search/etablissement+wellness+Argagnon%2BFrance/,
https://www.google.com/maps/search/etablissement+wellness+Arganchy%2BFrance/,
https://www.google.com/maps/search/etablissement+wellness+Argançon%2BFrance/,
https://www.google.com/maps/search/etablissement+wellness+Argancy%2BFrance/,
https://www.google.com/maps/search/etablissement+wellness+Argein%2BFrance/,
https://www.google.com/maps/search/etablissement+wellness+Argelès-Bagnères%2BFrance/,
https://www.google.com/maps/search/etablissement+wellness+Argelès-Gazost%2BFrance/,
https://www.google.com/maps/search/etablissement+wellness+Argelès-sur-Mer%2BFrance/,
https://www.google.com/maps/search/etablissement+wellness+Argeliers%2BFrance/,
https://www.google.com/maps/search/etablissement+wellness+Argelliers%2BFrance/,
https://www.google.com/maps/search/etablissement+wellness+Argelos%2BFrance/,
https://www.google.com/maps/search/etablissement+wellness+Argelos%2BFrance/,
https://www.google.com/maps/search/etablissement+wellness+Argelouse%2BFrance/,
https://www.google.com/maps/search/etablissement+wellness+Argences%2BFrance/,
https://www.google.com/maps/search/etablissement+wellness+Argences en Aubrac%2BFrance/,
https://www.google.com/maps/search/etablissement+wellness+Argens-Minervois%2BFrance/,
https://www.google.com/maps/search/etablissement+wellness+Argent-sur-Sauldre%2BFrance/,
https://www.google.com/maps/search/etablissement+wellness+Argentan%2BFrance/,
https://www.google.com/maps/search/etablissement+wellness+Argentat-sur-Dordogne%2BFrance/,
https://www.google.com/maps/search/etablissement+wellness+Argentenay%2BFrance/,
https://www.google.com/maps/search/etablissement+wellness+Argenteuil%2BFrance/,
https://www.google.com/maps/search/etablissement+wellness+Argenteuil-sur-Armançon%2BFrance/,
https://www.google.com/maps/search/etablissement+wellness+L'Argentière-la-Bessée%2BFrance/,
https://www.google.com/maps/search/etablissement+wellness+Argentières%2BFrance/,
https://www.google.com/maps/search/etablissement+wellness+Argentine%2BFrance/,
https://www.google.com/maps/search/etablissement+wellness+Argenton%2BFrance/,
https://www.google.com/maps/search/etablissement+wellness+Argenton-l'Église%2BFrance/,
https://www.google.com/maps/search/etablissement+wellness+Argenton-Notre-Dame%2BFrance/,
https://www.google.com/maps/search/etablissement+wellness+Argenton-sur-Creuse%2BFrance/,
https://www.google.com/maps/search/etablissement+wellness+Argentonnay%2BFrance/,
https://www.google.com/maps/search/etablissement+wellness+Argentré%2BFrance/,
https://www.google.com/maps/search/etablissement+wellness+Argentré-du-Plessis%2BFrance/,
https://www.google.com/maps/search/etablissement+wellness+Argenvières%2BFrance/,
https://www.google.com/maps/search/etablissement+wellness+Argenvilliers%2BFrance/,
https://www.google.com/maps/search/etablissement+wellness+Argers%2BFrance/,
https://www.google.com/maps/search/etablissement+wellness+Arget%2BFrance/,
https://www.google.com/maps/search/etablissement+wellness+Argiésans%2BFrance/,
https://www.google.com/maps/search/etablissement+wellness+Argillières%2BFrance/,
https://www.google.com/maps/search/etablissement+wellness+Argilliers%2BFrance/,
https://www.google.com/maps/search/etablissement+wellness+Argilly%2BFrance/,
https://www.google.com/maps/search/etablissement+wellness+Argis%2BFrance/,
https://www.google.com/maps/search/etablissement+wellness+Argiusta-Moriccio%2BFrance/,
https://www.google.com/maps/search/etablissement+wellness+Argœuves%2BFrance/,
https://www.google.com/maps/search/etablissement+wellness+Argol%2BFrance/,
https://www.google.com/maps/search/etablissement+wellness+Argonay%2BFrance/,
https://www.google.com/maps/search/etablissement+wellness+Argouges%2BFrance/,
https://www.google.com/maps/search/etablissement+wellness+Argoules%2BFrance/,
https://www.google.com/maps/search/etablissement+wellness+Argueil%2BFrance/,
https://www.google.com/maps/search/etablissement+wellness+Arguel%2BFrance/,
https://www.google.com/maps/search/etablissement+wellness+Arguel%2BFrance/,
https://www.google.com/maps/search/etablissement+wellness+Arguenos%2BFrance/,
https://www.google.com/maps/search/etablissement+wellness+Argut-Dessous%2BFrance/,
https://www.google.com/maps/search/etablissement+wellness+Argy%2BFrance/,
https://www.google.com/maps/search/etablissement+wellness+Arhansus%2BFrance/,
https://www.google.com/maps/search/etablissement+wellness+Aries-Espénan%2BFrance/,
https://www.google.com/maps/search/etablissement+wellness+Arifat%2BFrance/,
https://www.google.com/maps/search/etablissement+wellness+Arignac%2BFrance/,
https://www.google.com/maps/search/etablissement+wellness+Arinthod%2BFrance/,
https://www.google.com/maps/search/etablissement+wellness+Arith%2BFrance/,
https://www.google.com/maps/search/etablissement+wellness+Arjuzanx%2BFrance/,
https://www.google.com/maps/search/etablissement+wellness+Arlanc%2BFrance/,
https://www.google.com/maps/search/etablissement+wellness+Arlay%2BFrance/,
https://www.google.com/maps/search/etablissement+wellness+Arlebosc%2BFrance/,
https://www.google.com/maps/search/etablissement+wellness+Arlempdes%2BFrance/,
https://www.google.com/maps/search/etablissement+wellness+Arles%2BFrance/,
https://www.google.com/maps/search/etablissement+wellness+Arles-sur-Tech%2BFrance/,
https://www.google.com/maps/search/etablissement+wellness+Arlet%2BFrance/,
https://www.google.com/maps/search/etablissement+wellness+Arleuf%2BFrance/,
https://www.google.com/maps/search/etablissement+wellness+Arleux%2BFrance/,
https://www.google.com/maps/search/etablissement+wellness+Arleux-en-Gohelle%2BFrance/,
https://www.google.com/maps/search/etablissement+wellness+Arlos%2BFrance/,
https://www.google.com/maps/search/etablissement+wellness+Armaillé%2BFrance/,
https://www.google.com/maps/search/etablissement+wellness+Armancourt%2BFrance/,
https://www.google.com/maps/search/etablissement+wellness+Armancourt%2BFrance/,
https://www.google.com/maps/search/etablissement+wellness+Armaucourt%2BFrance/,
https://www.google.com/maps/search/etablissement+wellness+Armbouts-Cappel%2BFrance/,
https://www.google.com/maps/search/etablissement+wellness+Armeau%2BFrance/,
https://www.google.com/maps/search/etablissement+wellness+Armendarits%2BFrance/,
https://www.google.com/maps/search/etablissement+wellness+Armentières%2BFrance/,
https://www.google.com/maps/search/etablissement+wellness+Armentières-en-Brie%2BFrance/,
https://www.google.com/maps/search/etablissement+wellness+Armentières-sur-Avre%2BFrance/,
https://www.google.com/maps/search/etablissement+wellness+Armentières-sur-Ourcq%2BFrance/,
https://www.google.com/maps/search/etablissement+wellness+Armentieux%2BFrance/,
https://www.google.com/maps/search/etablissement+wellness+Armes%2BFrance/,
https://www.google.com/maps/search/etablissement+wellness+Armillac%2BFrance/,
https://www.google.com/maps/search/etablissement+wellness+Armissan%2BFrance/,
https://www.google.com/maps/search/etablissement+wellness+Armix%2BFrance/,
https://www.google.com/maps/search/etablissement+wellness+Armous-et-Cau%2BFrance/,
https://www.google.com/maps/search/etablissement+wellness+Armoy%2BFrance/,
https://www.google.com/maps/search/etablissement+wellness+Arnac%2BFrance/,
https://www.google.com/maps/search/etablissement+wellness+Arnac-la-Poste%2BFrance/,
https://www.google.com/maps/search/etablissement+wellness+Arnac-Pompadour%2BFrance/,
https://www.google.com/maps/search/etablissement+wellness+Arnac-sur-Dourdou%2BFrance/,
https://www.google.com/maps/search/etablissement+wellness+Arnage%2BFrance/,
https://www.google.com/maps/search/etablissement+wellness+Arnancourt%2BFrance/,
https://www.google.com/maps/search/etablissement+wellness+Arnas%2BFrance/,
https://www.google.com/maps/search/etablissement+wellness+Arnaud-Guilhem%2BFrance/,
https://www.google.com/maps/search/etablissement+wellness+Arnave%2BFrance/,
https://www.google.com/maps/search/etablissement+wellness+Arnaville%2BFrance/,
https://www.google.com/maps/search/etablissement+wellness+Arnay-le-Duc%2BFrance/,
https://www.google.com/maps/search/etablissement+wellness+Arnay-sous-Vitteaux%2BFrance/,
https://www.google.com/maps/search/etablissement+wellness+Arnayon%2BFrance/,
https://www.google.com/maps/search/etablissement+wellness+Arné%2BFrance/,
https://www.google.com/maps/search/etablissement+wellness+Arnéguy%2BFrance/,
https://www.google.com/maps/search/etablissement+wellness+Arnèke%2BFrance/,
https://www.google.com/maps/search/etablissement+wellness+Arnicourt%2BFrance/,
https://www.google.com/maps/search/etablissement+wellness+Arnières-sur-Iton%2BFrance/,
https://www.google.com/maps/search/etablissement+wellness+Arnos%2BFrance/,
https://www.google.com/maps/search/etablissement+wellness+Arnouville%2BFrance/,
https://www.google.com/maps/search/etablissement+wellness+Arnouville-lès-Mantes%2BFrance/,
https://www.google.com/maps/search/etablissement+wellness+Aroffe%2BFrance/,
https://www.google.com/maps/search/etablissement+wellness+Aromas%2BFrance/,
https://www.google.com/maps/search/etablissement+wellness+Aron%2BFrance/,
https://www.google.com/maps/search/etablissement+wellness+Aroue-Ithorots-Olhaïby%2BFrance/,
https://www.google.com/maps/search/etablissement+wellness+Aroz%2BFrance/,
https://www.google.com/maps/search/etablissement+wellness+Arpaillargues-et-Aureillac%2BFrance/,
https://www.google.com/maps/search/etablissement+wellness+Arpajon%2BFrance/,
https://www.google.com/maps/search/etablissement+wellness+Arpajon-sur-Cère%2BFrance/,
https://www.google.com/maps/search/etablissement+wellness+Arpavon%2BFrance/,
https://www.google.com/maps/search/etablissement+wellness+Arpenans%2BFrance/,
https://www.google.com/maps/search/etablissement+wellness+Arpheuilles%2BFrance/,
https://www.google.com/maps/search/etablissement+wellness+Arpheuilles%2BFrance/,
https://www.google.com/maps/search/etablissement+wellness+Arpheuilles-Saint-Priest%2BFrance/,
https://www.google.com/maps/search/etablissement+wellness+Arphy%2BFrance/,
https://www.google.com/maps/search/etablissement+wellness+Arquenay%2BFrance/,
https://www.google.com/maps/search/etablissement+wellness+Arques%2BFrance/,
https://www.google.com/maps/search/etablissement+wellness+Arques%2BFrance/,
https://www.google.com/maps/search/etablissement+wellness+Les Arques%2BFrance/,
https://www.google.com/maps/search/etablissement+wellness+Arques%2BFrance/,
https://www.google.com/maps/search/etablissement+wellness+Arques-la-Bataille%2BFrance/,
https://www.google.com/maps/search/etablissement+wellness+Arquettes-en-Val%2BFrance/,
https://www.google.com/maps/search/etablissement+wellness+Arquèves%2BFrance/,
https://www.google.com/maps/search/etablissement+wellness+Arquian%2BFrance/,
https://www.google.com/maps/search/etablissement+wellness+Arracourt%2BFrance/,
https://www.google.com/maps/search/etablissement+wellness+Arradon%2BFrance/,
https://www.google.com/maps/search/etablissement+wellness+Arraincourt%2BFrance/,
https://www.google.com/maps/search/etablissement+wellness+Arrancourt%2BFrance/,
https://www.google.com/maps/search/etablissement+wellness+Arrancy%2BFrance/,
https://www.google.com/maps/search/etablissement+wellness+Arrancy-sur-Crusne%2BFrance/,
https://www.google.com/maps/search/etablissement+wellness+Arrans%2BFrance/,
https://www.google.com/maps/search/etablissement+wellness+Arras%2BFrance/,
https://www.google.com/maps/search/etablissement+wellness+Arras-en-Lavedan%2BFrance/,
https://www.google.com/maps/search/etablissement+wellness+Arras-sur-Rhône%2BFrance/,
https://www.google.com/maps/search/etablissement+wellness+Arrast-Larrebieu%2BFrance/,
https://www.google.com/maps/search/etablissement+wellness+Arraute-Charritte%2BFrance/,
https://www.google.com/maps/search/etablissement+wellness+Arraye-et-Han%2BFrance/,
https://www.google.com/maps/search/etablissement+wellness+Arrayou-Lahitte%2BFrance/,
https://www.google.com/maps/search/etablissement+wellness+Arre%2BFrance/,
https://www.google.com/maps/search/etablissement+wellness+Arreau%2BFrance/,
https://www.google.com/maps/search/etablissement+wellness+Arrelles%2BFrance/,
https://www.google.com/maps/search/etablissement+wellness+Arrembécourt%2BFrance/,
https://www.google.com/maps/search/etablissement+wellness+Arrènes%2BFrance/,
https://www.google.com/maps/search/etablissement+wellness+Arrens-Marsous%2BFrance/,
https://www.google.com/maps/search/etablissement+wellness+Arrentès-de-Corcieux%2BFrance/,
https://www.google.com/maps/search/etablissement+wellness+Arrentières%2BFrance/,
https://www.google.com/maps/search/etablissement+wellness+Arrest%2BFrance/,
https://www.google.com/maps/search/etablissement+wellness+Arreux%2BFrance/,
https://www.google.com/maps/search/etablissement+wellness+Arriance%2BFrance/,
https://www.google.com/maps/search/etablissement+wellness+Arricau-Bordes%2BFrance/,
https://www.google.com/maps/search/etablissement+wellness+Arrien%2BFrance/,
https://www.google.com/maps/search/etablissement+wellness+Arrien-en-Bethmale%2BFrance/,
https://www.google.com/maps/search/etablissement+wellness+Arrigas%2BFrance/,
https://www.google.com/maps/search/etablissement+wellness+Arrigny%2BFrance/,
https://www.google.com/maps/search/etablissement+wellness+Arro%2BFrance/,
https://www.google.com/maps/search/etablissement+wellness+Arrodets%2BFrance/,
https://www.google.com/maps/search/etablissement+wellness+Arrodets-ez-Angles%2BFrance/,
https://www.google.com/maps/search/etablissement+wellness+Arromanches-les-Bains%2BFrance/,
https://www.google.com/maps/search/etablissement+wellness+Arronnes%2BFrance/,
https://www.google.com/maps/search/etablissement+wellness+Arronville%2BFrance/,
https://www.google.com/maps/search/etablissement+wellness+Arros-de-Nay%2BFrance/,
https://www.google.com/maps/search/etablissement+wellness+Arrosès%2BFrance/,
https://www.google.com/maps/search/etablissement+wellness+Arrouède%2BFrance/,
https://www.google.com/maps/search/etablissement+wellness+Arrout%2BFrance/,
https://www.google.com/maps/search/etablissement+wellness+Arry%2BFrance/,
https://www.google.com/maps/search/etablissement+wellness+Arry%2BFrance/,
https://www.google.com/maps/search/etablissement+wellness+Ars%2BFrance/,
https://www.google.com/maps/search/etablissement+wellness+Ars%2BFrance/,
https://www.google.com/maps/search/etablissement+wellness+Ars-en-Ré%2BFrance/,
https://www.google.com/maps/search/etablissement+wellness+Ars-Laquenexy%2BFrance/,
https://www.google.com/maps/search/etablissement+wellness+Ars-les-Favets%2BFrance/,
https://www.google.com/maps/search/etablissement+wellness+Ars-sur-Formans%2BFrance/,
https://www.google.com/maps/search/etablissement+wellness+Ars-sur-Moselle%2BFrance/,
https://www.google.com/maps/search/etablissement+wellness+Arsac%2BFrance/,
https://www.google.com/maps/search/etablissement+wellness+Arsac-en-Velay%2BFrance/,
https://www.google.com/maps/search/etablissement+wellness+Arsague%2BFrance/,
https://www.google.com/maps/search/etablissement+wellness+Arsans%2BFrance/,
https://www.google.com/maps/search/etablissement+wellness+Arsonval%2BFrance/,
https://www.google.com/maps/search/etablissement+wellness+Arsure-Arsurette%2BFrance/,
https://www.google.com/maps/search/etablissement+wellness+Les Arsures%2BFrance/,
https://www.google.com/maps/search/etablissement+wellness+Arsy%2BFrance/,
https://www.google.com/maps/search/etablissement+wellness+Art-sur-Meurthe%2BFrance/,
https://www.google.com/maps/search/etablissement+wellness+Artagnan%2BFrance/,
https://www.google.com/maps/search/etablissement+wellness+Artaise-le-Vivier%2BFrance/,
https://www.google.com/maps/search/etablissement+wellness+Artaix%2BFrance/,
https://www.google.com/maps/search/etablissement+wellness+Artalens-Souin%2BFrance/,
https://www.google.com/maps/search/etablissement+wellness+Artannes-sur-Indre%2BFrance/,
https://www.google.com/maps/search/etablissement+wellness+Artannes-sur-Thouet%2BFrance/,
https://www.google.com/maps/search/etablissement+wellness+Artas%2BFrance/,
https://www.google.com/maps/search/etablissement+wellness+Artassenx%2BFrance/,
https://www.google.com/maps/search/etablissement+wellness+Artemare%2BFrance/,
https://www.google.com/maps/search/etablissement+wellness+Artemps%2BFrance/,
https://www.google.com/maps/search/etablissement+wellness+Artenay%2BFrance/,
https://www.google.com/maps/search/etablissement+wellness+Arthaz-Pont-Notre-Dame%2BFrance/,
https://www.google.com/maps/search/etablissement+wellness+Arthel%2BFrance/,
https://www.google.com/maps/search/etablissement+wellness+Arthémonay%2BFrance/,
https://www.google.com/maps/search/etablissement+wellness+Arthenac%2BFrance/,
https://www.google.com/maps/search/etablissement+wellness+Arthès%2BFrance/,
https://www.google.com/maps/search/etablissement+wellness+Arthez-d'Armagnac%2BFrance/,
https://www.google.com/maps/search/etablissement+wellness+Arthez-d'Asson%2BFrance/,
https://www.google.com/maps/search/etablissement+wellness+Arthez-de-Béarn%2BFrance/,
https://www.google.com/maps/search/etablissement+wellness+Arthezé%2BFrance/,
https://www.google.com/maps/search/etablissement+wellness+Arthies%2BFrance/,
https://www.google.com/maps/search/etablissement+wellness+Arthon%2BFrance/,
https://www.google.com/maps/search/etablissement+wellness+Arthonnay%2BFrance/,
https://www.google.com/maps/search/etablissement+wellness+Arthun%2BFrance/,
https://www.google.com/maps/search/etablissement+wellness+Artigat%2BFrance/,
https://www.google.com/maps/search/etablissement+wellness+Artignosc-sur-Verdon%2BFrance/,
https://www.google.com/maps/search/etablissement+wellness+Artigue%2BFrance/,
https://www.google.com/maps/search/etablissement+wellness+Artigueloutan%2BFrance/,
https://www.google.com/maps/search/etablissement+wellness+Artiguelouve%2BFrance/,
https://www.google.com/maps/search/etablissement+wellness+Artiguemy%2BFrance/,
https://www.google.com/maps/search/etablissement+wellness+Artigues%2BFrance/,
https://www.google.com/maps/search/etablissement+wellness+Artigues%2BFrance/,
https://www.google.com/maps/search/etablissement+wellness+Artigues%2BFrance/,
https://www.google.com/maps/search/etablissement+wellness+Artigues%2BFrance/,
https://www.google.com/maps/search/etablissement+wellness+Les Artigues-de-Lussac%2BFrance/,
https://www.google.com/maps/search/etablissement+wellness+Artigues-près-Bordeaux%2BFrance/,
https://www.google.com/maps/search/etablissement+wellness+Artins%2BFrance/,
https://www.google.com/maps/search/etablissement+wellness+Artix%2BFrance/,
https://www.google.com/maps/search/etablissement+wellness+Artix%2BFrance/,
https://www.google.com/maps/search/etablissement+wellness+Artolsheim%2BFrance/,
https://www.google.com/maps/search/etablissement+wellness+Artonne%2BFrance/,
https://www.google.com/maps/search/etablissement+wellness+Artres%2BFrance/,
https://www.google.com/maps/search/etablissement+wellness+Artzenheim%2BFrance/,
https://www.google.com/maps/search/etablissement+wellness+Arudy%2BFrance/,
https://www.google.com/maps/search/etablissement+wellness+Arue%2BFrance/,
https://www.google.com/maps/search/etablissement+wellness+Arvert%2BFrance/,
https://www.google.com/maps/search/etablissement+wellness+Arveyres%2BFrance/,
https://www.google.com/maps/search/etablissement+wellness+Arvieu%2BFrance/,
https://www.google.com/maps/search/etablissement+wellness+Arvieux%2BFrance/,
https://www.google.com/maps/search/etablissement+wellness+Arvigna%2BFrance/,
https://www.google.com/maps/search/etablissement+wellness+Arvillard%2BFrance/,
https://www.google.com/maps/search/etablissement+wellness+Arville%2BFrance/,
https://www.google.com/maps/search/etablissement+wellness+Arville%2BFrance/,
https://www.google.com/maps/search/etablissement+wellness+Arvillers%2BFrance/,
https://www.google.com/maps/search/etablissement+wellness+Arx%2BFrance/,
https://www.google.com/maps/search/etablissement+wellness+Arzacq-Arraziguet%2BFrance/,
https://www.google.com/maps/search/etablissement+wellness+Arzal%2BFrance/,
https://www.google.com/maps/search/etablissement+wellness+Arzano%2BFrance/,
https://www.google.com/maps/search/etablissement+wellness+Arzay%2BFrance/,
https://www.google.com/maps/search/etablissement+wellness+Arzembouy%2BFrance/,
https://www.google.com/maps/search/etablissement+wellness+Arzenc-d'Apcher%2BFrance/,
https://www.google.com/maps/search/etablissement+wellness+Arzenc-de-Randon%2BFrance/,
https://www.google.com/maps/search/etablissement+wellness+Arzens%2BFrance/,
https://www.google.com/maps/search/etablissement+wellness+Arzillières-Neuville%2BFrance/,
https://www.google.com/maps/search/etablissement+wellness+Arzon%2BFrance/,
https://www.google.com/maps/search/etablissement+wellness+Arzviller%2BFrance/,
https://www.google.com/maps/search/etablissement+wellness+Asasp-Arros%2BFrance/,
https://www.google.com/maps/search/etablissement+wellness+Ascain%2BFrance/,
https://www.google.com/maps/search/etablissement+wellness+Ascarat%2BFrance/,
https://www.google.com/maps/search/etablissement+wellness+Aschbach%2BFrance/,
https://www.google.com/maps/search/etablissement+wellness+Aschères-le-Marché%2BFrance/,
https://www.google.com/maps/search/etablissement+wellness+Asco%2BFrance/,
https://www.google.com/maps/search/etablissement+wellness+Ascou%2BFrance/,
https://www.google.com/maps/search/etablissement+wellness+Ascoux%2BFrance/,
https://www.google.com/maps/search/etablissement+wellness+Ascros%2BFrance/,
https://www.google.com/maps/search/etablissement+wellness+Asfeld%2BFrance/,
https://www.google.com/maps/search/etablissement+wellness+Aslonnes%2BFrance/,
https://www.google.com/maps/search/etablissement+wellness+Asnan%2BFrance/,
https://www.google.com/maps/search/etablissement+wellness+Asnans-Beauvoisin%2BFrance/,
https://www.google.com/maps/search/etablissement+wellness+Asnelles%2BFrance/,
https://www.google.com/maps/search/etablissement+wellness+Asnières%2BFrance/,
https://www.google.com/maps/search/etablissement+wellness+Asnières-en-Bessin%2BFrance/,
https://www.google.com/maps/search/etablissement+wellness+Asnières-en-Montagne%2BFrance/,
https://www.google.com/maps/search/etablissement+wellness+Asnières-en-Poitou%2BFrance/,
https://www.google.com/maps/search/etablissement+wellness+Asnières-la-Giraud%2BFrance/,
https://www.google.com/maps/search/etablissement+wellness+Asnières-lès-Dijon%2BFrance/,
https://www.google.com/maps/search/etablissement+wellness+Asnières-sous-Bois%2BFrance/,
https://www.google.com/maps/search/etablissement+wellness+Asnières-sur-Blour%2BFrance/,
https://www.google.com/maps/search/etablissement+wellness+Asnières-sur-Nouère%2BFrance/,
https://www.google.com/maps/search/etablissement+wellness+Asnières-sur-Oise%2BFrance/,
https://www.google.com/maps/search/etablissement+wellness+Asnières-sur-Saône%2BFrance/,
https://www.google.com/maps/search/etablissement+wellness+Asnières-sur-Seine%2BFrance/,
https://www.google.com/maps/search/etablissement+wellness+Asnières-sur-Vègre%2BFrance/,
https://www.google.com/maps/search/etablissement+wellness+Asnois%2BFrance/,
https://www.google.com/maps/search/etablissement+wellness+Asnois%2BFrance/,
https://www.google.com/maps/search/etablissement+wellness+Aspach%2BFrance/,
https://www.google.com/maps/search/etablissement+wellness+Aspach%2BFrance/,
https://www.google.com/maps/search/etablissement+wellness+Aspach-le-Bas%2BFrance/,
https://www.google.com/maps/search/etablissement+wellness+Aspach-Michelbach%2BFrance/,
https://www.google.com/maps/search/etablissement+wellness+Aspères%2BFrance/,
https://www.google.com/maps/search/etablissement+wellness+Asperjoc%2BFrance/,
https://www.google.com/maps/search/etablissement+wellness+Aspet%2BFrance/,
https://www.google.com/maps/search/etablissement+wellness+Aspin-Aure%2BFrance/,
https://www.google.com/maps/search/etablissement+wellness+Aspin-en-Lavedan%2BFrance/,
https://www.google.com/maps/search/etablissement+wellness+Aspiran%2BFrance/,
https://www.google.com/maps/search/etablissement+wellness+Aspremont%2BFrance/,
https://www.google.com/maps/search/etablissement+wellness+Aspremont%2BFrance/,
https://www.google.com/maps/search/etablissement+wellness+Les Aspres%2BFrance/,
https://www.google.com/maps/search/etablissement+wellness+Aspres-lès-Corps%2BFrance/,
https://www.google.com/maps/search/etablissement+wellness+Aspres-sur-Buëch%2BFrance/,
https://www.google.com/maps/search/etablissement+wellness+Aspret-Sarrat%2BFrance/,
https://www.google.com/maps/search/etablissement+wellness+Asprières%2BFrance/,
https://www.google.com/maps/search/etablissement+wellness+Asque%2BFrance/,
https://www.google.com/maps/search/etablissement+wellness+Asques%2BFrance/,
https://www.google.com/maps/search/etablissement+wellness+Asques%2BFrance/,
https://www.google.com/maps/search/etablissement+wellness+Asquins%2BFrance/,
https://www.google.com/maps/search/etablissement+wellness+Assac%2BFrance/,
https://www.google.com/maps/search/etablissement+wellness+Assainvillers%2BFrance/,
https://www.google.com/maps/search/etablissement+wellness+Assais-les-Jumeaux%2BFrance/,
https://www.google.com/maps/search/etablissement+wellness+Assas%2BFrance/,
https://www.google.com/maps/search/etablissement+wellness+Assat%2BFrance/,
https://www.google.com/maps/search/etablissement+wellness+Assay%2BFrance/,
https://www.google.com/maps/search/etablissement+wellness+Assé-le-Bérenger%2BFrance/,
https://www.google.com/maps/search/etablissement+wellness+Assé-le-Boisne%2BFrance/,
https://www.google.com/maps/search/etablissement+wellness+Assé-le-Riboul%2BFrance/,
https://www.google.com/maps/search/etablissement+wellness+Assenay%2BFrance/,
https://www.google.com/maps/search/etablissement+wellness+Assencières%2BFrance/,
https://www.google.com/maps/search/etablissement+wellness+Assenoncourt%2BFrance/,
https://www.google.com/maps/search/etablissement+wellness+Assérac%2BFrance/,
https://www.google.com/maps/search/etablissement+wellness+Assevent%2BFrance/,
https://www.google.com/maps/search/etablissement+wellness+Assevillers%2BFrance/,
https://www.google.com/maps/search/etablissement+wellness+Assier%2BFrance/,
https://www.google.com/maps/search/etablissement+wellness+Assieu%2BFrance/,
https://www.google.com/maps/search/etablissement+wellness+Assignan%2BFrance/,
https://www.google.com/maps/search/etablissement+wellness+Assigny%2BFrance/,
https://www.google.com/maps/search/etablissement+wellness+Les Assions%2BFrance/,
https://www.google.com/maps/search/etablissement+wellness+Assis-sur-Serre%2BFrance/,
https://www.google.com/maps/search/etablissement+wellness+Asson%2BFrance/,
https://www.google.com/maps/search/etablissement+wellness+Asswiller%2BFrance/,
https://www.google.com/maps/search/etablissement+wellness+Astaffort%2BFrance/,
https://www.google.com/maps/search/etablissement+wellness+Astaillac%2BFrance/,
https://www.google.com/maps/search/etablissement+wellness+Asté%2BFrance/,
https://www.google.com/maps/search/etablissement+wellness+Aste-Béon%2BFrance/,
https://www.google.com/maps/search/etablissement+wellness+Astet%2BFrance/,
https://www.google.com/maps/search/etablissement+wellness+Astillé%2BFrance/,
https://www.google.com/maps/search/etablissement+wellness+Astis%2BFrance/,
https://www.google.com/maps/search/etablissement+wellness+Aston%2BFrance/,
https://www.google.com/maps/search/etablissement+wellness+Astugue%2BFrance/,
https://www.google.com/maps/search/etablissement+wellness+Athée%2BFrance/,
https://www.google.com/maps/search/etablissement+wellness+Athée%2BFrance/,
https://www.google.com/maps/search/etablissement+wellness+Athée-sur-Cher%2BFrance/,
https://www.google.com/maps/search/etablissement+wellness+Athesans-Étroitefontaine%2BFrance/,
https://www.google.com/maps/search/etablissement+wellness+Athie%2BFrance/,
https://www.google.com/maps/search/etablissement+wellness+Athie%2BFrance/,
https://www.google.com/maps/search/etablissement+wellness+Athienville%2BFrance/,
https://www.google.com/maps/search/etablissement+wellness+Athies%2BFrance/,
https://www.google.com/maps/search/etablissement+wellness+Athies%2BFrance/,
https://www.google.com/maps/search/etablissement+wellness+Athies-sous-Laon%2BFrance/,
https://www.google.com/maps/search/etablissement+wellness+Athis%2BFrance/,
https://www.google.com/maps/search/etablissement+wellness+Athis-Mons%2BFrance/,
https://www.google.com/maps/search/etablissement+wellness+Athis-Val de Rouvre%2BFrance/,
https://www.google.com/maps/search/etablissement+wellness+Athos-Aspis%2BFrance/,
https://www.google.com/maps/search/etablissement+wellness+Attainville%2BFrance/,
https://www.google.com/maps/search/etablissement+wellness+Attancourt%2BFrance/,
https://www.google.com/maps/search/etablissement+wellness+Les Attaques%2BFrance/,
https://www.google.com/maps/search/etablissement+wellness+Attenschwiller%2BFrance/,
https://www.google.com/maps/search/etablissement+wellness+Attiches%2BFrance/,
https://www.google.com/maps/search/etablissement+wellness+Attichy%2BFrance/,
https://www.google.com/maps/search/etablissement+wellness+Attignat%2BFrance/,
https://www.google.com/maps/search/etablissement+wellness+Attignat-Oncin%2BFrance/,
https://www.google.com/maps/search/etablissement+wellness+Attignéville%2BFrance/,
https://www.google.com/maps/search/etablissement+wellness+Attigny%2BFrance/,
https://www.google.com/maps/search/etablissement+wellness+Attigny%2BFrance/,
https://www.google.com/maps/search/etablissement+wellness+Attilloncourt%2BFrance/,
https://www.google.com/maps/search/etablissement+wellness+Attilly%2BFrance/,
https://www.google.com/maps/search/etablissement+wellness+Attin%2BFrance/,
https://www.google.com/maps/search/etablissement+wellness+Atton%2BFrance/,
https://www.google.com/maps/search/etablissement+wellness+Attray%2BFrance/,
https://www.google.com/maps/search/etablissement+wellness+Attricourt%2BFrance/,
https://www.google.com/maps/search/etablissement+wellness+Aubagnan%2BFrance/,
https://www.google.com/maps/search/etablissement+wellness+Aubagne%2BFrance/,
https://www.google.com/maps/search/etablissement+wellness+Aubaine%2BFrance/,
https://www.google.com/maps/search/etablissement+wellness+Aubais%2BFrance/,
https://www.google.com/maps/search/etablissement+wellness+Aubarède%2BFrance/,
https://www.google.com/maps/search/etablissement+wellness+Aubas%2BFrance/,
https://www.google.com/maps/search/etablissement+wellness+Aubazat%2BFrance/,
https://www.google.com/maps/search/etablissement+wellness+Aubazines%2BFrance/,
https://www.google.com/maps/search/etablissement+wellness+Aube%2BFrance/,
https://www.google.com/maps/search/etablissement+wellness+Aube%2BFrance/,
https://www.google.com/maps/search/etablissement+wellness+Aubéguimont%2BFrance/,
https://www.google.com/maps/search/etablissement+wellness+Aubenas%2BFrance/,
https://www.google.com/maps/search/etablissement+wellness+Aubenas-les-Alpes%2BFrance/,
https://www.google.com/maps/search/etablissement+wellness+Aubenasson%2BFrance/,
https://www.google.com/maps/search/etablissement+wellness+Aubencheul-au-Bac%2BFrance/,
https://www.google.com/maps/search/etablissement+wellness+Aubencheul-aux-Bois%2BFrance/,
https://www.google.com/maps/search/etablissement+wellness+Aubenton%2BFrance/,
https://www.google.com/maps/search/etablissement+wellness+Aubepierre-Ozouer-le-Repos%2BFrance/,
https://www.google.com/maps/search/etablissement+wellness+Aubepierre-sur-Aube%2BFrance/,
https://www.google.com/maps/search/etablissement+wellness+Auberchicourt%2BFrance/,
https://www.google.com/maps/search/etablissement+wellness+Aubercourt%2BFrance/,
https://www.google.com/maps/search/etablissement+wellness+Aubergenville%2BFrance/,
https://www.google.com/maps/search/etablissement+wellness+Auberive%2BFrance/,
https://www.google.com/maps/search/etablissement+wellness+Aubérive%2BFrance/,
https://www.google.com/maps/search/etablissement+wellness+Auberives-en-Royans%2BFrance/,
https://www.google.com/maps/search/etablissement+wellness+Auberives-sur-Varèze%2BFrance/,
https://www.google.com/maps/search/etablissement+wellness+Aubermesnil-aux-Érables%2BFrance/,
https://www.google.com/maps/search/etablissement+wellness+Aubermesnil-Beaumais%2BFrance/,
https://www.google.com/maps/search/etablissement+wellness+Aubers%2BFrance/,
https://www.google.com/maps/search/etablissement+wellness+Aubertin%2BFrance/,
https://www.google.com/maps/search/etablissement+wellness+Auberville%2BFrance/,
https://www.google.com/maps/search/etablissement+wellness+Auberville-la-Manuel%2BFrance/,
https://www.google.com/maps/search/etablissement+wellness+Auberville-la-Renault%2BFrance/,
https://www.google.com/maps/search/etablissement+wellness+Aubervilliers%2BFrance/,
https://www.google.com/maps/search/etablissement+wellness+Aubessagne%2BFrance/,
https://www.google.com/maps/search/etablissement+wellness+Aubeterre%2BFrance/,
https://www.google.com/maps/search/etablissement+wellness+Aubeterre-sur-Dronne%2BFrance/,
https://www.google.com/maps/search/etablissement+wellness+Aubiac%2BFrance/,
https://www.google.com/maps/search/etablissement+wellness+Aubiac%2BFrance/,
https://www.google.com/maps/search/etablissement+wellness+Aubiat%2BFrance/,
https://www.google.com/maps/search/etablissement+wellness+Aubière%2BFrance/,
https://www.google.com/maps/search/etablissement+wellness+Aubiet%2BFrance/,
https://www.google.com/maps/search/etablissement+wellness+Aubignan%2BFrance/,
https://www.google.com/maps/search/etablissement+wellness+Aubignas%2BFrance/,
https://www.google.com/maps/search/etablissement+wellness+Aubigné%2BFrance/,
https://www.google.com/maps/search/etablissement+wellness+Aubigné%2BFrance/,
https://www.google.com/maps/search/etablissement+wellness+Aubigné-Racan%2BFrance/,
https://www.google.com/maps/search/etablissement+wellness+Aubigné-sur-Layon%2BFrance/,
https://www.google.com/maps/search/etablissement+wellness+Aubignosc%2BFrance/,
https://www.google.com/maps/search/etablissement+wellness+Aubigny%2BFrance/,
https://www.google.com/maps/search/etablissement+wellness+Aubigny%2BFrance/,
https://www.google.com/maps/search/etablissement+wellness+Aubigny%2BFrance/,
https://www.google.com/maps/search/etablissement+wellness+Aubigny%2BFrance/,
https://www.google.com/maps/search/etablissement+wellness+Aubigny-au-Bac%2BFrance/,
https://www.google.com/maps/search/etablissement+wellness+Aubigny-aux-Kaisnes%2BFrance/,
https://www.google.com/maps/search/etablissement+wellness+Aubigny-en-Artois%2BFrance/,
https://www.google.com/maps/search/etablissement+wellness+Aubigny-en-Laonnois%2BFrance/,
https://www.google.com/maps/search/etablissement+wellness+Aubigny-en-Plaine%2BFrance/,
https://www.google.com/maps/search/etablissement+wellness+Aubigny-la-Ronce%2BFrance/,
https://www.google.com/maps/search/etablissement+wellness+Aubigny-Les Clouzeaux%2BFrance/,
https://www.google.com/maps/search/etablissement+wellness+Aubigny-les-Pothées%2BFrance/,
https://www.google.com/maps/search/etablissement+wellness+Aubigny-lès-Sombernon%2BFrance/,
https://www.google.com/maps/search/etablissement+wellness+Aubigny-sur-Nère%2BFrance/,
https://www.google.com/maps/search/etablissement+wellness+Aubilly%2BFrance/,
https://www.google.com/maps/search/etablissement+wellness+Aubin%2BFrance/,
https://www.google.com/maps/search/etablissement+wellness+Aubin%2BFrance/,
https://www.google.com/maps/search/etablissement+wellness+Aubin-Saint-Vaast%2BFrance/,
https://www.google.com/maps/search/etablissement+wellness+Aubinges%2BFrance/,
https://www.google.com/maps/search/etablissement+wellness+Auboncourt-Vauzelles%2BFrance/,
https://www.google.com/maps/search/etablissement+wellness+Aubonne%2BFrance/,
https://www.google.com/maps/search/etablissement+wellness+Aubord%2BFrance/,
https://www.google.com/maps/search/etablissement+wellness+Auboué%2BFrance/,
https://www.google.com/maps/search/etablissement+wellness+Aubous%2BFrance/,
https://www.google.com/maps/search/etablissement+wellness+Aubres%2BFrance/,
https://www.google.com/maps/search/etablissement+wellness+Aubréville%2BFrance/,
https://www.google.com/maps/search/etablissement+wellness+Aubrives%2BFrance/,
https://www.google.com/maps/search/etablissement+wellness+Aubrometz%2BFrance/,
https://www.google.com/maps/search/etablissement+wellness+Aubry-du-Hainaut%2BFrance/,
https://www.google.com/maps/search/etablissement+wellness+Aubry-en-Exmes%2BFrance/,
https://www.google.com/maps/search/etablissement+wellness+Aubry-le-Panthou%2BFrance/,
https://www.google.com/maps/search/etablissement+wellness+Aubure%2BFrance/,
https://www.google.com/maps/search/etablissement+wellness+Aubussargues%2BFrance/,
https://www.google.com/maps/search/etablissement+wellness+Aubusson%2BFrance/,
https://www.google.com/maps/search/etablissement+wellness+Aubusson%2BFrance/,
https://www.google.com/maps/search/etablissement+wellness+Aubusson-d'Auvergne%2BFrance/,
https://www.google.com/maps/search/etablissement+wellness+Aubvillers%2BFrance/,
https://www.google.com/maps/search/etablissement+wellness+Auby%2BFrance/,
https://www.google.com/maps/search/etablissement+wellness+Aucaleuc%2BFrance/,
https://www.google.com/maps/search/etablissement+wellness+Aucamville%2BFrance/,
https://www.google.com/maps/search/etablissement+wellness+Aucamville%2BFrance/,
https://www.google.com/maps/search/etablissement+wellness+Aucazein%2BFrance/,
https://www.google.com/maps/search/etablissement+wellness+Aucelon%2BFrance/,
https://www.google.com/maps/search/etablissement+wellness+Aucey-la-Plaine%2BFrance/,
https://www.google.com/maps/search/etablissement+wellness+Auch%2BFrance/,
https://www.google.com/maps/search/etablissement+wellness+Auchay-sur-Vendée%2BFrance/,
https://www.google.com/maps/search/etablissement+wellness+Auchel%2BFrance/,
https://www.google.com/maps/search/etablissement+wellness+Auchonvillers%2BFrance/,
https://www.google.com/maps/search/etablissement+wellness+Auchy-au-Bois%2BFrance/,
https://www.google.com/maps/search/etablissement+wellness+Auchy-la-Montagne%2BFrance/,
https://www.google.com/maps/search/etablissement+wellness+Auchy-lès-Hesdin%2BFrance/,
https://www.google.com/maps/search/etablissement+wellness+Auchy-les-Mines%2BFrance/,
https://www.google.com/maps/search/etablissement+wellness+Auchy-lez-Orchies%2BFrance/,
https://www.google.com/maps/search/etablissement+wellness+Aucun%2BFrance/,
https://www.google.com/maps/search/etablissement+wellness+Audaux%2BFrance/,
https://www.google.com/maps/search/etablissement+wellness+Audelange%2BFrance/,
https://www.google.com/maps/search/etablissement+wellness+Audeloncourt%2BFrance/,
https://www.google.com/maps/search/etablissement+wellness+Audembert%2BFrance/,
https://www.google.com/maps/search/etablissement+wellness+Audenge%2BFrance/,
https://www.google.com/maps/search/etablissement+wellness+Auderville%2BFrance/,
https://www.google.com/maps/search/etablissement+wellness+Audes%2BFrance/,
https://www.google.com/maps/search/etablissement+wellness+Audeux%2BFrance/,
https://www.google.com/maps/search/etablissement+wellness+Audeville%2BFrance/,
https://www.google.com/maps/search/etablissement+wellness+Audierne%2BFrance/,
https://www.google.com/maps/search/etablissement+wellness+Audignicourt%2BFrance/,
https://www.google.com/maps/search/etablissement+wellness+Audignies%2BFrance/,
https://www.google.com/maps/search/etablissement+wellness+Audignon%2BFrance/,
https://www.google.com/maps/search/etablissement+wellness+Audigny%2BFrance/,
https://www.google.com/maps/search/etablissement+wellness+Audincourt%2BFrance/,
https://www.google.com/maps/search/etablissement+wellness+Audincthun%2BFrance/,
https://www.google.com/maps/search/etablissement+wellness+Audinghen%2BFrance/,
https://www.google.com/maps/search/etablissement+wellness+Audon%2BFrance/,
https://www.google.com/maps/search/etablissement+wellness+Audouville-la-Hubert%2BFrance/,
https://www.google.com/maps/search/etablissement+wellness+Audrehem%2BFrance/,
https://www.google.com/maps/search/etablissement+wellness+Audressein%2BFrance/,
https://www.google.com/maps/search/etablissement+wellness+Audresselles%2BFrance/,
https://www.google.com/maps/search/etablissement+wellness+Audrieu%2BFrance/,
https://www.google.com/maps/search/etablissement+wellness+Audrix%2BFrance/,
https://www.google.com/maps/search/etablissement+wellness+Audruicq%2BFrance/,
https://www.google.com/maps/search/etablissement+wellness+Audun-le-Roman%2BFrance/,
https://www.google.com/maps/search/etablissement+wellness+Audun-le-Tiche%2BFrance/,
https://www.google.com/maps/search/etablissement+wellness+Auenheim%2BFrance/,
https://www.google.com/maps/search/etablissement+wellness+Auffargis%2BFrance/,
https://www.google.com/maps/search/etablissement+wellness+Auffay%2BFrance/,
https://www.google.com/maps/search/etablissement+wellness+Aufferville%2BFrance/,
https://www.google.com/maps/search/etablissement+wellness+Auffreville-Brasseuil%2BFrance/,
https://www.google.com/maps/search/etablissement+wellness+Auflance%2BFrance/,
https://www.google.com/maps/search/etablissement+wellness+Auga%2BFrance/,
https://www.google.com/maps/search/etablissement+wellness+Augan%2BFrance/,
https://www.google.com/maps/search/etablissement+wellness+Auge%2BFrance/,
https://www.google.com/maps/search/etablissement+wellness+Auge%2BFrance/,
https://www.google.com/maps/search/etablissement+wellness+Augé%2BFrance/,
https://www.google.com/maps/search/etablissement+wellness+Auge-Saint-Médard%2BFrance/,
https://www.google.com/maps/search/etablissement+wellness+Augea%2BFrance/,
https://www.google.com/maps/search/etablissement+wellness+Auger-Saint-Vincent%2BFrance/,
https://www.google.com/maps/search/etablissement+wellness+Augerans%2BFrance/,
https://www.google.com/maps/search/etablissement+wellness+Augères%2BFrance/,
https://www.google.com/maps/search/etablissement+wellness+Augerolles%2BFrance/,
https://www.google.com/maps/search/etablissement+wellness+Augers-en-Brie%2BFrance/,
https://www.google.com/maps/search/etablissement+wellness+Augerville-la-Rivière%2BFrance/,
https://www.google.com/maps/search/etablissement+wellness+Augicourt%2BFrance/,
https://www.google.com/maps/search/etablissement+wellness+Augignac%2BFrance/,
https://www.google.com/maps/search/etablissement+wellness+Augirein%2BFrance/,
https://www.google.com/maps/search/etablissement+wellness+Augisey%2BFrance/,
https://www.google.com/maps/search/etablissement+wellness+Augnat%2BFrance/,
https://www.google.com/maps/search/etablissement+wellness+Augnax%2BFrance/,
https://www.google.com/maps/search/etablissement+wellness+Augne%2BFrance/,
https://www.google.com/maps/search/etablissement+wellness+Augny%2BFrance/,
https://www.google.com/maps/search/etablissement+wellness+Auguaise%2BFrance/,
https://www.google.com/maps/search/etablissement+wellness+Augy%2BFrance/,
https://www.google.com/maps/search/etablissement+wellness+Augy%2BFrance/,
https://www.google.com/maps/search/etablissement+wellness+Augy-sur-Aubois%2BFrance/,
https://www.google.com/maps/search/etablissement+wellness+Aujac%2BFrance/,
https://www.google.com/maps/search/etablissement+wellness+Aujac%2BFrance/,
https://www.google.com/maps/search/etablissement+wellness+Aujan-Mournède%2BFrance/,
https://www.google.com/maps/search/etablissement+wellness+Aujargues%2BFrance/,
https://www.google.com/maps/search/etablissement+wellness+Aujeurres%2BFrance/,
https://www.google.com/maps/search/etablissement+wellness+Aujols%2BFrance/,
https://www.google.com/maps/search/etablissement+wellness+Aulan%2BFrance/,
https://www.google.com/maps/search/etablissement+wellness+Aulas%2BFrance/,
https://www.google.com/maps/search/etablissement+wellness+Aulhat-Flat%2BFrance/,
https://www.google.com/maps/search/etablissement+wellness+Aullène%2BFrance/,
https://www.google.com/maps/search/etablissement+wellness+Aulnat%2BFrance/,
https://www.google.com/maps/search/etablissement+wellness+Aulnay%2BFrance/,
https://www.google.com/maps/search/etablissement+wellness+Aulnay%2BFrance/,
https://www.google.com/maps/search/etablissement+wellness+Aulnay%2BFrance/,
https://www.google.com/maps/search/etablissement+wellness+Aulnay-l'Aître%2BFrance/,
https://www.google.com/maps/search/etablissement+wellness+Aulnay-la-Rivière%2BFrance/,
https://www.google.com/maps/search/etablissement+wellness+Aulnay-sous-Bois%2BFrance/,
https://www.google.com/maps/search/etablissement+wellness+Aulnay-sur-Iton%2BFrance/,
https://www.google.com/maps/search/etablissement+wellness+Aulnay-sur-Marne%2BFrance/,
https://www.google.com/maps/search/etablissement+wellness+Aulnay-sur-Mauldre%2BFrance/,
https://www.google.com/maps/search/etablissement+wellness+Les Aulneaux%2BFrance/,
https://www.google.com/maps/search/etablissement+wellness+Aulnois%2BFrance/,
https://www.google.com/maps/search/etablissement+wellness+Aulnois-en-Perthois%2BFrance/,
https://www.google.com/maps/search/etablissement+wellness+Aulnois-sous-Laon%2BFrance/,
https://www.google.com/maps/search/etablissement+wellness+Aulnois-sur-Seille%2BFrance/,
https://www.google.com/maps/search/etablissement+wellness+Aulnoy%2BFrance/,
https://www.google.com/maps/search/etablissement+wellness+Aulnoy-lez-Valenciennes%2BFrance/,
https://www.google.com/maps/search/etablissement+wellness+Aulnoy-sur-Aube%2BFrance/,
https://www.google.com/maps/search/etablissement+wellness+Aulnoye-Aymeries%2BFrance/,
https://www.google.com/maps/search/etablissement+wellness+Aulon%2BFrance/,
https://www.google.com/maps/search/etablissement+wellness+Aulon%2BFrance/,
https://www.google.com/maps/search/etablissement+wellness+Aulon%2BFrance/,
https://www.google.com/maps/search/etablissement+wellness+Aulos%2BFrance/,
https://www.google.com/maps/search/etablissement+wellness+Ault%2BFrance/,
https://www.google.com/maps/search/etablissement+wellness+Aulus-les-Bains%2BFrance/,
https://www.google.com/maps/search/etablissement+wellness+Aulx-lès-Cromary%2BFrance/,
https://www.google.com/maps/search/etablissement+wellness+Aumagne%2BFrance/,
https://www.google.com/maps/search/etablissement+wellness+Aumale%2BFrance/,
https://www.google.com/maps/search/etablissement+wellness+Aumâtre%2BFrance/,
https://www.google.com/maps/search/etablissement+wellness+Aumelas%2BFrance/,
https://www.google.com/maps/search/etablissement+wellness+Auménancourt%2BFrance/,
https://www.google.com/maps/search/etablissement+wellness+Aumerval%2BFrance/,
https://www.google.com/maps/search/etablissement+wellness+Aumes%2BFrance/,
https://www.google.com/maps/search/etablissement+wellness+Aumessas%2BFrance/,
https://www.google.com/maps/search/etablissement+wellness+Aumetz%2BFrance/,
https://www.google.com/maps/search/etablissement+wellness+Aumeville-Lestre%2BFrance/,
https://www.google.com/maps/search/etablissement+wellness+Aumont%2BFrance/,
https://www.google.com/maps/search/etablissement+wellness+Aumont%2BFrance/,
https://www.google.com/maps/search/etablissement+wellness+Aumont-en-Halatte%2BFrance/,
https://www.google.com/maps/search/etablissement+wellness+Aumur%2BFrance/,
https://www.google.com/maps/search/etablissement+wellness+Aunac-sur-Charente%2BFrance/,
https://www.google.com/maps/search/etablissement+wellness+Aunat%2BFrance/,
https://www.google.com/maps/search/etablissement+wellness+Aunay-en-Bazois%2BFrance/,
https://www.google.com/maps/search/etablissement+wellness+Aunay-les-Bois%2BFrance/,
https://www.google.com/maps/search/etablissement+wellness+Aunay-sous-Auneau%2BFrance/,
https://www.google.com/maps/search/etablissement+wellness+Aunay-sous-Crécy%2BFrance/,
https://www.google.com/maps/search/etablissement+wellness+Auneau-Bleury-Saint-Symphorien%2BFrance/,
https://www.google.com/maps/search/etablissement+wellness+Auneuil%2BFrance/,
https://www.google.com/maps/search/etablissement+wellness+Aunou-le-Faucon%2BFrance/,
https://www.google.com/maps/search/etablissement+wellness+Aunou-sur-Orne%2BFrance/,
https://www.google.com/maps/search/etablissement+wellness+Auppegard%2BFrance/,
https://www.google.com/maps/search/etablissement+wellness+Aups%2BFrance/,
https://www.google.com/maps/search/etablissement+wellness+Auradé%2BFrance/,
https://www.google.com/maps/search/etablissement+wellness+Auradou%2BFrance/,
https://www.google.com/maps/search/etablissement+wellness+Auragne%2BFrance/,
https://www.google.com/maps/search/etablissement+wellness+Auray%2BFrance/,
https://www.google.com/maps/search/etablissement+wellness+Aure%2BFrance/,
https://www.google.com/maps/search/etablissement+wellness+Aure sur Mer%2BFrance/,
https://www.google.com/maps/search/etablissement+wellness+Aurec-sur-Loire%2BFrance/,
https://www.google.com/maps/search/etablissement+wellness+Aureil%2BFrance/,
https://www.google.com/maps/search/etablissement+wellness+Aureilhan%2BFrance/,
https://www.google.com/maps/search/etablissement+wellness+Aureilhan%2BFrance/,
https://www.google.com/maps/search/etablissement+wellness+Aureille%2BFrance/,
https://www.google.com/maps/search/etablissement+wellness+Aurel%2BFrance/,traité (2026-08-22 16:18)
https://www.google.com/maps/search/etablissement+wellness+Aurel%2BFrance/,traité (2026-08-22 16:18)
https://www.google.com/maps/search/etablissement+wellness+Aurensan%2BFrance/,traité (2026-08-22 16:19)
https://www.google.com/maps/search/etablissement+wellness+Aurensan%2BFrance/,traité (2026-08-22 16:19)
https://www.google.com/maps/search/etablissement+wellness+Aureville%2BFrance/,traité (2026-08-22 16:19)
https://www.google.com/maps/search/etablissement+wellness+Auriac%2BFrance/,traité (2026-08-22 16:20)
https://www.google.com/maps/search/etablissement+wellness+Auriac%2BFrance/,traité (2026-08-22 16:20)
https://www.google.com/maps/search/etablissement+wellness+Auriac%2BFrance/,traité (2026-08-22 16:20)
https://www.google.com/maps/search/etablissement+wellness+Auriac-du-Périgord%2BFrance/,traité (2026-08-22 16:20)
https://www.google.com/maps/search/etablissement+wellness+Auriac-l'Église%2BFrance/,traité (2026-08-22 16:20)
https://www.google.com/maps/search/etablissement+wellness+Auriac-Lagast%2BFrance/,traité (2026-08-22 16:21)
https://www.google.com/maps/search/etablissement+wellness+Auriac-sur-Dropt%2BFrance/,traité (2026-08-22 16:21)
https://www.google.com/maps/search/etablissement+wellness+Auriac-sur-Vendinelle%2BFrance/,traité (2026-08-22 16:21)
https://www.google.com/maps/search/etablissement+wellness+Auriat%2BFrance/,traité (2026-08-22 16:22)
https://www.google.com/maps/search/etablissement+wellness+Auribail%2BFrance/,traité (2026-08-22 16:24)
https://www.google.com/maps/search/etablissement+wellness+Auribeau%2BFrance/,traité (2026-08-22 16:24)
https://www.google.com/maps/search/etablissement+wellness+Auribeau-sur-Siagne%2BFrance/,traité (2026-08-22 16:24)
https://www.google.com/maps/search/etablissement+wellness+Aurice%2BFrance/,traité (2026-08-22 16:24)
https://www.google.com/maps/search/etablissement+wellness+Auriébat%2BFrance/,traité (2026-08-22 16:24)
https://www.google.com/maps/search/etablissement+wellness+Aurières%2BFrance/,traité (2026-08-22 16:24)
https://www.google.com/maps/search/etablissement+wellness+Aurignac%2BFrance/,traité (2026-08-22 16:24)
https://www.google.com/maps/search/etablissement+wellness+Aurillac%2BFrance/,traité (2026-08-22 16:24)
https://www.google.com/maps/search/etablissement+wellness+Aurimont%2BFrance/,échec (2026-08-22 16:24)
https://www.google.com/maps/search/etablissement+wellness+Aurin%2BFrance/,traité (2026-08-22 16:24)
https://www.google.com/maps/search/etablissement+wellness+Auriol%2BFrance/,traité (2026-08-22 16:25)
https://www.google.com/maps/search/etablissement+wellness+Auriolles%2BFrance/,traité (2026-08-22 16:25)
https://www.google.com/maps/search/etablissement+wellness+Aurions-Idernes%2BFrance/,traité (2026-08-22 16:25)
https://www.google.com/maps/search/etablissement+wellness+Auris%2BFrance/,traité (2026-08-22 16:27)
https://www.google.com/maps/search/etablissement+wellness+Aurons%2BFrance/,traité (2026-08-22 16:27)
https://www.google.com/maps/search/etablissement+wellness+Auros%2BFrance/,traité (2026-08-22 16:27)
https://www.google.com/maps/search/etablissement+wellness+Aurouër%2BFrance/,traité (2026-08-22 16:27)
https://www.google.com/maps/search/etablissement+wellness+Auroux%2BFrance/,traité (2026-08-22 16:28)
https://www.google.com/maps/search/etablissement+wellness+Aurseulles%2BFrance/,traité (2026-08-22 16:28)
https://www.google.com/maps/search/etablissement+wellness+Aussac%2BFrance/,traité (2026-08-22 16:28)
https://www.google.com/maps/search/etablissement+wellness+Aussac-Vadalle%2BFrance/,traité (2026-08-22 16:28)
https://www.google.com/maps/search/etablissement+wellness+Ausseing%2BFrance/,traité (2026-08-22 16:28)
https://www.google.com/maps/search/etablissement+wellness+Aussevielle%2BFrance/,traité (2026-08-22 16:28)
https://www.google.com/maps/search/etablissement+wellness+Aussillon%2BFrance/,traité (2026-08-22 16:28)
https://www.google.com/maps/search/etablissement+wellness+Aussois%2BFrance/,traité (2026-08-22 16:28)
https://www.google.com/maps/search/etablissement+wellness+Ausson%2BFrance/,traité (2026-08-22 16:31)
https://www.google.com/maps/search/etablissement+wellness+Aussonce%2BFrance/,traité (2026-08-22 16:31)
https://www.google.com/maps/search/etablissement+wellness+Aussonne%2BFrance/,traité (2026-08-22 16:31)
https://www.google.com/maps/search/etablissement+wellness+Aussos%2BFrance/,traité (2026-08-22 16:31)
https://www.google.com/maps/search/etablissement+wellness+Aussurucq%2BFrance/,traité (2026-08-22 16:31)
https://www.google.com/maps/search/etablissement+wellness+Autainville%2BFrance/,traité (2026-08-22 16:31)
https://www.google.com/maps/search/etablissement+wellness+Autechaux%2BFrance/,traité (2026-08-22 16:31)
https://www.google.com/maps/search/etablissement+wellness+Autechaux-Roide%2BFrance/,traité (2026-08-22 16:31)
https://www.google.com/maps/search/etablissement+wellness+Les Autels%2BFrance/,traité (2026-08-22 16:31)
https://www.google.com/maps/search/etablissement+wellness+Les Autels-Villevillon%2BFrance/,traité (2026-08-22 16:31)
https://www.google.com/maps/search/etablissement+wellness+Auterive%2BFrance/,traité (2026-08-22 16:32)
https://www.google.com/maps/search/etablissement+wellness+Auterive%2BFrance/,traité (2026-08-22 16:32)
https://www.google.com/maps/search/etablissement+wellness+Auterive%2BFrance/,traité (2026-08-22 16:32)
https://www.google.com/maps/search/etablissement+wellness+Auterrive%2BFrance/,traité (2026-08-22 16:34)
https://www.google.com/maps/search/etablissement+wellness+Autet%2BFrance/,traité (2026-08-22 16:34)
https://www.google.com/maps/search/etablissement+wellness+Auteuil%2BFrance/,traité (2026-08-22 16:34)
https://www.google.com/maps/search/etablissement+wellness+Auteuil%2BFrance/,traité (2026-08-22 16:34)
https://www.google.com/maps/search/etablissement+wellness+Autevielle-Saint-Martin-Bideren%2BFrance/,traité (2026-08-22 16:34)
https://www.google.com/maps/search/etablissement+wellness+Authe%2BFrance/,traité (2026-08-22 16:34)
https://www.google.com/maps/search/etablissement+wellness+Autheuil%2BFrance/,traité (2026-08-22 16:34)
https://www.google.com/maps/search/etablissement+wellness+Autheuil-Authouillet%2BFrance/,traité (2026-08-22 16:34)
https://www.google.com/maps/search/etablissement+wellness+Autheuil-en-Valois%2BFrance/,traité (2026-08-22 16:35)
https://www.google.com/maps/search/etablissement+wellness+Autheux%2BFrance/,traité (2026-08-22 16:35)
https://www.google.com/maps/search/etablissement+wellness+Authevernes%2BFrance/,traité (2026-08-22 16:35)
https://www.google.com/maps/search/etablissement+wellness+Authezat%2BFrance/,traité (2026-08-22 16:35)
https://www.google.com/maps/search/etablissement+wellness+Authie%2BFrance/,traité (2026-08-22 16:37)
https://www.google.com/maps/search/etablissement+wellness+Authie%2BFrance/,traité (2026-08-22 16:37)
https://www.google.com/maps/search/etablissement+wellness+Authieule%2BFrance/,traité (2026-08-22 16:37)
https://www.google.com/maps/search/etablissement+wellness+Les Authieux%2BFrance/,traité (2026-08-22 16:37)
https://www.google.com/maps/search/etablissement+wellness+Les Authieux-du-Puits%2BFrance/,traité (2026-08-22 16:37)
https://www.google.com/maps/search/etablissement+wellness+Les Authieux-Papion%2BFrance/,traité (2026-08-22 16:37)
https://www.google.com/maps/search/etablissement+wellness+Authieux-Ratiéville%2BFrance/,traité (2026-08-22 16:37)
https://www.google.com/maps/search/etablissement+wellness+Les Authieux-sur-Calonne%2BFrance/,traité (2026-08-22 16:37)
https://www.google.com/maps/search/etablissement+wellness+Les Authieux-sur-le-Port-Saint-Ouen%2BFrance/,traité (2026-08-22 16:38)
https://www.google.com/maps/search/etablissement+wellness+Authiou%2BFrance/,traité (2026-08-22 16:38)
https://www.google.com/maps/search/etablissement+wellness+Authoison%2BFrance/,traité (2026-08-22 16:38)
https://www.google.com/maps/search/etablissement+wellness+Authon%2BFrance/,traité (2026-08-22 16:38)
https://www.google.com/maps/search/etablissement+wellness+Authon%2BFrance/,traité (2026-08-22 16:38)
https://www.google.com/maps/search/etablissement+wellness+Authon-du-Perche%2BFrance/,traité (2026-08-22 16:40)
https://www.google.com/maps/search/etablissement+wellness+Authon-Ébéon%2BFrance/,traité (2026-08-22 16:40)
https://www.google.com/maps/search/etablissement+wellness+Authon-la-Plaine%2BFrance/,traité (2026-08-22 16:40)
https://www.google.com/maps/search/etablissement+wellness+Authou%2BFrance/,traité (2026-08-22 16:40)
https://www.google.com/maps/search/etablissement+wellness+Authuille%2BFrance/,traité (2026-08-22 16:40)
https://www.google.com/maps/search/etablissement+wellness+Authume%2BFrance/,traité (2026-08-22 16:40)
https://www.google.com/maps/search/etablissement+wellness+Authumes%2BFrance/,traité (2026-08-22 16:40)
https://www.google.com/maps/search/etablissement+wellness+Autichamp%2BFrance/,traité (2026-08-22 16:41)
https://www.google.com/maps/search/etablissement+wellness+Autignac%2BFrance/,traité (2026-08-22 16:41)
https://www.google.com/maps/search/etablissement+wellness+Autigny%2BFrance/,traité (2026-08-22 16:41)
https://www.google.com/maps/search/etablissement+wellness+Autigny-la-Tour%2BFrance/,échec (2026-08-22 16:41)
https://www.google.com/maps/search/etablissement+wellness+Autigny-le-Grand%2BFrance/,traité (2026-08-22 16:42)
https://www.google.com/maps/search/etablissement+wellness+Autigny-le-Petit%2BFrance/,traité (2026-08-22 16:44)
https://www.google.com/maps/search/etablissement+wellness+Autingues%2BFrance/,traité (2026-08-22 16:44)
https://www.google.com/maps/search/etablissement+wellness+Autoire%2BFrance/,traité (2026-08-22 16:44)
https://www.google.com/maps/search/etablissement+wellness+Autoreille%2BFrance/,traité (2026-08-22 16:44)
https://www.google.com/maps/search/etablissement+wellness+Autouillet%2BFrance/,traité (2026-08-22 16:44)
https://www.google.com/maps/search/etablissement+wellness+Autrac%2BFrance/,traité (2026-08-22 16:44)
https://www.google.com/maps/search/etablissement+wellness+Autrans-Méaudre en Vercors%2BFrance/,traité (2026-08-22 16:44)
https://www.google.com/maps/search/etablissement+wellness+Autrèche%2BFrance/,traité (2026-08-22 16:45)
https://www.google.com/maps/search/etablissement+wellness+Autrechêne%2BFrance/,traité (2026-08-22 16:45)
https://www.google.com/maps/search/etablissement+wellness+Autrêches%2BFrance/,traité (2026-08-22 16:45)
https://www.google.com/maps/search/etablissement+wellness+Autrecourt-et-Pourron%2BFrance/,traité (2026-08-22 16:45)
https://www.google.com/maps/search/etablissement+wellness+Autrécourt-sur-Aire%2BFrance/,traité (2026-08-22 16:46)
https://www.google.com/maps/search/etablissement+wellness+Autremencourt%2BFrance/,traité (2026-08-22 16:46)
https://www.google.com/maps/search/etablissement+wellness+Autrepierre%2BFrance/,traité (2026-08-22 16:48)
https://www.google.com/maps/search/etablissement+wellness+Autreppes%2BFrance/,traité (2026-08-22 16:48)
https://www.google.com/maps/search/etablissement+wellness+Autretot%2BFrance/,traité (2026-08-22 16:48)
https://www.google.com/maps/search/etablissement+wellness+Autreville%2BFrance/,traité (2026-08-22 16:48)
https://www.google.com/maps/search/etablissement+wellness+Autreville%2BFrance/,traité (2026-08-22 16:48)
https://www.google.com/maps/search/etablissement+wellness+Autréville-Saint-Lambert%2BFrance/,traité (2026-08-22 16:49)
https://www.google.com/maps/search/etablissement+wellness+Autreville-sur-la-Renne%2BFrance/,traité (2026-08-22 16:49)
https://www.google.com/maps/search/etablissement+wellness+Autreville-sur-Moselle%2BFrance/,traité (2026-08-22 16:49)
https://www.google.com/maps/search/etablissement+wellness+Autrey%2BFrance/,traité (2026-08-22 16:50)
https://www.google.com/maps/search/etablissement+wellness+Autrey%2BFrance/,traité (2026-08-22 16:50)
https://www.google.com/maps/search/etablissement+wellness+Autrey-le-Vay%2BFrance/,échec (2026-08-22 16:52)
https://www.google.com/maps/search/etablissement+wellness+Autrey-lès-Cerre%2BFrance/,traité (2026-08-22 16:52)
https://www.google.com/maps/search/etablissement+wellness+Autrey-lès-Gray%2BFrance/,traité (2026-08-22 16:52)
https://www.google.com/maps/search/etablissement+wellness+Autricourt%2BFrance/,traité (2026-08-22 16:52)
https://www.google.com/maps/search/etablissement+wellness+Autruche%2BFrance/,traité (2026-08-22 16:52)
https://www.google.com/maps/search/etablissement+wellness+Autruy-sur-Juine%2BFrance/,traité (2026-08-22 16:53)
https://www.google.com/maps/search/etablissement+wellness+Autry%2BFrance/,échec (2026-08-22 16:53)
https://www.google.com/maps/search/etablissement+wellness+Autry-Issards%2BFrance/,traité (2026-08-22 16:54)
https://www.google.com/maps/search/etablissement+wellness+Autry-le-Châtel%2BFrance/,traité (2026-08-22 16:54)
https://www.google.com/maps/search/etablissement+wellness+Autun%2BFrance/,traité (2026-08-22 16:54)
https://www.google.com/maps/search/etablissement+wellness+Auty%2BFrance/,traité (2026-08-22 16:56)
https://www.google.com/maps/search/etablissement+wellness+Auvare%2BFrance/,traité (2026-08-22 16:56)
https://www.google.com/maps/search/etablissement+wellness+Auve%2BFrance/,traité (2026-08-22 16:56)
https://www.google.com/maps/search/etablissement+wellness+Auvernaux%2BFrance/,traité (2026-08-22 16:56)
https://www.google.com/maps/search/etablissement+wellness+Auvers%2BFrance/,traité (2026-08-22 16:56)
https://www.google.com/maps/search/etablissement+wellness+Auvers%2BFrance/,traité (2026-08-22 16:56)
https://www.google.com/maps/search/etablissement+wellness+Auvers-le-Hamon%2BFrance/,traité (2026-08-22 16:57)
https://www.google.com/maps/search/etablissement+wellness+Auvers-Saint-Georges%2BFrance/,traité (2026-08-22 16:57)
https://www.google.com/maps/search/etablissement+wellness+Auvers-sous-Montfaucon%2BFrance/,traité (2026-08-22 16:58)
https://www.google.com/maps/search/etablissement+wellness+Auvers-sur-Oise%2BFrance/,traité (2026-08-22 16:58)
https://www.google.com/maps/search/etablissement+wellness+Auverse%2BFrance/,traité (2026-08-22 17:00)
https://www.google.com/maps/search/etablissement+wellness+Auvet-et-la-Chapelotte%2BFrance/,traité (2026-08-22 17:00)
https://www.google.com/maps/search/etablissement+wellness+Auvillar%2BFrance/,traité (2026-08-22 17:00)
https://www.google.com/maps/search/etablissement+wellness+Auvillars%2BFrance/,traité (2026-08-22 17:00)
https://www.google.com/maps/search/etablissement+wellness+Auvillars-sur-Saône%2BFrance/,traité (2026-08-22 17:00)
https://www.google.com/maps/search/etablissement+wellness+Auvillers-les-Forges%2BFrance/,traité (2026-08-22 17:00)
https://www.google.com/maps/search/etablissement+wellness+Auvilliers%2BFrance/,traité (2026-08-22 17:00)
https://www.google.com/maps/search/etablissement+wellness+Auvilliers-en-Gâtinais%2BFrance/,traité (2026-08-22 17:00)
https://www.google.com/maps/search/etablissement+wellness+Aux-Aussat%2BFrance/,traité (2026-08-22 17:01)
https://www.google.com/maps/search/etablissement+wellness+Auxais%2BFrance/,traité (2026-08-22 17:01)
https://www.google.com/maps/search/etablissement+wellness+Auxange%2BFrance/,traité (2026-08-22 17:03)
https://www.google.com/maps/search/etablissement+wellness+Auxant%2BFrance/,traité (2026-08-22 17:03)
https://www.google.com/maps/search/etablissement+wellness+Auxelles-Bas%2BFrance/,traité (2026-08-22 17:03)
https://www.google.com/maps/search/etablissement+wellness+Auxelles-Haut%2BFrance/,traité (2026-08-22 17:03)
https://www.google.com/maps/search/etablissement+wellness+Auxerre%2BFrance/,traité (2026-08-22 17:03)
https://www.google.com/maps/search/etablissement+wellness+Auxey-Duresses%2BFrance/,traité (2026-08-22 17:03)
https://www.google.com/maps/search/etablissement+wellness+Auxi-le-Château%2BFrance/,traité (2026-08-22 17:03)
https://www.google.com/maps/search/etablissement+wellness+Auxon%2BFrance/,traité (2026-08-22 17:04)
https://www.google.com/maps/search/etablissement+wellness+Auxon%2BFrance/,traité (2026-08-22 17:04)
https://www.google.com/maps/search/etablissement+wellness+Auxonne%2BFrance/,traité (2026-08-22 17:04)
https://www.google.com/maps/search/etablissement+wellness+Les Auxons%2BFrance/,traité (2026-08-22 17:06)
https://www.google.com/maps/search/etablissement+wellness+Auxy%2BFrance/,traité (2026-08-22 17:06)
https://www.google.com/maps/search/etablissement+wellness+Auxy%2BFrance/,traité (2026-08-22 17:06)
https://www.google.com/maps/search/etablissement+wellness+Auzainvilliers%2BFrance/,traité (2026-08-22 17:06)
https://www.google.com/maps/search/etablissement+wellness+Auzances%2BFrance/,traité (2026-08-22 17:06)
https://www.google.com/maps/search/etablissement+wellness+Auzas%2BFrance/,traité (2026-08-22 17:07)
https://www.google.com/maps/search/etablissement+wellness+Auzat%2BFrance/,traité (2026-08-22 17:07)
https://www.google.com/maps/search/etablissement+wellness+Auzat-la-Combelle%2BFrance/,traité (2026-08-22 17:08)
https://www.google.com/maps/search/etablissement+wellness+Auzebosc%2BFrance/,traité (2026-08-22 17:08)
https://www.google.com/maps/search/etablissement+wellness+Auzelles%2BFrance/,traité (2026-08-22 17:11)
https://www.google.com/maps/search/etablissement+wellness+Auzers%2BFrance/,traité (2026-08-22 17:11)
https://www.google.com/maps/search/etablissement+wellness+Auzet%2BFrance/,traité (2026-08-22 17:11)
https://www.google.com/maps/search/etablissement+wellness+Auzeville-Tolosane%2BFrance/,traité (2026-08-22 17:11)
https://www.google.com/maps/search/etablissement+wellness+Auzielle%2BFrance/,traité (2026-08-22 17:11)
https://www.google.com/maps/search/etablissement+wellness+Auzits%2BFrance/,traité (2026-08-22 17:11)
https://www.google.com/maps/search/etablissement+wellness+Auzon%2BFrance/,traité (2026-08-22 17:11)
https://www.google.com/maps/search/etablissement+wellness+Auzouer-en-Touraine%2BFrance/,traité (2026-08-22 17:11)
https://www.google.com/maps/search/etablissement+wellness+Auzouville-Auberbosc%2BFrance/,traité (2026-08-22 17:12)
https://www.google.com/maps/search/etablissement+wellness+Auzouville-l'Esneval%2BFrance/,traité (2026-08-22 17:12)
https://www.google.com/maps/search/etablissement+wellness+Auzouville-sur-Ry%2BFrance/,traité (2026-08-22 17:12)
https://www.google.com/maps/search/etablissement+wellness+Auzouville-sur-Saâne%2BFrance/,traité (2026-08-22 17:14)
https://www.google.com/maps/search/etablissement+wellness+Availles-en-Châtellerault%2BFrance/,traité (2026-08-22 17:14)
https://www.google.com/maps/search/etablissement+wellness+Availles-Limouzine%2BFrance/,traité (2026-08-22 17:14)
https://www.google.com/maps/search/etablissement+wellness+Availles-sur-Seiche%2BFrance/,traité (2026-08-22 17:14)
https://www.google.com/maps/search/etablissement+wellness+Availles-Thouarsais%2BFrance/,traité (2026-08-22 17:14)
https://www.google.com/maps/search/etablissement+wellness+Avajan%2BFrance/,traité (2026-08-22 17:15)
https://www.google.com/maps/search/etablissement+wellness+Avallon%2BFrance/,traité (2026-08-22 17:15)
https://www.google.com/maps/search/etablissement+wellness+Les Avanchers-Valmorel%2BFrance/,traité (2026-08-22 17:15)
https://www.google.com/maps/search/etablissement+wellness+Avançon%2BFrance/,traité (2026-08-22 17:16)
https://www.google.com/maps/search/etablissement+wellness+Avançon%2BFrance/,traité (2026-08-22 17:16)
https://www.google.com/maps/search/etablissement+wellness+Avanne-Aveney%2BFrance/,traité (2026-08-22 17:18)
https://www.google.com/maps/search/etablissement+wellness+Avant-lès-Marcilly%2BFrance/,traité (2026-08-22 17:18)
https://www.google.com/maps/search/etablissement+wellness+Avant-lès-Ramerupt%2BFrance/,traité (2026-08-22 17:18)
https://www.google.com/maps/search/etablissement+wellness+Avanton%2BFrance/,traité (2026-08-22 17:18)
https://www.google.com/maps/search/etablissement+wellness+Avapessa%2BFrance/,traité (2026-08-22 17:18)
https://www.google.com/maps/search/etablissement+wellness+Avaray%2BFrance/,traité (2026-08-22 17:18)
https://www.google.com/maps/search/etablissement+wellness+Avaux%2BFrance/,traité (2026-08-22 17:18)
https://www.google.com/maps/search/etablissement+wellness+Aveize%2BFrance/,traité (2026-08-22 17:18)
https://www.google.com/maps/search/etablissement+wellness+Aveizieux%2BFrance/,traité (2026-08-22 17:18)
https://www.google.com/maps/search/etablissement+wellness+Avelanges%2BFrance/,traité (2026-08-22 17:19)
https://www.google.com/maps/search/etablissement+wellness+Avelesges%2BFrance/,traité (2026-08-22 17:21)
https://www.google.com/maps/search/etablissement+wellness+Avelin%2BFrance/,traité (2026-08-22 17:21)
https://www.google.com/maps/search/etablissement+wellness+Aveluy%2BFrance/,traité (2026-08-22 17:21)
https://www.google.com/maps/search/etablissement+wellness+Avenas%2BFrance/,traité (2026-08-22 17:21)
https://www.google.com/maps/search/etablissement+wellness+Avenay%2BFrance/,traité (2026-08-22 17:21)
https://www.google.com/maps/search/etablissement+wellness+Avenay-Val-d'Or%2BFrance/,traité (2026-08-22 17:21)
https://www.google.com/maps/search/etablissement+wellness+Avène%2BFrance/,traité (2026-08-22 17:21)
https://www.google.com/maps/search/etablissement+wellness+Les Avenières Veyrins-Thuellin%2BFrance/,traité (2026-08-22 17:22)
https://www.google.com/maps/search/etablissement+wellness+Avensac%2BFrance/,traité (2026-08-22 17:22)
https://www.google.com/maps/search/etablissement+wellness+Avensan%2BFrance/,traité (2026-08-22 17:22)
https://www.google.com/maps/search/etablissement+wellness+Aventignan%2BFrance/,traité (2026-08-22 17:25)
https://www.google.com/maps/search/etablissement+wellness+Averan%2BFrance/,traité (2026-08-22 17:25)
https://www.google.com/maps/search/etablissement+wellness+Averdoingt%2BFrance/,traité (2026-08-22 17:25)
https://www.google.com/maps/search/etablissement+wellness+Averdon%2BFrance/,traité (2026-08-22 17:25)
https://www.google.com/maps/search/etablissement+wellness+Avermes%2BFrance/,traité (2026-08-22 17:25)
https://www.google.com/maps/search/etablissement+wellness+Avernes%2BFrance/,traité (2026-08-22 17:25)
https://www.google.com/maps/search/etablissement+wellness+Avernes-Saint-Gourgon%2BFrance/,traité (2026-08-22 17:25)
https://www.google.com/maps/search/etablissement+wellness+Avernes-sous-Exmes%2BFrance/,
https://www.google.com/maps/search/etablissement+wellness+Avéron-Bergelle%2BFrance/,
https://www.google.com/maps/search/etablissement+wellness+Averton%2BFrance/,
https://www.google.com/maps/search/etablissement+wellness+Avesnelles%2BFrance/,
https://www.google.com/maps/search/etablissement+wellness+Avesnes%2BFrance/,
https://www.google.com/maps/search/etablissement+wellness+Avesnes-Chaussoy%2BFrance/,
https://www.google.com/maps/search/etablissement+wellness+Avesnes-en-Bray%2BFrance/,
https://www.google.com/maps/search/etablissement+wellness+Avesnes-en-Saosnois%2BFrance/,
https://www.google.com/maps/search/etablissement+wellness+Avesnes-en-Val%2BFrance/,
https://www.google.com/maps/search/etablissement+wellness+Avesnes-le-Comte%2BFrance/,
https://www.google.com/maps/search/etablissement+wellness+Avesnes-le-Sec%2BFrance/,
https://www.google.com/maps/search/etablissement+wellness+Avesnes-les-Aubert%2BFrance/,
https://www.google.com/maps/search/etablissement+wellness+Avesnes-lès-Bapaume%2BFrance/,
https://www.google.com/maps/search/etablissement+wellness+Avesnes-sur-Helpe%2BFrance/,
https://www.google.com/maps/search/etablissement+wellness+Avessac%2BFrance/,
https://www.google.com/maps/search/etablissement+wellness+Avessé%2BFrance/,
https://www.google.com/maps/search/etablissement+wellness+Aveux%2BFrance/,
https://www.google.com/maps/search/etablissement+wellness+Avezac-Prat-Lahitte%2BFrance/,
https://www.google.com/maps/search/etablissement+wellness+Avezan%2BFrance/,
https://www.google.com/maps/search/etablissement+wellness+Avezé%2BFrance/,
https://www.google.com/maps/search/etablissement+wellness+Avèze%2BFrance/,
https://www.google.com/maps/search/etablissement+wellness+Avèze%2BFrance/,
https://www.google.com/maps/search/etablissement+wellness+Aviernoz%2BFrance/,
https://www.google.com/maps/search/etablissement+wellness+Avignon%2BFrance/,
https://www.google.com/maps/search/etablissement+wellness+Avignon-lès-Saint-Claude%2BFrance/,
https://www.google.com/maps/search/etablissement+wellness+Avignonet%2BFrance/,
https://www.google.com/maps/search/etablissement+wellness+Avignonet-Lauragais%2BFrance/,
https://www.google.com/maps/search/etablissement+wellness+Avillers%2BFrance/,
https://www.google.com/maps/search/etablissement+wellness+Avillers%2BFrance/,
https://www.google.com/maps/search/etablissement+wellness+Avillers-Sainte-Croix%2BFrance/,
https://www.google.com/maps/search/etablissement+wellness+Avilley%2BFrance/,
https://www.google.com/maps/search/etablissement+wellness+Avilly-Saint-Léonard%2BFrance/,
https://www.google.com/maps/search/etablissement+wellness+Avion%2BFrance/,
https://www.google.com/maps/search/etablissement+wellness+Avioth%2BFrance/,
https://www.google.com/maps/search/etablissement+wellness+Aviré%2BFrance/,
https://www.google.com/maps/search/etablissement+wellness+Avirey-Lingey%2BFrance/,
https://www.google.com/maps/search/etablissement+wellness+Aviron%2BFrance/,
https://www.google.com/maps/search/etablissement+wellness+Les Avirons%2BFrance/,
https://www.google.com/maps/search/etablissement+wellness+Avize%2BFrance/,
https://www.google.com/maps/search/etablissement+wellness+Avocourt%2BFrance/,
https://www.google.com/maps/search/etablissement+wellness+Avoine%2BFrance/,
https://www.google.com/maps/search/etablissement+wellness+Avoine%2BFrance/,
https://www.google.com/maps/search/etablissement+wellness+Avoise%2BFrance/,
https://www.google.com/maps/search/etablissement+wellness+Avolsheim%2BFrance/,
https://www.google.com/maps/search/etablissement+wellness+Avon%2BFrance/,
https://www.google.com/maps/search/etablissement+wellness+Avon%2BFrance/,
https://www.google.com/maps/search/etablissement+wellness+Avon-la-Pèze%2BFrance/,
https://www.google.com/maps/search/etablissement+wellness+Avon-les-Roches%2BFrance/,
https://www.google.com/maps/search/etablissement+wellness+Avondance%2BFrance/,
https://www.google.com/maps/search/etablissement+wellness+Avord%2BFrance/,
https://www.google.com/maps/search/etablissement+wellness+Avosnes%2BFrance/,
https://www.google.com/maps/search/etablissement+wellness+Avot%2BFrance/,
https://www.google.com/maps/search/etablissement+wellness+Avoudrey%2BFrance/,
https://www.google.com/maps/search/etablissement+wellness+Avrainville%2BFrance/,
https://www.google.com/maps/search/etablissement+wellness+Avrainville%2BFrance/,
https://www.google.com/maps/search/etablissement+wellness+Avrainville%2BFrance/,
https://www.google.com/maps/search/etablissement+wellness+Avranches%2BFrance/,
https://www.google.com/maps/search/etablissement+wellness+Avranville%2BFrance/,
https://www.google.com/maps/search/etablissement+wellness+Avrechy%2BFrance/,
https://www.google.com/maps/search/etablissement+wellness+Avrecourt%2BFrance/,
https://www.google.com/maps/search/etablissement+wellness+Avrée%2BFrance/,
https://www.google.com/maps/search/etablissement+wellness+Avremesnil%2BFrance/,
https://www.google.com/maps/search/etablissement+wellness+Avressieux%2BFrance/,
https://www.google.com/maps/search/etablissement+wellness+Avreuil%2BFrance/,
https://www.google.com/maps/search/etablissement+wellness+Avricourt%2BFrance/,
https://www.google.com/maps/search/etablissement+wellness+Avricourt%2BFrance/,
https://www.google.com/maps/search/etablissement+wellness+Avricourt%2BFrance/,
https://www.google.com/maps/search/etablissement+wellness+Avrieux%2BFrance/,
https://www.google.com/maps/search/etablissement+wellness+Avrigney-Virey%2BFrance/,
https://www.google.com/maps/search/etablissement+wellness+Avrigny%2BFrance/,
https://www.google.com/maps/search/etablissement+wellness+Avril%2BFrance/,
https://www.google.com/maps/search/etablissement+wellness+Avril-sur-Loire%2BFrance/,
https://www.google.com/maps/search/etablissement+wellness+Avrillé%2BFrance/,
https://www.google.com/maps/search/etablissement+wellness+Avrillé%2BFrance/,
https://www.google.com/maps/search/etablissement+wellness+Avrillé-les-Ponceaux%2BFrance/,
https://www.google.com/maps/search/etablissement+wellness+Avrilly%2BFrance/,
https://www.google.com/maps/search/etablissement+wellness+Avrilly%2BFrance/,
https://www.google.com/maps/search/etablissement+wellness+Avroult%2BFrance/,
https://www.google.com/maps/search/etablissement+wellness+Avy%2BFrance/,
https://www.google.com/maps/search/etablissement+wellness+Awala-Yalimapo%2BFrance/,
https://www.google.com/maps/search/etablissement+wellness+Awoingt%2BFrance/,
https://www.google.com/maps/search/etablissement+wellness+Ax-les-Thermes%2BFrance/,
https://www.google.com/maps/search/etablissement+wellness+Axat%2BFrance/,
https://www.google.com/maps/search/etablissement+wellness+Axiat%2BFrance/,
https://www.google.com/maps/search/etablissement+wellness+Aÿ-Champagne%2BFrance/,
https://www.google.com/maps/search/etablissement+wellness+Ay-sur-Moselle%2BFrance/,
https://www.google.com/maps/search/etablissement+wellness+Ayat-sur-Sioule%2BFrance/,
https://www.google.com/maps/search/etablissement+wellness+Aydat%2BFrance/,
https://www.google.com/maps/search/etablissement+wellness+Aydie%2BFrance/,
https://www.google.com/maps/search/etablissement+wellness+Aydius%2BFrance/,
https://www.google.com/maps/search/etablissement+wellness+Aydoilles%2BFrance/,
https://www.google.com/maps/search/etablissement+wellness+Ayen%2BFrance/,
https://www.google.com/maps/search/etablissement+wellness+Ayencourt%2BFrance/,
https://www.google.com/maps/search/etablissement+wellness+Ayette%2BFrance/,
https://www.google.com/maps/search/etablissement+wellness+Ayguatébia-Talau%2BFrance/,
https://www.google.com/maps/search/etablissement+wellness+Ayguemorte-les-Graves%2BFrance/,
https://www.google.com/maps/search/etablissement+wellness+Ayguesvives%2BFrance/,
https://www.google.com/maps/search/etablissement+wellness+Ayguetinte%2BFrance/,
https://www.google.com/maps/search/etablissement+wellness+Ayherre%2BFrance/,
https://www.google.com/maps/search/etablissement+wellness+Ayn%2BFrance/,
https://www.google.com/maps/search/etablissement+wellness+Aynac%2BFrance/,
https://www.google.com/maps/search/etablissement+wellness+Les Aynans%2BFrance/,
https://www.google.com/maps/search/etablissement+wellness+Ayrens%2BFrance/,
https://www.google.com/maps/search/etablissement+wellness+Ayron%2BFrance/,
https://www.google.com/maps/search/etablissement+wellness+Ayros-Arbouix%2BFrance/,
https://www.google.com/maps/search/etablissement+wellness+Ayse%2BFrance/,
https://www.google.com/maps/search/etablissement+wellness+Ayssènes%2BFrance/,
https://www.google.com/maps/search/etablissement+wellness+Aytré%2BFrance/,
https://www.google.com/maps/search/etablissement+wellness+Les Ayvelles%2BFrance/,
https://www.google.com/maps/search/etablissement+wellness+Ayzac-Ost%2BFrance/,
https://www.google.com/maps/search/etablissement+wellness+Ayzieu%2BFrance/,
https://www.google.com/maps/search/etablissement+wellness+Azannes-et-Soumazannes%2BFrance/,
https://www.google.com/maps/search/etablissement+wellness+Azas%2BFrance/,
https://www.google.com/maps/search/etablissement+wellness+Azat-Châtenet%2BFrance/,
https://www.google.com/maps/search/etablissement+wellness+Azat-le-Ris%2BFrance/,
https://www.google.com/maps/search/etablissement+wellness+Azay-le-Brûlé%2BFrance/,
https://www.google.com/maps/search/etablissement+wellness+Azay-le-Ferron%2BFrance/,
https://www.google.com/maps/search/etablissement+wellness+Azay-le-Rideau%2BFrance/,
https://www.google.com/maps/search/etablissement+wellness+Azay-sur-Cher%2BFrance/,
https://www.google.com/maps/search/etablissement+wellness+Azay-sur-Indre%2BFrance/,
https://www.google.com/maps/search/etablissement+wellness+Azay-sur-Thouet%2BFrance/,
https://www.google.com/maps/search/etablissement+wellness+Azé%2BFrance/,
https://www.google.com/maps/search/etablissement+wellness+Azé%2BFrance/,
https://www.google.com/maps/search/etablissement+wellness+Azé%2BFrance/,
https://www.google.com/maps/search/etablissement+wellness+Azelot%2BFrance/,
https://www.google.com/maps/search/etablissement+wellness+Azerables%2BFrance/,
https://www.google.com/maps/search/etablissement+wellness+Azerailles%2BFrance/,
https://www.google.com/maps/search/etablissement+wellness+Azerat%2BFrance/,
https://www.google.com/maps/search/etablissement+wellness+Azérat%2BFrance/,
https://www.google.com/maps/search/etablissement+wellness+Azereix%2BFrance/,
https://www.google.com/maps/search/etablissement+wellness+Azet%2BFrance/,
https://www.google.com/maps/search/etablissement+wellness+Azeville%2BFrance/,
https://www.google.com/maps/search/etablissement+wellness+Azillanet%2BFrance/,
https://www.google.com/maps/search/etablissement+wellness+Azille%2BFrance/,
https://www.google.com/maps/search/etablissement+wellness+Azilone-Ampaza%2BFrance/,
https://www.google.com/maps/search/etablissement+wellness+Azincourt%2BFrance/,
https://www.google.com/maps/search/etablissement+wellness+Azolette%2BFrance/,
https://www.google.com/maps/search/etablissement+wellness+Azoudange%2BFrance/,
https://www.google.com/maps/search/etablissement+wellness+Azur%2BFrance/,
https://www.google.com/maps/search/etablissement+wellness+Azy%2BFrance/,
https://www.google.com/maps/search/etablissement+wellness+Azy-le-Vif%2BFrance/,
https://www.google.com/maps/search/etablissement+wellness+Azy-sur-Marne%2BFrance/,
https://www.google.com/maps/search/etablissement+wellness+Azzana%2BFrance/,
https://www.google.com/maps/search/etablissement+wellness+Baâlon%2BFrance/,
https://www.google.com/maps/search/etablissement+wellness+Baâlons%2BFrance/,
https://www.google.com/maps/search/etablissement+wellness+Babeau-Bouldoux%2BFrance/,
https://www.google.com/maps/search/etablissement+wellness+Babœuf%2BFrance/,
https://www.google.com/maps/search/etablissement+wellness+Baby%2BFrance/,
https://www.google.com/maps/search/etablissement+wellness+Baccarat%2BFrance/,
https://www.google.com/maps/search/etablissement+wellness+Baccon%2BFrance/,
https://www.google.com/maps/search/etablissement+wellness+Bach%2BFrance/,
https://www.google.com/maps/search/etablissement+wellness+Bachant%2BFrance/,
https://www.google.com/maps/search/etablissement+wellness+Bachas%2BFrance/,
https://www.google.com/maps/search/etablissement+wellness+La Bachellerie%2BFrance/,
https://www.google.com/maps/search/etablissement+wellness+Bachivillers%2BFrance/,
https://www.google.com/maps/search/etablissement+wellness+Bachos%2BFrance/,
https://www.google.com/maps/search/etablissement+wellness+Bachy%2BFrance/,
https://www.google.com/maps/search/etablissement+wellness+Bacilly%2BFrance/,
https://www.google.com/maps/search/etablissement+wellness+Baconnes%2BFrance/,
https://www.google.com/maps/search/etablissement+wellness+La Baconnière%2BFrance/,
https://www.google.com/maps/search/etablissement+wellness+Bacouël%2BFrance/,
https://www.google.com/maps/search/etablissement+wellness+Bacouel-sur-Selle%2BFrance/,
https://www.google.com/maps/search/etablissement+wellness+Bacourt%2BFrance/,
https://www.google.com/maps/search/etablissement+wellness+Bacquepuis%2BFrance/,
https://www.google.com/maps/search/etablissement+wellness+Bacqueville%2BFrance/,
https://www.google.com/maps/search/etablissement+wellness+Bacqueville-en-Caux%2BFrance/,
https://www.google.com/maps/search/etablissement+wellness+Badailhac%2BFrance/,
https://www.google.com/maps/search/etablissement+wellness+Badaroux%2BFrance/,
https://www.google.com/maps/search/etablissement+wellness+Badecon-le-Pin%2BFrance/,
https://www.google.com/maps/search/etablissement+wellness+Badefols-d'Ans%2BFrance/,
https://www.google.com/maps/search/etablissement+wellness+Badefols-sur-Dordogne%2BFrance/,
https://www.google.com/maps/search/etablissement+wellness+Baden%2BFrance/,
https://www.google.com/maps/search/etablissement+wellness+Badens%2BFrance/,
https://www.google.com/maps/search/etablissement+wellness+Badevel%2BFrance/,
https://www.google.com/maps/search/etablissement+wellness+Badménil-aux-Bois%2BFrance/,
https://www.google.com/maps/search/etablissement+wellness+Badonviller%2BFrance/,
https://www.google.com/maps/search/etablissement+wellness+Badonvilliers-Gérauvilliers%2BFrance/,
https://www.google.com/maps/search/etablissement+wellness+Baerendorf%2BFrance/,
https://www.google.com/maps/search/etablissement+wellness+Baerenthal%2BFrance/,
https://www.google.com/maps/search/etablissement+wellness+La Baffe%2BFrance/,
https://www.google.com/maps/search/etablissement+wellness+Baffie%2BFrance/,
https://www.google.com/maps/search/etablissement+wellness+Bagard%2BFrance/,
https://www.google.com/maps/search/etablissement+wellness+Bagas%2BFrance/,
https://www.google.com/maps/search/etablissement+wellness+Bagat-en-Quercy%2BFrance/,
https://www.google.com/maps/search/etablissement+wellness+Bâgé-Dommartin%2BFrance/,
https://www.google.com/maps/search/etablissement+wellness+Bâgé-le-Châtel%2BFrance/,
https://www.google.com/maps/search/etablissement+wellness+Bagert%2BFrance/,
https://www.google.com/maps/search/etablissement+wellness+Bages%2BFrance/,
https://www.google.com/maps/search/etablissement+wellness+Bages%2BFrance/,
https://www.google.com/maps/search/etablissement+wellness+Bagiry%2BFrance/,
https://www.google.com/maps/search/etablissement+wellness+Bagnac-sur-Célé%2BFrance/,
https://www.google.com/maps/search/etablissement+wellness+Bagneaux%2BFrance/,
https://www.google.com/maps/search/etablissement+wellness+Bagneaux-sur-Loing%2BFrance/,
https://www.google.com/maps/search/etablissement+wellness+Bagnères-de-Bigorre%2BFrance/,
https://www.google.com/maps/search/etablissement+wellness+Bagnères-de-Luchon%2BFrance/,
https://www.google.com/maps/search/etablissement+wellness+Bagneux%2BFrance/,
https://www.google.com/maps/search/etablissement+wellness+Bagneux%2BFrance/,
https://www.google.com/maps/search/etablissement+wellness+Bagneux%2BFrance/,
https://www.google.com/maps/search/etablissement+wellness+Bagneux%2BFrance/,
https://www.google.com/maps/search/etablissement+wellness+Bagneux%2BFrance/,
https://www.google.com/maps/search/etablissement+wellness+Bagneux%2BFrance/,
https://www.google.com/maps/search/etablissement+wellness+Bagneux-la-Fosse%2BFrance/,
https://www.google.com/maps/search/etablissement+wellness+Bagnizeau%2BFrance/,
https://www.google.com/maps/search/etablissement+wellness+Bagnoles%2BFrance/,
https://www.google.com/maps/search/etablissement+wellness+Bagnoles de l'Orne Normandie%2BFrance/,
https://www.google.com/maps/search/etablissement+wellness+Bagnolet%2BFrance/,
https://www.google.com/maps/search/etablissement+wellness+Bagnols%2BFrance/,
https://www.google.com/maps/search/etablissement+wellness+Bagnols%2BFrance/,
https://www.google.com/maps/search/etablissement+wellness+Bagnols-en-Forêt%2BFrance/,
https://www.google.com/maps/search/etablissement+wellness+Bagnols-les-Bains%2BFrance/,
https://www.google.com/maps/search/etablissement+wellness+Bagnols-sur-Cèze%2BFrance/,
https://www.google.com/maps/search/etablissement+wellness+Bagnot%2BFrance/,
https://www.google.com/maps/search/etablissement+wellness+Baguer-Morvan%2BFrance/,
https://www.google.com/maps/search/etablissement+wellness+Baguer-Pican%2BFrance/,
https://www.google.com/maps/search/etablissement+wellness+Baho%2BFrance/,
https://www.google.com/maps/search/etablissement+wellness+Bahus-Soubiran%2BFrance/,
https://www.google.com/maps/search/etablissement+wellness+Baie-Mahault%2BFrance/,
https://www.google.com/maps/search/etablissement+wellness+Baigneaux%2BFrance/,
https://www.google.com/maps/search/etablissement+wellness+Baigneaux%2BFrance/,
https://www.google.com/maps/search/etablissement+wellness+Baigneaux%2BFrance/,
https://www.google.com/maps/search/etablissement+wellness+Baignes%2BFrance/,
https://www.google.com/maps/search/etablissement+wellness+Baignes-Sainte-Radegonde%2BFrance/,
https://www.google.com/maps/search/etablissement+wellness+Baigneux-les-Juifs%2BFrance/,
https://www.google.com/maps/search/etablissement+wellness+Baigts%2BFrance/,
https://www.google.com/maps/search/etablissement+wellness+Baigts-de-Béarn%2BFrance/,
https://www.google.com/maps/search/etablissement+wellness+Baillargues%2BFrance/,
https://www.google.com/maps/search/etablissement+wellness+Baillé%2BFrance/,
https://www.google.com/maps/search/etablissement+wellness+Bailleau-Armenonville%2BFrance/,
https://www.google.com/maps/search/etablissement+wellness+Bailleau-l'Évêque%2BFrance/,
https://www.google.com/maps/search/etablissement+wellness+Bailleau-le-Pin%2BFrance/,
https://www.google.com/maps/search/etablissement+wellness+Baillestavy%2BFrance/,
https://www.google.com/maps/search/etablissement+wellness+Baillet-en-France%2BFrance/,
https://www.google.com/maps/search/etablissement+wellness+Bailleul%2BFrance/,
https://www.google.com/maps/search/etablissement+wellness+Bailleul%2BFrance/,
https://www.google.com/maps/search/etablissement+wellness+Le Bailleul%2BFrance/,
https://www.google.com/maps/search/etablissement+wellness+Bailleul%2BFrance/,
https://www.google.com/maps/search/etablissement+wellness+Bailleul-aux-Cornailles%2BFrance/,
https://www.google.com/maps/search/etablissement+wellness+Bailleul-la-Vallée%2BFrance/,
https://www.google.com/maps/search/etablissement+wellness+Bailleul-le-Soc%2BFrance/,
https://www.google.com/maps/search/etablissement+wellness+Bailleul-lès-Pernes%2BFrance/,
https://www.google.com/maps/search/etablissement+wellness+Bailleul-Neuville%2BFrance/,
https://www.google.com/maps/search/etablissement+wellness+Bailleul-Sir-Berthoult%2BFrance/,
https://www.google.com/maps/search/etablissement+wellness+Bailleul-sur-Thérain%2BFrance/,
https://www.google.com/maps/search/etablissement+wellness+Bailleulmont%2BFrance/,
https://www.google.com/maps/search/etablissement+wellness+Bailleulval%2BFrance/,
https://www.google.com/maps/search/etablissement+wellness+Bailleval%2BFrance/,
https://www.google.com/maps/search/etablissement+wellness+Baillif%2BFrance/,
https://www.google.com/maps/search/etablissement+wellness+Baillolet%2BFrance/,
https://www.google.com/maps/search/etablissement+wellness+Baillou%2BFrance/,
https://www.google.com/maps/search/etablissement+wellness+Bailly%2BFrance/,
https://www.google.com/maps/search/etablissement+wellness+Bailly%2BFrance/,
https://www.google.com/maps/search/etablissement+wellness+Bailly-aux-Forges%2BFrance/,
https://www.google.com/maps/search/etablissement+wellness+Bailly-en-Rivière%2BFrance/,
https://www.google.com/maps/search/etablissement+wellness+Bailly-le-Franc%2BFrance/,
https://www.google.com/maps/search/etablissement+wellness+Bailly-Romainvilliers%2BFrance/,
https://www.google.com/maps/search/etablissement+wellness+Bain-de-Bretagne%2BFrance/,
https://www.google.com/maps/search/etablissement+wellness+Baincthun%2BFrance/,
https://www.google.com/maps/search/etablissement+wellness+Bainghen%2BFrance/,
https://www.google.com/maps/search/etablissement+wellness+Bains%2BFrance/,
https://www.google.com/maps/search/etablissement+wellness+Bains-sur-Oust%2BFrance/,
https://www.google.com/maps/search/etablissement+wellness+Bainville-aux-Miroirs%2BFrance/,
https://www.google.com/maps/search/etablissement+wellness+Bainville-aux-Saules%2BFrance/,
https://www.google.com/maps/search/etablissement+wellness+Bainville-sur-Madon%2BFrance/,
https://www.google.com/maps/search/etablissement+wellness+Bairols%2BFrance/,
https://www.google.com/maps/search/etablissement+wellness+Bairon et ses environs%2BFrance/,
https://www.google.com/maps/search/etablissement+wellness+Bais%2BFrance/,
https://www.google.com/maps/search/etablissement+wellness+Bais%2BFrance/,
https://www.google.com/maps/search/etablissement+wellness+Baisieux%2BFrance/,
https://www.google.com/maps/search/etablissement+wellness+Baissey%2BFrance/,
https://www.google.com/maps/search/etablissement+wellness+Baives%2BFrance/,
https://www.google.com/maps/search/etablissement+wellness+Baix%2BFrance/,
https://www.google.com/maps/search/etablissement+wellness+Baixas%2BFrance/,
https://www.google.com/maps/search/etablissement+wellness+Baizieux%2BFrance/,
https://www.google.com/maps/search/etablissement+wellness+Le Baizil%2BFrance/,
https://www.google.com/maps/search/etablissement+wellness+Bajamont%2BFrance/,
https://www.google.com/maps/search/etablissement+wellness+Bajonnette%2BFrance/,
https://www.google.com/maps/search/etablissement+wellness+Bajus%2BFrance/,
https://www.google.com/maps/search/etablissement+wellness+Balacet%2BFrance/,
https://www.google.com/maps/search/etablissement+wellness+Baladou%2BFrance/,
https://www.google.com/maps/search/etablissement+wellness+Balagny-sur-Thérain%2BFrance/,
https://www.google.com/maps/search/etablissement+wellness+Balaguères%2BFrance/,
https://www.google.com/maps/search/etablissement+wellness+Balaguier-d'Olt%2BFrance/,
https://www.google.com/maps/search/etablissement+wellness+Balaguier-sur-Rance%2BFrance/,
https://www.google.com/maps/search/etablissement+wellness+Balaiseaux%2BFrance/,
https://www.google.com/maps/search/etablissement+wellness+Balaives-et-Butz%2BFrance/,
https://www.google.com/maps/search/etablissement+wellness+Balan%2BFrance/,
https://www.google.com/maps/search/etablissement+wellness+Balan%2BFrance/,
https://www.google.com/maps/search/etablissement+wellness+Balanod%2BFrance/,
https://www.google.com/maps/search/etablissement+wellness+Balansun%2BFrance/,
https://www.google.com/maps/search/etablissement+wellness+Balanzac%2BFrance/,
https://www.google.com/maps/search/etablissement+wellness+Balaruc-le-Vieux%2BFrance/,
https://www.google.com/maps/search/etablissement+wellness+Balaruc-les-Bains%2BFrance/,
https://www.google.com/maps/search/etablissement+wellness+Balâtre%2BFrance/,
https://www.google.com/maps/search/etablissement+wellness+Balazé%2BFrance/,
https://www.google.com/maps/search/etablissement+wellness+Balazuc%2BFrance/,
https://www.google.com/maps/search/etablissement+wellness+Balbigny%2BFrance/,
https://www.google.com/maps/search/etablissement+wellness+Balbins%2BFrance/,
https://www.google.com/maps/search/etablissement+wellness+Balbronn%2BFrance/,
https://www.google.com/maps/search/etablissement+wellness+Baldenheim%2BFrance/,
https://www.google.com/maps/search/etablissement+wellness+Baldersheim%2BFrance/,
https://www.google.com/maps/search/etablissement+wellness+La Baleine%2BFrance/,
https://www.google.com/maps/search/etablissement+wellness+Baleix%2BFrance/,
https://www.google.com/maps/search/etablissement+wellness+Balesta%2BFrance/,
https://www.google.com/maps/search/etablissement+wellness+Baleyssagues%2BFrance/,
https://www.google.com/maps/search/etablissement+wellness+Balgau%2BFrance/,
https://www.google.com/maps/search/etablissement+wellness+Balham%2BFrance/,
https://www.google.com/maps/search/etablissement+wellness+Balignac%2BFrance/,
https://www.google.com/maps/search/etablissement+wellness+Balignicourt%2BFrance/,
https://www.google.com/maps/search/etablissement+wellness+Bâlines%2BFrance/,
https://www.google.com/maps/search/etablissement+wellness+Balinghem%2BFrance/,
https://www.google.com/maps/search/etablissement+wellness+Baliracq-Maumusson%2BFrance/,
https://www.google.com/maps/search/etablissement+wellness+Baliros%2BFrance/,
https://www.google.com/maps/search/etablissement+wellness+Balizac%2BFrance/,
https://www.google.com/maps/search/etablissement+wellness+Ballainvilliers%2BFrance/,
https://www.google.com/maps/search/etablissement+wellness+Ballaison%2BFrance/,
https://www.google.com/maps/search/etablissement+wellness+Ballan-Miré%2BFrance/,
https://www.google.com/maps/search/etablissement+wellness+Ballancourt-sur-Essonne%2BFrance/,
https://www.google.com/maps/search/etablissement+wellness+Ballans%2BFrance/,
https://www.google.com/maps/search/etablissement+wellness+Ballay%2BFrance/,
https://www.google.com/maps/search/etablissement+wellness+Balledent%2BFrance/,
https://www.google.com/maps/search/etablissement+wellness+Balleray%2BFrance/,
https://www.google.com/maps/search/etablissement+wellness+Balleroy-sur-Drôme%2BFrance/,
https://www.google.com/maps/search/etablissement+wellness+Ballersdorf%2BFrance/,
https://www.google.com/maps/search/etablissement+wellness+Balléville%2BFrance/,
https://www.google.com/maps/search/etablissement+wellness+Ballon%2BFrance/,
https://www.google.com/maps/search/etablissement+wellness+Ballon-Saint Mars%2BFrance/,
https://www.google.com/maps/search/etablissement+wellness+Ballons%2BFrance/,
https://www.google.com/maps/search/etablissement+wellness+Ballore%2BFrance/,
https://www.google.com/maps/search/etablissement+wellness+Ballots%2BFrance/,
https://www.google.com/maps/search/etablissement+wellness+Balloy%2BFrance/,
https://www.google.com/maps/search/etablissement+wellness+Balma%2BFrance/,
https://www.google.com/maps/search/etablissement+wellness+La Balme%2BFrance/,
https://www.google.com/maps/search/etablissement+wellness+La Balme-d'Épy%2BFrance/,
https://www.google.com/maps/search/etablissement+wellness+La Balme-de-Sillingy%2BFrance/,
https://www.google.com/maps/search/etablissement+wellness+La Balme-de-Thuy%2BFrance/,
https://www.google.com/maps/search/etablissement+wellness+La Balme-les-Grottes%2BFrance/,
https://www.google.com/maps/search/etablissement+wellness+Balnot-la-Grange%2BFrance/,
https://www.google.com/maps/search/etablissement+wellness+Balnot-sur-Laignes%2BFrance/,
https://www.google.com/maps/search/etablissement+wellness+Balogna%2BFrance/,
https://www.google.com/maps/search/etablissement+wellness+Balot%2BFrance/,
https://www.google.com/maps/search/etablissement+wellness+Balsac%2BFrance/,
https://www.google.com/maps/search/etablissement+wellness+Balschwiller%2BFrance/,
https://www.google.com/maps/search/etablissement+wellness+Balsièges%2BFrance/,
https://www.google.com/maps/search/etablissement+wellness+Baltzenheim%2BFrance/,
https://www.google.com/maps/search/etablissement+wellness+Balzac%2BFrance/,
https://www.google.com/maps/search/etablissement+wellness+Bambecque%2BFrance/,
https://www.google.com/maps/search/etablissement+wellness+Bambiderstroff%2BFrance/,
https://www.google.com/maps/search/etablissement+wellness+Ban-de-Laveline%2BFrance/,
https://www.google.com/maps/search/etablissement+wellness+Ban-de-Sapt%2BFrance/,
https://www.google.com/maps/search/etablissement+wellness+Le Ban-Saint-Martin%2BFrance/,
https://www.google.com/maps/search/etablissement+wellness+Ban-sur-Meurthe-Clefcy%2BFrance/,
https://www.google.com/maps/search/etablissement+wellness+Banassac-Canilhac%2BFrance/,
https://www.google.com/maps/search/etablissement+wellness+Banca%2BFrance/,
https://www.google.com/maps/search/etablissement+wellness+Bancigny%2BFrance/,
https://www.google.com/maps/search/etablissement+wellness+Bancourt%2BFrance/,
https://www.google.com/maps/search/etablissement+wellness+Bandol%2BFrance/,
https://www.google.com/maps/search/etablissement+wellness+Bandraboua%2BFrance/,
https://www.google.com/maps/search/etablissement+wellness+Bandrele%2BFrance/,
https://www.google.com/maps/search/etablissement+wellness+Baneins%2BFrance/,
https://www.google.com/maps/search/etablissement+wellness+Baneuil%2BFrance/,
https://www.google.com/maps/search/etablissement+wellness+Bangor%2BFrance/,
https://www.google.com/maps/search/etablissement+wellness+Banios%2BFrance/,
https://www.google.com/maps/search/etablissement+wellness+Banize%2BFrance/,
https://www.google.com/maps/search/etablissement+wellness+Bannalec%2BFrance/,
https://www.google.com/maps/search/etablissement+wellness+Bannans%2BFrance/,
https://www.google.com/maps/search/etablissement+wellness+Bannay%2BFrance/,
https://www.google.com/maps/search/etablissement+wellness+Bannay%2BFrance/,
https://www.google.com/maps/search/etablissement+wellness+Bannay%2BFrance/,
https://www.google.com/maps/search/etablissement+wellness+Banne%2BFrance/,
https://www.google.com/maps/search/etablissement+wellness+Bannegon%2BFrance/,
https://www.google.com/maps/search/etablissement+wellness+Bannes%2BFrance/,
https://www.google.com/maps/search/etablissement+wellness+Bannes%2BFrance/,
https://www.google.com/maps/search/etablissement+wellness+Bannes%2BFrance/,
https://www.google.com/maps/search/etablissement+wellness+Bannes%2BFrance/,
https://www.google.com/maps/search/etablissement+wellness+Banneville-la-Campagne%2BFrance/,
https://www.google.com/maps/search/etablissement+wellness+Bannières%2BFrance/,
https://www.google.com/maps/search/etablissement+wellness+Bannoncourt%2BFrance/,
https://www.google.com/maps/search/etablissement+wellness+Bannost-Villegagnon%2BFrance/,
https://www.google.com/maps/search/etablissement+wellness+Banogne-Recouvrance%2BFrance/,
https://www.google.com/maps/search/etablissement+wellness+Banon%2BFrance/,
https://www.google.com/maps/search/etablissement+wellness+Banos%2BFrance/,
https://www.google.com/maps/search/etablissement+wellness+Bans%2BFrance/,
https://www.google.com/maps/search/etablissement+wellness+Bansat%2BFrance/,
https://www.google.com/maps/search/etablissement+wellness+Bantanges%2BFrance/,
https://www.google.com/maps/search/etablissement+wellness+Banteux%2BFrance/,
https://www.google.com/maps/search/etablissement+wellness+Banthelu%2BFrance/,
https://www.google.com/maps/search/etablissement+wellness+Bantheville%2BFrance/,
https://www.google.com/maps/search/etablissement+wellness+Bantigny%2BFrance/,
https://www.google.com/maps/search/etablissement+wellness+Bantouzelle%2BFrance/,
https://www.google.com/maps/search/etablissement+wellness+Bantzenheim%2BFrance/,
https://www.google.com/maps/search/etablissement+wellness+Banvillars%2BFrance/,
https://www.google.com/maps/search/etablissement+wellness+Banville%2BFrance/,
https://www.google.com/maps/search/etablissement+wellness+Banvou%2BFrance/,
https://www.google.com/maps/search/etablissement+wellness+Banyuls-dels-Aspres%2BFrance/,
https://www.google.com/maps/search/etablissement+wellness+Banyuls-sur-Mer%2BFrance/,
https://www.google.com/maps/search/etablissement+wellness+Baon%2BFrance/,
https://www.google.com/maps/search/etablissement+wellness+Baons-le-Comte%2BFrance/,
https://www.google.com/maps/search/etablissement+wellness+Bapaume%2BFrance/,
https://www.google.com/maps/search/etablissement+wellness+Bar%2BFrance/,
https://www.google.com/maps/search/etablissement+wellness+Bar-le-Duc%2BFrance/,
https://www.google.com/maps/search/etablissement+wellness+Bar-lès-Buzancy%2BFrance/,
https://www.google.com/maps/search/etablissement+wellness+Bar-sur-Aube%2BFrance/,
https://www.google.com/maps/search/etablissement+wellness+Le Bar-sur-Loup%2BFrance/,
https://www.google.com/maps/search/etablissement+wellness+Bar-sur-Seine%2BFrance/,
https://www.google.com/maps/search/etablissement+wellness+Baracé%2BFrance/,
https://www.google.com/maps/search/etablissement+wellness+Baraigne%2BFrance/,
https://www.google.com/maps/search/etablissement+wellness+Baraize%2BFrance/,
https://www.google.com/maps/search/etablissement+wellness+Baralle%2BFrance/,
https://www.google.com/maps/search/etablissement+wellness+Baraqueville%2BFrance/,
https://www.google.com/maps/search/etablissement+wellness+Barastre%2BFrance/,
https://www.google.com/maps/search/etablissement+wellness+Baratier%2BFrance/,
https://www.google.com/maps/search/etablissement+wellness+Barbachen%2BFrance/,
https://www.google.com/maps/search/etablissement+wellness+Barbaggio%2BFrance/,
https://www.google.com/maps/search/etablissement+wellness+Barbaira%2BFrance/,
https://www.google.com/maps/search/etablissement+wellness+Barbaise%2BFrance/,
https://www.google.com/maps/search/etablissement+wellness+Barbas%2BFrance/,
https://www.google.com/maps/search/etablissement+wellness+Barbaste%2BFrance/,
https://www.google.com/maps/search/etablissement+wellness+Barbâtre%2BFrance/,
https://www.google.com/maps/search/etablissement+wellness+Barbazan%2BFrance/,
https://www.google.com/maps/search/etablissement+wellness+Barbazan-Debat%2BFrance/,
https://www.google.com/maps/search/etablissement+wellness+Barbazan-Dessus%2BFrance/,
https://www.google.com/maps/search/etablissement+wellness+La Barben%2BFrance/,
https://www.google.com/maps/search/etablissement+wellness+Barbentane%2BFrance/,
https://www.google.com/maps/search/etablissement+wellness+Barberaz%2BFrance/,
https://www.google.com/maps/search/etablissement+wellness+Barberey-Saint-Sulpice%2BFrance/,
https://www.google.com/maps/search/etablissement+wellness+Barberier%2BFrance/,
https://www.google.com/maps/search/etablissement+wellness+Barbery%2BFrance/,
https://www.google.com/maps/search/etablissement+wellness+Barbery%2BFrance/,
https://www.google.com/maps/search/etablissement+wellness+Barbeville%2BFrance/,
https://www.google.com/maps/search/etablissement+wellness+Barbey%2BFrance/,
https://www.google.com/maps/search/etablissement+wellness+Barbey-Seroux%2BFrance/,
https://www.google.com/maps/search/etablissement+wellness+Barbezières%2BFrance/,
https://www.google.com/maps/search/etablissement+wellness+Barbezieux-Saint-Hilaire%2BFrance/,
https://www.google.com/maps/search/etablissement+wellness+Barbières%2BFrance/,
https://www.google.com/maps/search/etablissement+wellness+Barbirey-sur-Ouche%2BFrance/,
https://www.google.com/maps/search/etablissement+wellness+Barbizon%2BFrance/,
https://www.google.com/maps/search/etablissement+wellness+Barbonne-Fayel%2BFrance/,
https://www.google.com/maps/search/etablissement+wellness+Barbonville%2BFrance/,
https://www.google.com/maps/search/etablissement+wellness+Le Barboux%2BFrance/,
https://www.google.com/maps/search/etablissement+wellness+Barbuise%2BFrance/,
https://www.google.com/maps/search/etablissement+wellness+Barby%2BFrance/,
https://www.google.com/maps/search/etablissement+wellness+Barby%2BFrance/,
https://www.google.com/maps/search/etablissement+wellness+Barc%2BFrance/,
https://www.google.com/maps/search/etablissement+wellness+Le Barcarès%2BFrance/,
https://www.google.com/maps/search/etablissement+wellness+Barcelonne%2BFrance/,
https://www.google.com/maps/search/etablissement+wellness+Barcelonne-du-Gers%2BFrance/,
https://www.google.com/maps/search/etablissement+wellness+Barcelonnette%2BFrance/,
https://www.google.com/maps/search/etablissement+wellness+Barchain%2BFrance/,
https://www.google.com/maps/search/etablissement+wellness+Barcillonnette%2BFrance/,
https://www.google.com/maps/search/etablissement+wellness+Barcugnan%2BFrance/,
https://www.google.com/maps/search/etablissement+wellness+Barcus%2BFrance/,
https://www.google.com/maps/search/etablissement+wellness+Barcy%2BFrance/,
https://www.google.com/maps/search/etablissement+wellness+Bard%2BFrance/,
https://www.google.com/maps/search/etablissement+wellness+Bard-le-Régulier%2BFrance/,
https://www.google.com/maps/search/etablissement+wellness+Bard-lès-Époisses%2BFrance/,
https://www.google.com/maps/search/etablissement+wellness+Bard-lès-Pesmes%2BFrance/,
https://www.google.com/maps/search/etablissement+wellness+La Barde%2BFrance/,
https://www.google.com/maps/search/etablissement+wellness+Bardenac%2BFrance/,
https://www.google.com/maps/search/etablissement+wellness+Bardigues%2BFrance/,
https://www.google.com/maps/search/etablissement+wellness+Le Bardon%2BFrance/,
https://www.google.com/maps/search/etablissement+wellness+Bardos%2BFrance/,
https://www.google.com/maps/search/etablissement+wellness+Bardou%2BFrance/,
https://www.google.com/maps/search/etablissement+wellness+Bardouville%2BFrance/,
https://www.google.com/maps/search/etablissement+wellness+Barèges%2BFrance/,
https://www.google.com/maps/search/etablissement+wellness+Bareilles%2BFrance/,
https://www.google.com/maps/search/etablissement+wellness+Barembach%2BFrance/,
https://www.google.com/maps/search/etablissement+wellness+Baren%2BFrance/,
https://www.google.com/maps/search/etablissement+wellness+Barentin%2BFrance/,
https://www.google.com/maps/search/etablissement+wellness+Barenton%2BFrance/,
https://www.google.com/maps/search/etablissement+wellness+Barenton-Bugny%2BFrance/,
https://www.google.com/maps/search/etablissement+wellness+Barenton-Cel%2BFrance/,
https://www.google.com/maps/search/etablissement+wellness+Barenton-sur-Serre%2BFrance/,
https://www.google.com/maps/search/etablissement+wellness+Barésia-sur-l'Ain%2BFrance/,
https://www.google.com/maps/search/etablissement+wellness+Barfleur%2BFrance/,
https://www.google.com/maps/search/etablissement+wellness+Bargème%2BFrance/,
https://www.google.com/maps/search/etablissement+wellness+Bargemon%2BFrance/,
https://www.google.com/maps/search/etablissement+wellness+Barges%2BFrance/,
https://www.google.com/maps/search/etablissement+wellness+Barges%2BFrance/,
https://www.google.com/maps/search/etablissement+wellness+Barges%2BFrance/,
https://www.google.com/maps/search/etablissement+wellness+Bargny%2BFrance/,
https://www.google.com/maps/search/etablissement+wellness+Barie%2BFrance/,
https://www.google.com/maps/search/etablissement+wellness+Les Barils%2BFrance/,
https://www.google.com/maps/search/etablissement+wellness+Barinque%2BFrance/,
https://www.google.com/maps/search/etablissement+wellness+Barisey-au-Plain%2BFrance/,
https://www.google.com/maps/search/etablissement+wellness+Barisey-la-Côte%2BFrance/,
https://www.google.com/maps/search/etablissement+wellness+Barisis-aux-Bois%2BFrance/,
https://www.google.com/maps/search/etablissement+wellness+Barizey%2BFrance/,
https://www.google.com/maps/search/etablissement+wellness+Barjac%2BFrance/,
https://www.google.com/maps/search/etablissement+wellness+Barjac%2BFrance/,
https://www.google.com/maps/search/etablissement+wellness+Barjac%2BFrance/,
https://www.google.com/maps/search/etablissement+wellness+Barjols%2BFrance/,
https://www.google.com/maps/search/etablissement+wellness+Barjon%2BFrance/,
https://www.google.com/maps/search/etablissement+wellness+Barjouville%2BFrance/,
https://www.google.com/maps/search/etablissement+wellness+Barles%2BFrance/,
https://www.google.com/maps/search/etablissement+wellness+Barlest%2BFrance/,
https://www.google.com/maps/search/etablissement+wellness+Barleux%2BFrance/,
https://www.google.com/maps/search/etablissement+wellness+Barlieu%2BFrance/,
https://www.google.com/maps/search/etablissement+wellness+Barlin%2BFrance/,
https://www.google.com/maps/search/etablissement+wellness+Barly%2BFrance/,
https://www.google.com/maps/search/etablissement+wellness+Barly%2BFrance/,
https://www.google.com/maps/search/etablissement+wellness+Barmainville%2BFrance/,
https://www.google.com/maps/search/etablissement+wellness+Barnas%2BFrance/,
https://www.google.com/maps/search/etablissement+wellness+Barnave%2BFrance/,
https://www.google.com/maps/search/etablissement+wellness+Barnay%2BFrance/,
https://www.google.com/maps/search/etablissement+wellness+Barneville-Carteret%2BFrance/,
https://www.google.com/maps/search/etablissement+wellness+Barneville-la-Bertran%2BFrance/,
https://www.google.com/maps/search/etablissement+wellness+Barneville-sur-Seine%2BFrance/,
https://www.google.com/maps/search/etablissement+wellness+Les Baroches%2BFrance/,
https://www.google.com/maps/search/etablissement+wellness+Baromesnil%2BFrance/,
https://www.google.com/maps/search/etablissement+wellness+Baron%2BFrance/,
https://www.google.com/maps/search/etablissement+wellness+Baron%2BFrance/,
https://www.google.com/maps/search/etablissement+wellness+Baron%2BFrance/,
https://www.google.com/maps/search/etablissement+wellness+Baron%2BFrance/,
https://www.google.com/maps/search/etablissement+wellness+Baron-sur-Odon%2BFrance/,
https://www.google.com/maps/search/etablissement+wellness+La Baronnie%2BFrance/,
https://www.google.com/maps/search/etablissement+wellness+Baronville%2BFrance/,
https://www.google.com/maps/search/etablissement+wellness+Barou-en-Auge%2BFrance/,
https://www.google.com/maps/search/etablissement+wellness+Baroville%2BFrance/,
https://www.google.com/maps/search/etablissement+wellness+Le Barp%2BFrance/,
https://www.google.com/maps/search/etablissement+wellness+Barquet%2BFrance/,
https://www.google.com/maps/search/etablissement+wellness+Barr%2BFrance/,
https://www.google.com/maps/search/etablissement+wellness+Barrais-Bussolles%2BFrance/,
https://www.google.com/maps/search/etablissement+wellness+Barran%2BFrance/,
https://www.google.com/maps/search/etablissement+wellness+Barrancoueu%2BFrance/,
https://www.google.com/maps/search/etablissement+wellness+Barras%2BFrance/,
https://www.google.com/maps/search/etablissement+wellness+Barraute-Camu%2BFrance/,
https://www.google.com/maps/search/etablissement+wellness+Barraux%2BFrance/,
https://www.google.com/maps/search/etablissement+wellness+La Barre%2BFrance/,
https://www.google.com/maps/search/etablissement+wellness+La Barre%2BFrance/,
https://www.google.com/maps/search/etablissement+wellness+Barre%2BFrance/,
https://www.google.com/maps/search/etablissement+wellness+La Barre-de-Monts%2BFrance/,
https://www.google.com/maps/search/etablissement+wellness+La Barre-de-Semilly%2BFrance/,
https://www.google.com/maps/search/etablissement+wellness+Barre-des-Cévennes%2BFrance/,
https://www.google.com/maps/search/etablissement+wellness+Barrême%2BFrance/,
https://www.google.com/maps/search/etablissement+wellness+Barret%2BFrance/,
https://www.google.com/maps/search/etablissement+wellness+Barret-de-Lioure%2BFrance/,
https://www.google.com/maps/search/etablissement+wellness+Barret-sur-Méouge%2BFrance/,
https://www.google.com/maps/search/etablissement+wellness+Barretaine%2BFrance/,
https://www.google.com/maps/search/etablissement+wellness+Barrettali%2BFrance/,
https://www.google.com/maps/search/etablissement+wellness+Barriac-les-Bosquets%2BFrance/,
https://www.google.com/maps/search/etablissement+wellness+Barro%2BFrance/,
https://www.google.com/maps/search/etablissement+wellness+Barrou%2BFrance/,
https://www.google.com/maps/search/etablissement+wellness+Le Barroux%2BFrance/,
https://www.google.com/maps/search/etablissement+wellness+Barry%2BFrance/,
https://www.google.com/maps/search/etablissement+wellness+Barry-d'Islemade%2BFrance/,
https://www.google.com/maps/search/etablissement+wellness+Bars%2BFrance/,
https://www.google.com/maps/search/etablissement+wellness+Bars%2BFrance/,
https://www.google.com/maps/search/etablissement+wellness+Barsac%2BFrance/,
https://www.google.com/maps/search/etablissement+wellness+Barsac%2BFrance/,
https://www.google.com/maps/search/etablissement+wellness+Barst%2BFrance/,
https://www.google.com/maps/search/etablissement+wellness+Bart%2BFrance/,
https://www.google.com/maps/search/etablissement+wellness+Bartenheim%2BFrance/,
https://www.google.com/maps/search/etablissement+wellness+Barthe%2BFrance/,
https://www.google.com/maps/search/etablissement+wellness+La Barthe-de-Neste%2BFrance/,
https://www.google.com/maps/search/etablissement+wellness+Bartherans%2BFrance/,
https://www.google.com/maps/search/etablissement+wellness+Les Barthes%2BFrance/,
https://www.google.com/maps/search/etablissement+wellness+Bartrès%2BFrance/,
https://www.google.com/maps/search/etablissement+wellness+Barville%2BFrance/,
https://www.google.com/maps/search/etablissement+wellness+Barville%2BFrance/,
https://www.google.com/maps/search/etablissement+wellness+Barville%2BFrance/,
https://www.google.com/maps/search/etablissement+wellness+Barville-en-Gâtinais%2BFrance/,
https://www.google.com/maps/search/etablissement+wellness+Barzan%2BFrance/,
https://www.google.com/maps/search/etablissement+wellness+Barzun%2BFrance/,
https://www.google.com/maps/search/etablissement+wellness+Barzy-en-Thiérache%2BFrance/,
https://www.google.com/maps/search/etablissement+wellness+Barzy-sur-Marne%2BFrance/,
https://www.google.com/maps/search/etablissement+wellness+Le Bas Ségala%2BFrance/,
https://www.google.com/maps/search/etablissement+wellness+Bas-en-Basset%2BFrance/,
https://www.google.com/maps/search/etablissement+wellness+Bas-et-Lezat%2BFrance/,
https://www.google.com/maps/search/etablissement+wellness+Bas-Lieu%2BFrance/,
https://www.google.com/maps/search/etablissement+wellness+Bas-Mauco%2BFrance/,
https://www.google.com/maps/search/etablissement+wellness+Bascons%2BFrance/,
https://www.google.com/maps/search/etablissement+wellness+Bascous%2BFrance/,
https://www.google.com/maps/search/etablissement+wellness+Baslieux%2BFrance/,
https://www.google.com/maps/search/etablissement+wellness+Baslieux-lès-Fismes%2BFrance/,
https://www.google.com/maps/search/etablissement+wellness+Baslieux-sous-Châtillon%2BFrance/,
https://www.google.com/maps/search/etablissement+wellness+Basly%2BFrance/,
https://www.google.com/maps/search/etablissement+wellness+Bassac%2BFrance/,
https://www.google.com/maps/search/etablissement+wellness+Bassan%2BFrance/,
https://www.google.com/maps/search/etablissement+wellness+Bassanne%2BFrance/,
https://www.google.com/maps/search/etablissement+wellness+Basse-Goulaine%2BFrance/,
https://www.google.com/maps/search/etablissement+wellness+Basse-Ham%2BFrance/,
https://www.google.com/maps/search/etablissement+wellness+Basse-Pointe%2BFrance/,
https://www.google.com/maps/search/etablissement+wellness+Basse-Rentgen%2BFrance/,
https://www.google.com/maps/search/etablissement+wellness+Basse-sur-le-Rupt%2BFrance/,
https://www.google.com/maps/search/etablissement+wellness+Basse-Terre%2BFrance/,
https://www.google.com/maps/search/etablissement+wellness+La Basse-Vaivre%2BFrance/,
https://www.google.com/maps/search/etablissement+wellness+La Bassée%2BFrance/,
https://www.google.com/maps/search/etablissement+wellness+Bassemberg%2BFrance/,
https://www.google.com/maps/search/etablissement+wellness+Basseneville%2BFrance/,
https://www.google.com/maps/search/etablissement+wellness+Bassens%2BFrance/,
https://www.google.com/maps/search/etablissement+wellness+Bassens%2BFrance/,
https://www.google.com/maps/search/etablissement+wellness+Bassercles%2BFrance/,
https://www.google.com/maps/search/etablissement+wellness+Basses%2BFrance/,
https://www.google.com/maps/search/etablissement+wellness+Basseux%2BFrance/,
https://www.google.com/maps/search/etablissement+wellness+Bassevelle%2BFrance/,
https://www.google.com/maps/search/etablissement+wellness+Bassignac%2BFrance/,
https://www.google.com/maps/search/etablissement+wellness+Bassignac-le-Bas%2BFrance/,
https://www.google.com/maps/search/etablissement+wellness+Bassignac-le-Haut%2BFrance/,
https://www.google.com/maps/search/etablissement+wellness+Bassigney%2BFrance/,
https://www.google.com/maps/search/etablissement+wellness+Bassillac et Auberoche%2BFrance/,
https://www.google.com/maps/search/etablissement+wellness+Bassillon-Vauzé%2BFrance/,
https://www.google.com/maps/search/etablissement+wellness+Bassing%2BFrance/,
https://www.google.com/maps/search/etablissement+wellness+Bassoles-Aulers%2BFrance/,
https://www.google.com/maps/search/etablissement+wellness+Bassoncourt%2BFrance/,
https://www.google.com/maps/search/etablissement+wellness+Bassou%2BFrance/,
https://www.google.com/maps/search/etablissement+wellness+Bassoues%2BFrance/,
https://www.google.com/maps/search/etablissement+wellness+Bassu%2BFrance/,
https://www.google.com/maps/search/etablissement+wellness+Bassuet%2BFrance/,
https://www.google.com/maps/search/etablissement+wellness+Bassurels%2BFrance/,
https://www.google.com/maps/search/etablissement+wellness+Bassussarry%2BFrance/,
https://www.google.com/maps/search/etablissement+wellness+Bassy%2BFrance/,
https://www.google.com/maps/search/etablissement+wellness+Bastanès%2BFrance/,
https://www.google.com/maps/search/etablissement+wellness+Bastelica%2BFrance/,
https://www.google.com/maps/search/etablissement+wellness+Bastelicaccia%2BFrance/,
https://www.google.com/maps/search/etablissement+wellness+Bastennes%2BFrance/,
https://www.google.com/maps/search/etablissement+wellness+Bastia%2BFrance/,
https://www.google.com/maps/search/etablissement+wellness+La Bastide%2BFrance/,
https://www.google.com/maps/search/etablissement+wellness+La Bastide%2BFrance/,
https://www.google.com/maps/search/etablissement+wellness+La Bastide-Clairence%2BFrance/,
https://www.google.com/maps/search/etablissement+wellness+La Bastide-d'Engras%2BFrance/,
https://www.google.com/maps/search/etablissement+wellness+La Bastide-de-Besplas%2BFrance/,
https://www.google.com/maps/search/etablissement+wellness+La Bastide-de-Bousignac%2BFrance/,
https://www.google.com/maps/search/etablissement+wellness+La Bastide-de-Lordat%2BFrance/,
https://www.google.com/maps/search/etablissement+wellness+La Bastide-de-Sérou%2BFrance/,
https://www.google.com/maps/search/etablissement+wellness+La Bastide-des-Jourdans%2BFrance/,
https://www.google.com/maps/search/etablissement+wellness+La Bastide-du-Salat%2BFrance/,
https://www.google.com/maps/search/etablissement+wellness+La Bastide-Pradines%2BFrance/,
https://www.google.com/maps/search/etablissement+wellness+La Bastide-Puylaurent%2BFrance/,
https://www.google.com/maps/search/etablissement+wellness+La Bastide-Solages%2BFrance/,
https://www.google.com/maps/search/etablissement+wellness+La Bastide-sur-l'Hers%2BFrance/,
https://www.google.com/maps/search/etablissement+wellness+La Bastidonne%2BFrance/,
https://www.google.com/maps/search/etablissement+wellness+Le Bastit%2BFrance/,
https://www.google.com/maps/search/etablissement+wellness+Basville%2BFrance/,
https://www.google.com/maps/search/etablissement+wellness+La Bataille%2BFrance/,
https://www.google.com/maps/search/etablissement+wellness+Bathelémont%2BFrance/,
https://www.google.com/maps/search/etablissement+wellness+Bathernay%2BFrance/,
https://www.google.com/maps/search/etablissement+wellness+La Bâthie%2BFrance/,
https://www.google.com/maps/search/etablissement+wellness+La Bâtie-des-Fonds%2BFrance/,
https://www.google.com/maps/search/etablissement+wellness+La Bâtie-Montgascon%2BFrance/,
https://www.google.com/maps/search/etablissement+wellness+La Bâtie-Montsaléon%2BFrance/,
https://www.google.com/maps/search/etablissement+wellness+La Bâtie-Neuve%2BFrance/,
https://www.google.com/maps/search/etablissement+wellness+La Bâtie-Rolland%2BFrance/,
https://www.google.com/maps/search/etablissement+wellness+La Bâtie-Vieille%2BFrance/,
https://www.google.com/maps/search/etablissement+wellness+Les Bâties%2BFrance/,
https://www.google.com/maps/search/etablissement+wellness+Batilly%2BFrance/,
https://www.google.com/maps/search/etablissement+wellness+Batilly-en-Gâtinais%2BFrance/,
https://www.google.com/maps/search/etablissement+wellness+Batilly-en-Puisaye%2BFrance/,
https://www.google.com/maps/search/etablissement+wellness+Bats%2BFrance/,
https://www.google.com/maps/search/etablissement+wellness+Batsère%2BFrance/,
https://www.google.com/maps/search/etablissement+wellness+Battenans-les-Mines%2BFrance/,
https://www.google.com/maps/search/etablissement+wellness+Battenans-Varin%2BFrance/,
https://www.google.com/maps/search/etablissement+wellness+Battenheim%2BFrance/,
https://www.google.com/maps/search/etablissement+wellness+Battexey%2BFrance/,
https://www.google.com/maps/search/etablissement+wellness+Battigny%2BFrance/,
https://www.google.com/maps/search/etablissement+wellness+Battrans%2BFrance/,
https://www.google.com/maps/search/etablissement+wellness+Batz-sur-Mer%2BFrance/,
https://www.google.com/maps/search/etablissement+wellness+Batzendorf%2BFrance/,
https://www.google.com/maps/search/etablissement+wellness+Baubigny%2BFrance/,
https://www.google.com/maps/search/etablissement+wellness+Baubigny%2BFrance/,
https://www.google.com/maps/search/etablissement+wellness+La Bauche%2BFrance/,
https://www.google.com/maps/search/etablissement+wellness+Baud%2BFrance/,
https://www.google.com/maps/search/etablissement+wellness+Baudement%2BFrance/,
https://www.google.com/maps/search/etablissement+wellness+Baudemont%2BFrance/,
https://www.google.com/maps/search/etablissement+wellness+Baudignan%2BFrance/,
https://www.google.com/maps/search/etablissement+wellness+Baudignécourt%2BFrance/,
https://www.google.com/maps/search/etablissement+wellness+Baudinard-sur-Verdon%2BFrance/,
https://www.google.com/maps/search/etablissement+wellness+Baudoncourt%2BFrance/,
https://www.google.com/maps/search/etablissement+wellness+Baudonvilliers%2BFrance/,
https://www.google.com/maps/search/etablissement+wellness+Baudre%2BFrance/,
https://www.google.com/maps/search/etablissement+wellness+Baudrecourt%2BFrance/,
https://www.google.com/maps/search/etablissement+wellness+Baudrecourt%2BFrance/,
https://www.google.com/maps/search/etablissement+wellness+Baudreix%2BFrance/,
https://www.google.com/maps/search/etablissement+wellness+Baudrémont%2BFrance/,
https://www.google.com/maps/search/etablissement+wellness+Baudres%2BFrance/,
https://www.google.com/maps/search/etablissement+wellness+Baudreville%2BFrance/,
https://www.google.com/maps/search/etablissement+wellness+Baudricourt%2BFrance/,
https://www.google.com/maps/search/etablissement+wellness+Baudrières%2BFrance/,
https://www.google.com/maps/search/etablissement+wellness+Bauduen%2BFrance/,
https://www.google.com/maps/search/etablissement+wellness+Baugé-en-Anjou%2BFrance/,
https://www.google.com/maps/search/etablissement+wellness+Baugy%2BFrance/,
https://www.google.com/maps/search/etablissement+wellness+Baugy%2BFrance/,
https://www.google.com/maps/search/etablissement+wellness+Baugy%2BFrance/,
https://www.google.com/maps/search/etablissement+wellness+Baulay%2BFrance/,
https://www.google.com/maps/search/etablissement+wellness+Baule%2BFrance/,
https://www.google.com/maps/search/etablissement+wellness+La Baule-Escoublac%2BFrance/,
https://www.google.com/maps/search/etablissement+wellness+Baulme-la-Roche%2BFrance/,
https://www.google.com/maps/search/etablissement+wellness+Baulne%2BFrance/,
https://www.google.com/maps/search/etablissement+wellness+Baulny%2BFrance/,
https://www.google.com/maps/search/etablissement+wellness+Baulon%2BFrance/,
https://www.google.com/maps/search/etablissement+wellness+Baulou%2BFrance/,
https://www.google.com/maps/search/etablissement+wellness+La Baume%2BFrance/,
https://www.google.com/maps/search/etablissement+wellness+La Baume-Cornillane%2BFrance/,
https://www.google.com/maps/search/etablissement+wellness+La Baume-d'Hostun%2BFrance/,
https://www.google.com/maps/search/etablissement+wellness+La Baume-de-Transit%2BFrance/,
https://www.google.com/maps/search/etablissement+wellness+Baume-les-Dames%2BFrance/,
https://www.google.com/maps/search/etablissement+wellness+Baume-les-Messieurs%2BFrance/,
https://www.google.com/maps/search/etablissement+wellness+Baupte%2BFrance/,
https://www.google.com/maps/search/etablissement+wellness+Bauquay%2BFrance/,
https://www.google.com/maps/search/etablissement+wellness+Baurech%2BFrance/,
https://www.google.com/maps/search/etablissement+wellness+La Baussaine%2BFrance/,
https://www.google.com/maps/search/etablissement+wellness+Bauvin%2BFrance/,
https://www.google.com/maps/search/etablissement+wellness+Les Baux-de-Breteuil%2BFrance/,
https://www.google.com/maps/search/etablissement+wellness+Les Baux-de-Provence%2BFrance/,
https://www.google.com/maps/search/etablissement+wellness+Les Baux-Sainte-Croix%2BFrance/,
https://www.google.com/maps/search/etablissement+wellness+Bauzemont%2BFrance/,
https://www.google.com/maps/search/etablissement+wellness+Bauzy%2BFrance/,
https://www.google.com/maps/search/etablissement+wellness+Bavans%2BFrance/,
https://www.google.com/maps/search/etablissement+wellness+Bavay%2BFrance/,
https://www.google.com/maps/search/etablissement+wellness+Bavelincourt%2BFrance/,
https://www.google.com/maps/search/etablissement+wellness+Bavent%2BFrance/,
https://www.google.com/maps/search/etablissement+wellness+Baverans%2BFrance/,
https://www.google.com/maps/search/etablissement+wellness+Bavilliers%2BFrance/,
https://www.google.com/maps/search/etablissement+wellness+Bavinchove%2BFrance/,
https://www.google.com/maps/search/etablissement+wellness+Bavincourt%2BFrance/,
https://www.google.com/maps/search/etablissement+wellness+Bax%2BFrance/,
https://www.google.com/maps/search/etablissement+wellness+Bay%2BFrance/,
https://www.google.com/maps/search/etablissement+wellness+Bay-sur-Aube%2BFrance/,
https://www.google.com/maps/search/etablissement+wellness+Bayac%2BFrance/,
https://www.google.com/maps/search/etablissement+wellness+Bayard-sur-Marne%2BFrance/,
https://www.google.com/maps/search/etablissement+wellness+Bayas%2BFrance/,
https://www.google.com/maps/search/etablissement+wellness+Baye%2BFrance/,
https://www.google.com/maps/search/etablissement+wellness+Baye%2BFrance/,
https://www.google.com/maps/search/etablissement+wellness+Bayecourt%2BFrance/,
https://www.google.com/maps/search/etablissement+wellness+Bayel%2BFrance/,
https://www.google.com/maps/search/etablissement+wellness+Bayencourt%2BFrance/,
https://www.google.com/maps/search/etablissement+wellness+Bayenghem-lès-Éperlecques%2BFrance/,
https://www.google.com/maps/search/etablissement+wellness+Bayenghem-lès-Seninghem%2BFrance/,
https://www.google.com/maps/search/etablissement+wellness+Bayers%2BFrance/,
https://www.google.com/maps/search/etablissement+wellness+Bayet%2BFrance/,
https://www.google.com/maps/search/etablissement+wellness+Bayeux%2BFrance/,
https://www.google.com/maps/search/etablissement+wellness+Bayon%2BFrance/,
https://www.google.com/maps/search/etablissement+wellness+Bayon-sur-Gironde%2BFrance/,
https://www.google.com/maps/search/etablissement+wellness+Bayonne%2BFrance/,
https://www.google.com/maps/search/etablissement+wellness+Bayons%2BFrance/,
https://www.google.com/maps/search/etablissement+wellness+Bayonville%2BFrance/,
https://www.google.com/maps/search/etablissement+wellness+Bayonville-sur-Mad%2BFrance/,
https://www.google.com/maps/search/etablissement+wellness+Bayonvillers%2BFrance/,
https://www.google.com/maps/search/etablissement+wellness+Bazac%2BFrance/,
https://www.google.com/maps/search/etablissement+wellness+Bazaiges%2BFrance/,
https://www.google.com/maps/search/etablissement+wellness+Bazailles%2BFrance/,
https://www.google.com/maps/search/etablissement+wellness+Bazainville%2BFrance/,
https://www.google.com/maps/search/etablissement+wellness+Bazancourt%2BFrance/,
https://www.google.com/maps/search/etablissement+wellness+Bazancourt%2BFrance/,
https://www.google.com/maps/search/etablissement+wellness+Bazarnes%2BFrance/,
https://www.google.com/maps/search/etablissement+wellness+Bazas%2BFrance/,
https://www.google.com/maps/search/etablissement+wellness+Bazauges%2BFrance/,
https://www.google.com/maps/search/etablissement+wellness+Bazegney%2BFrance/,
https://www.google.com/maps/search/etablissement+wellness+Bazeilles%2BFrance/,
https://www.google.com/maps/search/etablissement+wellness+Bazeilles-sur-Othain%2BFrance/,
https://www.google.com/maps/search/etablissement+wellness+Bazelat%2BFrance/,
https://www.google.com/maps/search/etablissement+wellness+Bazemont%2BFrance/,
https://www.google.com/maps/search/etablissement+wellness+Bazens%2BFrance/,
https://www.google.com/maps/search/etablissement+wellness+Bazentin%2BFrance/,
https://www.google.com/maps/search/etablissement+wellness+Bazenville%2BFrance/,
https://www.google.com/maps/search/etablissement+wellness+Bazet%2BFrance/,
https://www.google.com/maps/search/etablissement+wellness+La Bazeuge%2BFrance/,
https://www.google.com/maps/search/etablissement+wellness+Bazian%2BFrance/,
https://www.google.com/maps/search/etablissement+wellness+Bazicourt%2BFrance/,
https://www.google.com/maps/search/etablissement+wellness+Baziège%2BFrance/,
https://www.google.com/maps/search/etablissement+wellness+Bazien%2BFrance/,
https://www.google.com/maps/search/etablissement+wellness+Bazillac%2BFrance/,
https://www.google.com/maps/search/etablissement+wellness+Bazincourt-sur-Epte%2BFrance/,
https://www.google.com/maps/search/etablissement+wellness+Bazincourt-sur-Saulx%2BFrance/,
https://www.google.com/maps/search/etablissement+wellness+Bazinghen%2BFrance/,
https://www.google.com/maps/search/etablissement+wellness+Bazinval%2BFrance/,
https://www.google.com/maps/search/etablissement+wellness+La Bazoche-Gouet%2BFrance/,
https://www.google.com/maps/search/etablissement+wellness+Bazoches%2BFrance/,
https://www.google.com/maps/search/etablissement+wellness+Bazoches-au-Houlme%2BFrance/,
https://www.google.com/maps/search/etablissement+wellness+Bazoches-en-Dunois%2BFrance/,
https://www.google.com/maps/search/etablissement+wellness+Bazoches-lès-Bray%2BFrance/,
https://www.google.com/maps/search/etablissement+wellness+Bazoches-les-Gallerandes%2BFrance/,
https://www.google.com/maps/search/etablissement+wellness+Bazoches-les-Hautes%2BFrance/,
https://www.google.com/maps/search/etablissement+wellness+Bazoches-sur-Guyonne%2BFrance/,
https://www.google.com/maps/search/etablissement+wellness+Bazoches-sur-Hoëne%2BFrance/,
https://www.google.com/maps/search/etablissement+wellness+Bazoches-sur-le-Betz%2BFrance/,
https://www.google.com/maps/search/etablissement+wellness+Bazoches-sur-Vesles%2BFrance/,
https://www.google.com/maps/search/etablissement+wellness+La Bazoge%2BFrance/,
https://www.google.com/maps/search/etablissement+wellness+La Bazoge%2BFrance/,
https://www.google.com/maps/search/etablissement+wellness+La Bazoge-Montpinçon%2BFrance/,
https://www.google.com/maps/search/etablissement+wellness+Bazoges-en-Paillers%2BFrance/,
https://www.google.com/maps/search/etablissement+wellness+Bazoges-en-Pareds%2BFrance/,
https://www.google.com/maps/search/etablissement+wellness+Bazoilles-et-Ménil%2BFrance/,
https://www.google.com/maps/search/etablissement+wellness+Bazoilles-sur-Meuse%2BFrance/,
https://www.google.com/maps/search/etablissement+wellness+Bazolles%2BFrance/,
https://www.google.com/maps/search/etablissement+wellness+Bazoncourt%2BFrance/,
https://www.google.com/maps/search/etablissement+wellness+La Bazoque%2BFrance/,
https://www.google.com/maps/search/etablissement+wellness+La Bazoque%2BFrance/,
https://www.google.com/maps/search/etablissement+wellness+Bazoques%2BFrance/,
https://www.google.com/maps/search/etablissement+wellness+Bazordan%2BFrance/,
https://www.google.com/maps/search/etablissement+wellness+La Bazouge-de-Chemeré%2BFrance/,
https://www.google.com/maps/search/etablissement+wellness+La Bazouge-des-Alleux%2BFrance/,
https://www.google.com/maps/search/etablissement+wellness+La Bazouge-du-Désert%2BFrance/,
https://www.google.com/maps/search/etablissement+wellness+Bazougers%2BFrance/,
https://www.google.com/maps/search/etablissement+wellness+Bazouges Cré sur Loir%2BFrance/,
https://www.google.com/maps/search/etablissement+wellness+Bazouges-la-Pérouse%2BFrance/,
https://www.google.com/maps/search/etablissement+wellness+Bazuel%2BFrance/,
https://www.google.com/maps/search/etablissement+wellness+Bazugues%2BFrance/,
https://www.google.com/maps/search/etablissement+wellness+Bazus%2BFrance/,
https://www.google.com/maps/search/etablissement+wellness+Bazus-Aure%2BFrance/,
https://www.google.com/maps/search/etablissement+wellness+Bazus-Neste%2BFrance/,
https://www.google.com/maps/search/etablissement+wellness+Le Béage%2BFrance/,
https://www.google.com/maps/search/etablissement+wellness+Béalcourt%2BFrance/,
https://www.google.com/maps/search/etablissement+wellness+Béalencourt%2BFrance/,
https://www.google.com/maps/search/etablissement+wellness+Béard%2BFrance/,
https://www.google.com/maps/search/etablissement+wellness+Béard-Géovreissiat%2BFrance/,
https://www.google.com/maps/search/etablissement+wellness+Beaubec-la-Rosière%2BFrance/,
https://www.google.com/maps/search/etablissement+wellness+Beaubery%2BFrance/,
https://www.google.com/maps/search/etablissement+wellness+Beaubray%2BFrance/,
https://www.google.com/maps/search/etablissement+wellness+Beaucaire%2BFrance/,
https://www.google.com/maps/search/etablissement+wellness+Beaucaire%2BFrance/,
https://www.google.com/maps/search/etablissement+wellness+Beaucamps-le-Jeune%2BFrance/,
https://www.google.com/maps/search/etablissement+wellness+Beaucamps-le-Vieux%2BFrance/,
https://www.google.com/maps/search/etablissement+wellness+Beaucamps-Ligny%2BFrance/,
https://www.google.com/maps/search/etablissement+wellness+Beaucé%2BFrance/,
https://www.google.com/maps/search/etablissement+wellness+Beauce la Romaine%2BFrance/,
https://www.google.com/maps/search/etablissement+wellness+Beaucens%2BFrance/,
https://www.google.com/maps/search/etablissement+wellness+Le Beaucet%2BFrance/,
https://www.google.com/maps/search/etablissement+wellness+Beauchalot%2BFrance/,
https://www.google.com/maps/search/etablissement+wellness+Beauchamp%2BFrance/,
https://www.google.com/maps/search/etablissement+wellness+Beauchamps%2BFrance/,
https://www.google.com/maps/search/etablissement+wellness+Beauchamps%2BFrance/,
https://www.google.com/maps/search/etablissement+wellness+Beauchamps-sur-Huillard%2BFrance/,
https://www.google.com/maps/search/etablissement+wellness+Beauchastel%2BFrance/,
https://www.google.com/maps/search/etablissement+wellness+Beauche%2BFrance/,
https://www.google.com/maps/search/etablissement+wellness+Beauchemin%2BFrance/,
https://www.google.com/maps/search/etablissement+wellness+Beauchêne%2BFrance/,
https://www.google.com/maps/search/etablissement+wellness+Beauchery-Saint-Martin%2BFrance/,
https://www.google.com/maps/search/etablissement+wellness+Beauclair%2BFrance/,
https://www.google.com/maps/search/etablissement+wellness+Beaucoudray%2BFrance/,
https://www.google.com/maps/search/etablissement+wellness+Beaucourt%2BFrance/,
https://www.google.com/maps/search/etablissement+wellness+Beaucourt-en-Santerre%2BFrance/,
https://www.google.com/maps/search/etablissement+wellness+Beaucourt-sur-l'Ancre%2BFrance/,
https://www.google.com/maps/search/etablissement+wellness+Beaucourt-sur-l'Hallue%2BFrance/,
https://www.google.com/maps/search/etablissement+wellness+Beaucouzé%2BFrance/,
https://www.google.com/maps/search/etablissement+wellness+Beaucroissant%2BFrance/,
https://www.google.com/maps/search/etablissement+wellness+Beaudéan%2BFrance/,
https://www.google.com/maps/search/etablissement+wellness+Beaudéduit%2BFrance/,
https://www.google.com/maps/search/etablissement+wellness+Beaudignies%2BFrance/,
https://www.google.com/maps/search/etablissement+wellness+Beaudricourt%2BFrance/,
https://www.google.com/maps/search/etablissement+wellness+Beaufai%2BFrance/,
https://www.google.com/maps/search/etablissement+wellness+Beaufay%2BFrance/,
https://www.google.com/maps/search/etablissement+wellness+Beauficel%2BFrance/,
https://www.google.com/maps/search/etablissement+wellness+Beauficel-en-Lyons%2BFrance/,
https://www.google.com/maps/search/etablissement+wellness+Beaufin%2BFrance/,
https://www.google.com/maps/search/etablissement+wellness+Beaufort%2BFrance/,
https://www.google.com/maps/search/etablissement+wellness+Beaufort%2BFrance/,
https://www.google.com/maps/search/etablissement+wellness+Beaufort%2BFrance/,
https://www.google.com/maps/search/etablissement+wellness+Beaufort%2BFrance/,
https://www.google.com/maps/search/etablissement+wellness+Beaufort%2BFrance/,
https://www.google.com/maps/search/etablissement+wellness+Beaufort%2BFrance/,
https://www.google.com/maps/search/etablissement+wellness+Beaufort-Blavincourt%2BFrance/,
https://www.google.com/maps/search/etablissement+wellness+Beaufort-en-Anjou%2BFrance/,
https://www.google.com/maps/search/etablissement+wellness+Beaufort-en-Argonne%2BFrance/,
https://www.google.com/maps/search/etablissement+wellness+Beaufort-en-Santerre%2BFrance/,
https://www.google.com/maps/search/etablissement+wellness+Beaufort-sur-Gervanne%2BFrance/,
https://www.google.com/maps/search/etablissement+wellness+Beaufou%2BFrance/,
https://www.google.com/maps/search/etablissement+wellness+Beaufour-Druval%2BFrance/,
https://www.google.com/maps/search/etablissement+wellness+Beaufremont%2BFrance/,
https://www.google.com/maps/search/etablissement+wellness+Beaugas%2BFrance/,
https://www.google.com/maps/search/etablissement+wellness+Beaugeay%2BFrance/,
https://www.google.com/maps/search/etablissement+wellness+Beaugency%2BFrance/,
https://www.google.com/maps/search/etablissement+wellness+Beaugies-sous-Bois%2BFrance/,
https://www.google.com/maps/search/etablissement+wellness+Beaujeu%2BFrance/,
https://www.google.com/maps/search/etablissement+wellness+Beaujeu%2BFrance/,
https://www.google.com/maps/search/etablissement+wellness+Beaujeu-Saint-Vallier-Pierrejux-et-Quitteur%2BFrance/,
https://www.google.com/maps/search/etablissement+wellness+Beaulencourt%2BFrance/,
https://www.google.com/maps/search/etablissement+wellness+Beaulieu%2BFrance/,
https://www.google.com/maps/search/etablissement+wellness+Beaulieu%2BFrance/,
https://www.google.com/maps/search/etablissement+wellness+Beaulieu%2BFrance/,
https://www.google.com/maps/search/etablissement+wellness+Beaulieu%2BFrance/,
https://www.google.com/maps/search/etablissement+wellness+Beaulieu%2BFrance/,
https://www.google.com/maps/search/etablissement+wellness+Beaulieu%2BFrance/,
https://www.google.com/maps/search/etablissement+wellness+Beaulieu%2BFrance/,
https://www.google.com/maps/search/etablissement+wellness+Beaulieu%2BFrance/,
https://www.google.com/maps/search/etablissement+wellness+Beaulieu%2BFrance/,
https://www.google.com/maps/search/etablissement+wellness+Beaulieu%2BFrance/,
https://www.google.com/maps/search/etablissement+wellness+Beaulieu-en-Argonne%2BFrance/,
https://www.google.com/maps/search/etablissement+wellness+Beaulieu-les-Fontaines%2BFrance/,
https://www.google.com/maps/search/etablissement+wellness+Beaulieu-lès-Loches%2BFrance/,
https://www.google.com/maps/search/etablissement+wellness+Beaulieu-sous-la-Roche%2BFrance/,
https://www.google.com/maps/search/etablissement+wellness+Beaulieu-sous-Parthenay%2BFrance/,
https://www.google.com/maps/search/etablissement+wellness+Beaulieu-sur-Dordogne%2BFrance/,
https://www.google.com/maps/search/etablissement+wellness+Beaulieu-sur-Layon%2BFrance/,
https://www.google.com/maps/search/etablissement+wellness+Beaulieu-sur-Loire%2BFrance/,
https://www.google.com/maps/search/etablissement+wellness+Beaulieu-sur-Mer%2BFrance/,
https://www.google.com/maps/search/etablissement+wellness+Beaulieu-sur-Oudon%2BFrance/,
https://www.google.com/maps/search/etablissement+wellness+Beaulieu-sur-Sonnette%2BFrance/,
https://www.google.com/maps/search/etablissement+wellness+Beaulon%2BFrance/,
https://www.google.com/maps/search/etablissement+wellness+Beaumais%2BFrance/,
https://www.google.com/maps/search/etablissement+wellness+Beaumarchés%2BFrance/,
https://www.google.com/maps/search/etablissement+wellness+La Beaume%2BFrance/,
https://www.google.com/maps/search/etablissement+wellness+Beaumé%2BFrance/,
https://www.google.com/maps/search/etablissement+wellness+Beauménil%2BFrance/,
https://www.google.com/maps/search/etablissement+wellness+Beaumerie-Saint-Martin%2BFrance/,
https://www.google.com/maps/search/etablissement+wellness+Beaumes-de-Venise%2BFrance/,
https://www.google.com/maps/search/etablissement+wellness+Beaumesnil%2BFrance/,
https://www.google.com/maps/search/etablissement+wellness+Beaumettes%2BFrance/,
https://www.google.com/maps/search/etablissement+wellness+Beaumetz%2BFrance/,
https://www.google.com/maps/search/etablissement+wellness+Beaumetz-lès-Aire%2BFrance/,
https://www.google.com/maps/search/etablissement+wellness+Beaumetz-lès-Cambrai%2BFrance/,
https://www.google.com/maps/search/etablissement+wellness+Beaumetz-lès-Loges%2BFrance/,
https://www.google.com/maps/search/etablissement+wellness+Beaumont%2BFrance/,
https://www.google.com/maps/search/etablissement+wellness+Beaumont%2BFrance/,
https://www.google.com/maps/search/etablissement+wellness+Beaumont%2BFrance/,
https://www.google.com/maps/search/etablissement+wellness+Beaumont%2BFrance/,
https://www.google.com/maps/search/etablissement+wellness+Beaumont%2BFrance/,
https://www.google.com/maps/search/etablissement+wellness+Beaumont%2BFrance/,
https://www.google.com/maps/search/etablissement+wellness+Beaumont%2BFrance/,
https://www.google.com/maps/search/etablissement+wellness+Beaumont%2BFrance/,
https://www.google.com/maps/search/etablissement+wellness+Beaumont Saint-Cyr%2BFrance/,
https://www.google.com/maps/search/etablissement+wellness+Beaumont-de-Lomagne%2BFrance/,
https://www.google.com/maps/search/etablissement+wellness+Beaumont-de-Pertuis%2BFrance/,
https://www.google.com/maps/search/etablissement+wellness+Beaumont-du-Gâtinais%2BFrance/,
https://www.google.com/maps/search/etablissement+wellness+Beaumont-du-Lac%2BFrance/,
https://www.google.com/maps/search/etablissement+wellness+Beaumont-du-Ventoux%2BFrance/,
https://www.google.com/maps/search/etablissement+wellness+Beaumont-en-Argonne%2BFrance/,
https://www.google.com/maps/search/etablissement+wellness+Beaumont-en-Auge%2BFrance/,
https://www.google.com/maps/search/etablissement+wellness+Beaumont-en-Beine%2BFrance/,
https://www.google.com/maps/search/etablissement+wellness+Beaumont-en-Cambrésis%2BFrance/,
https://www.google.com/maps/search/etablissement+wellness+Beaumont-en-Diois%2BFrance/,
https://www.google.com/maps/search/etablissement+wellness+Beaumont-en-Verdunois%2BFrance/,
https://www.google.com/maps/search/etablissement+wellness+Beaumont-en-Véron%2BFrance/,
https://www.google.com/maps/search/etablissement+wellness+Beaumont-Hamel%2BFrance/,
https://www.google.com/maps/search/etablissement+wellness+Beaumont-la-Ferrière%2BFrance/,
https://www.google.com/maps/search/etablissement+wellness+Beaumont-le-Hareng%2BFrance/,
https://www.google.com/maps/search/etablissement+wellness+Beaumont-le-Roger%2BFrance/,
https://www.google.com/maps/search/etablissement+wellness+Beaumont-les-Autels%2BFrance/,
https://www.google.com/maps/search/etablissement+wellness+Beaumont-les-Nonains%2BFrance/,
https://www.google.com/maps/search/etablissement+wellness+Beaumont-lès-Randan%2BFrance/,
https://www.google.com/maps/search/etablissement+wellness+Beaumont-lès-Valence%2BFrance/,
https://www.google.com/maps/search/etablissement+wellness+Beaumont-Louestault%2BFrance/,
https://www.google.com/maps/search/etablissement+wellness+Beaumont-Monteux%2BFrance/,
https://www.google.com/maps/search/etablissement+wellness+Beaumont-Pied-de-Bœuf%2BFrance/,
https://www.google.com/maps/search/etablissement+wellness+Beaumont-Pied-de-Bœuf%2BFrance/,
https://www.google.com/maps/search/etablissement+wellness+Beaumont-Sardolles%2BFrance/,
https://www.google.com/maps/search/etablissement+wellness+Beaumont-sur-Dême%2BFrance/,
https://www.google.com/maps/search/etablissement+wellness+Beaumont-sur-Grosne%2BFrance/,
https://www.google.com/maps/search/etablissement+wellness+Beaumont-sur-Lèze%2BFrance/,
https://www.google.com/maps/search/etablissement+wellness+Beaumont-sur-Oise%2BFrance/,
https://www.google.com/maps/search/etablissement+wellness+Beaumont-sur-Sarthe%2BFrance/,
https://www.google.com/maps/search/etablissement+wellness+Beaumont-sur-Vesle%2BFrance/,
https://www.google.com/maps/search/etablissement+wellness+Beaumont-sur-Vingeanne%2BFrance/,
https://www.google.com/maps/search/etablissement+wellness+Beaumont-Village%2BFrance/,
https://www.google.com/maps/search/etablissement+wellness+Beaumontel%2BFrance/,
https://www.google.com/maps/search/etablissement+wellness+Beaumontois en Périgord%2BFrance/,
https://www.google.com/maps/search/etablissement+wellness+Beaumotte-Aubertans%2BFrance/,
https://www.google.com/maps/search/etablissement+wellness+Beaumotte-lès-Pin%2BFrance/,
https://www.google.com/maps/search/etablissement+wellness+Beaunay%2BFrance/,
https://www.google.com/maps/search/etablissement+wellness+Beaune%2BFrance/,
https://www.google.com/maps/search/etablissement+wellness+Beaune-d'Allier%2BFrance/,
https://www.google.com/maps/search/etablissement+wellness+Beaune-la-Rolande%2BFrance/,
https://www.google.com/maps/search/etablissement+wellness+Beaune-sur-Arzon%2BFrance/,
https://www.google.com/maps/search/etablissement+wellness+Beaunotte%2BFrance/,
https://www.google.com/maps/search/etablissement+wellness+Beaupont%2BFrance/,
https://www.google.com/maps/search/etablissement+wellness+Beaupouyet%2BFrance/,
https://www.google.com/maps/search/etablissement+wellness+Beaupréau-en-Mauges%2BFrance/,
https://www.google.com/maps/search/etablissement+wellness+Beaupuy%2BFrance/,
https://www.google.com/maps/search/etablissement+wellness+Beaupuy%2BFrance/,
https://www.google.com/maps/search/etablissement+wellness+Beaupuy%2BFrance/,
https://www.google.com/maps/search/etablissement+wellness+Beaupuy%2BFrance/,
https://www.google.com/maps/search/etablissement+wellness+Beauquesne%2BFrance/,
https://www.google.com/maps/search/etablissement+wellness+Beaurain%2BFrance/,
https://www.google.com/maps/search/etablissement+wellness+Beaurains%2BFrance/,
https://www.google.com/maps/search/etablissement+wellness+Beaurains-lès-Noyon%2BFrance/,
https://www.google.com/maps/search/etablissement+wellness+Beaurainville%2BFrance/,
https://www.google.com/maps/search/etablissement+wellness+Beaurecueil%2BFrance/,
https://www.google.com/maps/search/etablissement+wellness+Beauregard%2BFrance/,
https://www.google.com/maps/search/etablissement+wellness+Beauregard%2BFrance/,
https://www.google.com/maps/search/etablissement+wellness+Beauregard-Baret%2BFrance/,
https://www.google.com/maps/search/etablissement+wellness+Beauregard-de-Terrasson%2BFrance/,
https://www.google.com/maps/search/etablissement+wellness+Beauregard-et-Bassac%2BFrance/,
https://www.google.com/maps/search/etablissement+wellness+Beauregard-l'Évêque%2BFrance/,
https://www.google.com/maps/search/etablissement+wellness+Beauregard-Vendon%2BFrance/,
https://www.google.com/maps/search/etablissement+wellness+Beaurepaire%2BFrance/,
https://www.google.com/maps/search/etablissement+wellness+Beaurepaire%2BFrance/,
https://www.google.com/maps/search/etablissement+wellness+Beaurepaire%2BFrance/,
https://www.google.com/maps/search/etablissement+wellness+Beaurepaire%2BFrance/,
https://www.google.com/maps/search/etablissement+wellness+Beaurepaire-en-Bresse%2BFrance/,
https://www.google.com/maps/search/etablissement+wellness+Beaurepaire-sur-Sambre%2BFrance/,
https://www.google.com/maps/search/etablissement+wellness+Beaurevoir%2BFrance/,
https://www.google.com/maps/search/etablissement+wellness+Beaurières%2BFrance/,
https://www.google.com/maps/search/etablissement+wellness+Beaurieux%2BFrance/,
https://www.google.com/maps/search/etablissement+wellness+Beaurieux%2BFrance/,
https://www.google.com/maps/search/etablissement+wellness+Beauronne%2BFrance/,
https://www.google.com/maps/search/etablissement+wellness+Beausemblant%2BFrance/,
https://www.google.com/maps/search/etablissement+wellness+Beausite%2BFrance/,
https://www.google.com/maps/search/etablissement+wellness+Beausoleil%2BFrance/,
https://www.google.com/maps/search/etablissement+wellness+Beaussac%2BFrance/,
https://www.google.com/maps/search/etablissement+wellness+Beaussais-sur-Mer%2BFrance/,
https://www.google.com/maps/search/etablissement+wellness+Beaussais-Vitré%2BFrance/,
https://www.google.com/maps/search/etablissement+wellness+Beaussault%2BFrance/,
https://www.google.com/maps/search/etablissement+wellness+Le Beausset%2BFrance/,
https://www.google.com/maps/search/etablissement+wellness+Beauteville%2BFrance/,
https://www.google.com/maps/search/etablissement+wellness+Beautheil%2BFrance/,
https://www.google.com/maps/search/etablissement+wellness+Beautiran%2BFrance/,
https://www.google.com/maps/search/etablissement+wellness+Beautor%2BFrance/,
https://www.google.com/maps/search/etablissement+wellness+Beautot%2BFrance/,
https://www.google.com/maps/search/etablissement+wellness+Beauvain%2BFrance/,
https://www.google.com/maps/search/etablissement+wellness+Beauvais%2BFrance/,
https://www.google.com/maps/search/etablissement+wellness+Beauvais-sur-Matha%2BFrance/,
https://www.google.com/maps/search/etablissement+wellness+Beauvais-sur-Tescou%2BFrance/,
https://www.google.com/maps/search/etablissement+wellness+Beauval%2BFrance/,
https://www.google.com/maps/search/etablissement+wellness+Beauval-en-Caux%2BFrance/,
https://www.google.com/maps/search/etablissement+wellness+Beauvallon%2BFrance/,
https://www.google.com/maps/search/etablissement+wellness+Beauvallon%2BFrance/,
https://www.google.com/maps/search/etablissement+wellness+Beauvène%2BFrance/,
https://www.google.com/maps/search/etablissement+wellness+Beauvernois%2BFrance/,
https://www.google.com/maps/search/etablissement+wellness+Beauvezer%2BFrance/,
https://www.google.com/maps/search/etablissement+wellness+Beauville%2BFrance/,
https://www.google.com/maps/search/etablissement+wellness+Beauville%2BFrance/,
https://www.google.com/maps/search/etablissement+wellness+Beauvilliers%2BFrance/,
https://www.google.com/maps/search/etablissement+wellness+Beauvilliers%2BFrance/,
https://www.google.com/maps/search/etablissement+wellness+Beauvilliers%2BFrance/,
https://www.google.com/maps/search/etablissement+wellness+Beauvoir%2BFrance/,
https://www.google.com/maps/search/etablissement+wellness+Beauvoir%2BFrance/,
https://www.google.com/maps/search/etablissement+wellness+Beauvoir%2BFrance/,
https://www.google.com/maps/search/etablissement+wellness+Beauvoir%2BFrance/,
https://www.google.com/maps/search/etablissement+wellness+Beauvoir-de-Marc%2BFrance/,
https://www.google.com/maps/search/etablissement+wellness+Beauvoir-en-Lyons%2BFrance/,
https://www.google.com/maps/search/etablissement+wellness+Beauvoir-en-Royans%2BFrance/,
https://www.google.com/maps/search/etablissement+wellness+Beauvoir-sur-Mer%2BFrance/,
https://www.google.com/maps/search/etablissement+wellness+Beauvoir-sur-Niort%2BFrance/,
https://www.google.com/maps/search/etablissement+wellness+Beauvoir-Wavans%2BFrance/,
https://www.google.com/maps/search/etablissement+wellness+Beauvois%2BFrance/,
https://www.google.com/maps/search/etablissement+wellness+Beauvois-en-Cambrésis%2BFrance/,
https://www.google.com/maps/search/etablissement+wellness+Beauvois-en-Vermandois%2BFrance/,
https://www.google.com/maps/search/etablissement+wellness+Beauvoisin%2BFrance/,
https://www.google.com/maps/search/etablissement+wellness+Beauvoisin%2BFrance/,
https://www.google.com/maps/search/etablissement+wellness+Beaux%2BFrance/,
https://www.google.com/maps/search/etablissement+wellness+Beauzac%2BFrance/,
https://www.google.com/maps/search/etablissement+wellness+Beauzelle%2BFrance/,
https://www.google.com/maps/search/etablissement+wellness+Beauziac%2BFrance/,
https://www.google.com/maps/search/etablissement+wellness+Bébing%2BFrance/,
https://www.google.com/maps/search/etablissement+wellness+Beblenheim%2BFrance/,
https://www.google.com/maps/search/etablissement+wellness+Bec-de-Mortagne%2BFrance/,
https://www.google.com/maps/search/etablissement+wellness+Le Bec-Hellouin%2BFrance/,
https://www.google.com/maps/search/etablissement+wellness+Le Bec-Thomas%2BFrance/,
https://www.google.com/maps/search/etablissement+wellness+Beccas%2BFrance/,
https://www.google.com/maps/search/etablissement+wellness+Béceleuf%2BFrance/,
https://www.google.com/maps/search/etablissement+wellness+Béchamps%2BFrance/,
https://www.google.com/maps/search/etablissement+wellness+Bécherel%2BFrance/,
https://www.google.com/maps/search/etablissement+wellness+Bécheresse%2BFrance/,
https://www.google.com/maps/search/etablissement+wellness+Béchy%2BFrance/,
https://www.google.com/maps/search/etablissement+wellness+Bécon-les-Granits%2BFrance/,
https://www.google.com/maps/search/etablissement+wellness+Bécordel-Bécourt%2BFrance/,
https://www.google.com/maps/search/etablissement+wellness+Bécourt%2BFrance/,
https://www.google.com/maps/search/etablissement+wellness+Becquigny%2BFrance/,
https://www.google.com/maps/search/etablissement+wellness+Becquigny%2BFrance/,
https://www.google.com/maps/search/etablissement+wellness+Bédarieux%2BFrance/,
https://www.google.com/maps/search/etablissement+wellness+Bédarrides%2BFrance/,
https://www.google.com/maps/search/etablissement+wellness+Beddes%2BFrance/,
https://www.google.com/maps/search/etablissement+wellness+Bédéchan%2BFrance/,
https://www.google.com/maps/search/etablissement+wellness+Bédée%2BFrance/,
https://www.google.com/maps/search/etablissement+wellness+Bédeilhac-et-Aynat%2BFrance/,
https://www.google.com/maps/search/etablissement+wellness+Bédeille%2BFrance/,
https://www.google.com/maps/search/etablissement+wellness+Bédeille%2BFrance/,
https://www.google.com/maps/search/etablissement+wellness+Bedenac%2BFrance/,
https://www.google.com/maps/search/etablissement+wellness+Bédoin%2BFrance/,
https://www.google.com/maps/search/etablissement+wellness+Bédouès-Cocurès%2BFrance/,
https://www.google.com/maps/search/etablissement+wellness+Bedous%2BFrance/,
https://www.google.com/maps/search/etablissement+wellness+Béduer%2BFrance/,
https://www.google.com/maps/search/etablissement+wellness+Beffes%2BFrance/,
https://www.google.com/maps/search/etablissement+wellness+Beffia%2BFrance/,
https://www.google.com/maps/search/etablissement+wellness+Beffu-et-le-Morthomme%2BFrance/,
https://www.google.com/maps/search/etablissement+wellness+Bégaar%2BFrance/,
https://www.google.com/maps/search/etablissement+wellness+Bégadan%2BFrance/,
https://www.google.com/maps/search/etablissement+wellness+Béganne%2BFrance/,
https://www.google.com/maps/search/etablissement+wellness+Bégard%2BFrance/,
https://www.google.com/maps/search/etablissement+wellness+Bègles%2BFrance/,
https://www.google.com/maps/search/etablissement+wellness+Begnécourt%2BFrance/,
https://www.google.com/maps/search/etablissement+wellness+Bégole%2BFrance/,
https://www.google.com/maps/search/etablissement+wellness+Bégrolles-en-Mauges%2BFrance/,
https://www.google.com/maps/search/etablissement+wellness+La Bégude-de-Mazenc%2BFrance/,
https://www.google.com/maps/search/etablissement+wellness+Bègues%2BFrance/,
https://www.google.com/maps/search/etablissement+wellness+Béguey%2BFrance/,
https://www.google.com/maps/search/etablissement+wellness+Béguios%2BFrance/,
https://www.google.com/maps/search/etablissement+wellness+Béhagnies%2BFrance/,
https://www.google.com/maps/search/etablissement+wellness+Béhasque-Lapiste%2BFrance/,
https://www.google.com/maps/search/etablissement+wellness+Béhen%2BFrance/,
https://www.google.com/maps/search/etablissement+wellness+Béhencourt%2BFrance/,
https://www.google.com/maps/search/etablissement+wellness+Béhéricourt%2BFrance/,
https://www.google.com/maps/search/etablissement+wellness+Behonne%2BFrance/,
https://www.google.com/maps/search/etablissement+wellness+Béhorléguy%2BFrance/,
https://www.google.com/maps/search/etablissement+wellness+Béhoust%2BFrance/,
https://www.google.com/maps/search/etablissement+wellness+Behren-lès-Forbach%2BFrance/,
https://www.google.com/maps/search/etablissement+wellness+Béhuard%2BFrance/,
https://www.google.com/maps/search/etablissement+wellness+Beignon%2BFrance/,
https://www.google.com/maps/search/etablissement+wellness+Beillé%2BFrance/,
https://www.google.com/maps/search/etablissement+wellness+Beine%2BFrance/,
https://www.google.com/maps/search/etablissement+wellness+Beine-Nauroy%2BFrance/,
https://www.google.com/maps/search/etablissement+wellness+Beinheim%2BFrance/,
https://www.google.com/maps/search/etablissement+wellness+Beire-le-Châtel%2BFrance/,
https://www.google.com/maps/search/etablissement+wellness+Beire-le-Fort%2BFrance/,
https://www.google.com/maps/search/etablissement+wellness+Beissat%2BFrance/,
https://www.google.com/maps/search/etablissement+wellness+Bélâbre%2BFrance/,
https://www.google.com/maps/search/etablissement+wellness+Belan-sur-Ource%2BFrance/,
https://www.google.com/maps/search/etablissement+wellness+Bélarga%2BFrance/,
https://www.google.com/maps/search/etablissement+wellness+Bélaye%2BFrance/,
https://www.google.com/maps/search/etablissement+wellness+Belberaud%2BFrance/,
https://www.google.com/maps/search/etablissement+wellness+Belbeuf%2BFrance/,
https://www.google.com/maps/search/etablissement+wellness+Belbèze-de-Lauragais%2BFrance/,
https://www.google.com/maps/search/etablissement+wellness+Belbèze-en-Comminges%2BFrance/,
https://www.google.com/maps/search/etablissement+wellness+Belbèze-en-Lomagne%2BFrance/,
https://www.google.com/maps/search/etablissement+wellness+Belcaire%2BFrance/,
https://www.google.com/maps/search/etablissement+wellness+Belcastel%2BFrance/,
https://www.google.com/maps/search/etablissement+wellness+Belcastel%2BFrance/,
https://www.google.com/maps/search/etablissement+wellness+Belcastel-et-Buc%2BFrance/,
https://www.google.com/maps/search/etablissement+wellness+Belcodène%2BFrance/,
https://www.google.com/maps/search/etablissement+wellness+Bélesta%2BFrance/,
https://www.google.com/maps/search/etablissement+wellness+Bélesta%2BFrance/,
https://www.google.com/maps/search/etablissement+wellness+Bélesta-en-Lauragais%2BFrance/,
https://www.google.com/maps/search/etablissement+wellness+Beleymas%2BFrance/,
https://www.google.com/maps/search/etablissement+wellness+Belfahy%2BFrance/,
https://www.google.com/maps/search/etablissement+wellness+Belfays%2BFrance/,
https://www.google.com/maps/search/etablissement+wellness+Belflou%2BFrance/,
https://www.google.com/maps/search/etablissement+wellness+Belfonds%2BFrance/,
https://www.google.com/maps/search/etablissement+wellness+Belforêt-en-Perche%2BFrance/,
https://www.google.com/maps/search/etablissement+wellness+Belfort%2BFrance/,
https://www.google.com/maps/search/etablissement+wellness+Belfort-du-Quercy%2BFrance/,
https://www.google.com/maps/search/etablissement+wellness+Belfort-sur-Rebenty%2BFrance/,
https://www.google.com/maps/search/etablissement+wellness+Belgeard%2BFrance/,
https://www.google.com/maps/search/etablissement+wellness+Belgentier%2BFrance/,
https://www.google.com/maps/search/etablissement+wellness+Belgodère%2BFrance/,
https://www.google.com/maps/search/etablissement+wellness+Belhade%2BFrance/,
https://www.google.com/maps/search/etablissement+wellness+Belhomert-Guéhouville%2BFrance/,
https://www.google.com/maps/search/etablissement+wellness+Le Bélieu%2BFrance/,
https://www.google.com/maps/search/etablissement+wellness+Béligneux%2BFrance/,
https://www.google.com/maps/search/etablissement+wellness+Belin-Béliet%2BFrance/,
https://www.google.com/maps/search/etablissement+wellness+Bélis%2BFrance/,
https://www.google.com/maps/search/etablissement+wellness+Bellac%2BFrance/,
https://www.google.com/maps/search/etablissement+wellness+Bellaffaire%2BFrance/,
https://www.google.com/maps/search/etablissement+wellness+Bellaing%2BFrance/,
https://www.google.com/maps/search/etablissement+wellness+Bellancourt%2BFrance/,
https://www.google.com/maps/search/etablissement+wellness+Bellange%2BFrance/,
https://www.google.com/maps/search/etablissement+wellness+Bellavilliers%2BFrance/,
https://www.google.com/maps/search/etablissement+wellness+Le Bellay-en-Vexin%2BFrance/,
https://www.google.com/maps/search/etablissement+wellness+Belle Vie en Auge%2BFrance/,
https://www.google.com/maps/search/etablissement+wellness+Belle-Église%2BFrance/,
https://www.google.com/maps/search/etablissement+wellness+Belle-et-Houllefort%2BFrance/,
https://www.google.com/maps/search/etablissement+wellness+Belle-Isle-en-Terre%2BFrance/,
https://www.google.com/maps/search/etablissement+wellness+Belleau%2BFrance/,
https://www.google.com/maps/search/etablissement+wellness+Belleau%2BFrance/,
https://www.google.com/maps/search/etablissement+wellness+Bellebat%2BFrance/,
https://www.google.com/maps/search/etablissement+wellness+Bellebrune%2BFrance/,
https://www.google.com/maps/search/etablissement+wellness+Bellechassagne%2BFrance/,
https://www.google.com/maps/search/etablissement+wellness+Bellechaume%2BFrance/,
https://www.google.com/maps/search/etablissement+wellness+Bellecombe%2BFrance/,
https://www.google.com/maps/search/etablissement+wellness+Bellecombe-en-Bauges%2BFrance/,
https://www.google.com/maps/search/etablissement+wellness+Bellecombe-Tarendol%2BFrance/,
https://www.google.com/maps/search/etablissement+wellness+Bellefond%2BFrance/,
https://www.google.com/maps/search/etablissement+wellness+Bellefond%2BFrance/,
https://www.google.com/maps/search/etablissement+wellness+Bellefonds%2BFrance/,
https://www.google.com/maps/search/etablissement+wellness+Bellefont-La Rauze%2BFrance/,
https://www.google.com/maps/search/etablissement+wellness+Bellefontaine%2BFrance/,
https://www.google.com/maps/search/etablissement+wellness+Bellefontaine%2BFrance/,
https://www.google.com/maps/search/etablissement+wellness+Bellefontaine%2BFrance/,
https://www.google.com/maps/search/etablissement+wellness+Bellefontaine%2BFrance/,
https://www.google.com/maps/search/etablissement+wellness+Bellefontaine%2BFrance/,
https://www.google.com/maps/search/etablissement+wellness+Bellefosse%2BFrance/,
https://www.google.com/maps/search/etablissement+wellness+Bellegarde%2BFrance/,
https://www.google.com/maps/search/etablissement+wellness+Bellegarde%2BFrance/,
https://www.google.com/maps/search/etablissement+wellness+Bellegarde%2BFrance/,
https://www.google.com/maps/search/etablissement+wellness+Bellegarde-du-Razès%2BFrance/,
https://www.google.com/maps/search/etablissement+wellness+Bellegarde-en-Diois%2BFrance/,
https://www.google.com/maps/search/etablissement+wellness+Bellegarde-en-Forez%2BFrance/,
https://www.google.com/maps/search/etablissement+wellness+Bellegarde-en-Marche%2BFrance/,
https://www.google.com/maps/search/etablissement+wellness+Bellegarde-Marsal%2BFrance/,
https://www.google.com/maps/search/etablissement+wellness+Bellegarde-Poussieu%2BFrance/,
https://www.google.com/maps/search/etablissement+wellness+Bellegarde-Sainte-Marie%2BFrance/,
https://www.google.com/maps/search/etablissement+wellness+Bellegarde-sur-Valserine%2BFrance/,
https://www.google.com/maps/search/etablissement+wellness+Belleherbe%2BFrance/,
https://www.google.com/maps/search/etablissement+wellness+Bellemagny%2BFrance/,
https://www.google.com/maps/search/etablissement+wellness+Bellême%2BFrance/,
https://www.google.com/maps/search/etablissement+wellness+Bellenaves%2BFrance/,
https://www.google.com/maps/search/etablissement+wellness+Bellencombre%2BFrance/,
https://www.google.com/maps/search/etablissement+wellness+Belleneuve%2BFrance/,
https://www.google.com/maps/search/etablissement+wellness+Bellenglise%2BFrance/,
https://www.google.com/maps/search/etablissement+wellness+Bellengreville%2BFrance/,
https://www.google.com/maps/search/etablissement+wellness+Bellengreville%2BFrance/,
https://www.google.com/maps/search/etablissement+wellness+Bellenod-sur-Seine%2BFrance/,
https://www.google.com/maps/search/etablissement+wellness+Bellenot-sous-Pouilly%2BFrance/,
https://www.google.com/maps/search/etablissement+wellness+Belleray%2BFrance/,
https://www.google.com/maps/search/etablissement+wellness+Bellerive-sur-Allier%2BFrance/,
https://www.google.com/maps/search/etablissement+wellness+Belleroche%2BFrance/,
https://www.google.com/maps/search/etablissement+wellness+Belles-Forêts%2BFrance/,
https://www.google.com/maps/search/etablissement+wellness+Belleserre%2BFrance/,
https://www.google.com/maps/search/etablissement+wellness+Bellesserre%2BFrance/,
https://www.google.com/maps/search/etablissement+wellness+Belleu%2BFrance/,
https://www.google.com/maps/search/etablissement+wellness+Belleuse%2BFrance/,
https://www.google.com/maps/search/etablissement+wellness+Bellevaux%2BFrance/,
https://www.google.com/maps/search/etablissement+wellness+Bellevesvre%2BFrance/,
https://www.google.com/maps/search/etablissement+wellness+Bellevigne%2BFrance/,
https://www.google.com/maps/search/etablissement+wellness+Bellevigne-en-Layon%2BFrance/,
https://www.google.com/maps/search/etablissement+wellness+Bellevigny%2BFrance/,
https://www.google.com/maps/search/etablissement+wellness+Belleville%2BFrance/,
https://www.google.com/maps/search/etablissement+wellness+Belleville%2BFrance/,
https://www.google.com/maps/search/etablissement+wellness+Les Belleville%2BFrance/,
https://www.google.com/maps/search/etablissement+wellness+Belleville%2BFrance/,
https://www.google.com/maps/search/etablissement+wellness+Belleville-en-Caux%2BFrance/,
https://www.google.com/maps/search/etablissement+wellness+Belleville-et-Châtillon-sur-Bar%2BFrance/,
https://www.google.com/maps/search/etablissement+wellness+Belleville-sur-Loire%2BFrance/,
https://www.google.com/maps/search/etablissement+wellness+Belleville-sur-Meuse%2BFrance/,
https://www.google.com/maps/search/etablissement+wellness+Bellevue-la-Montagne%2BFrance/,
https://www.google.com/maps/search/etablissement+wellness+Belley%2BFrance/,
https://www.google.com/maps/search/etablissement+wellness+Belleydoux%2BFrance/,
https://www.google.com/maps/search/etablissement+wellness+Bellicourt%2BFrance/,
https://www.google.com/maps/search/etablissement+wellness+La Bellière%2BFrance/,
https://www.google.com/maps/search/etablissement+wellness+La Bellière%2BFrance/,
https://www.google.com/maps/search/etablissement+wellness+Bellignat%2BFrance/,
https://www.google.com/maps/search/etablissement+wellness+Bellignies%2BFrance/,
https://www.google.com/maps/search/etablissement+wellness+Bellinghem%2BFrance/,
https://www.google.com/maps/search/etablissement+wellness+La Belliole%2BFrance/,
https://www.google.com/maps/search/etablissement+wellness+Belloc%2BFrance/,
https://www.google.com/maps/search/etablissement+wellness+Belloc-Saint-Clamens%2BFrance/,
https://www.google.com/maps/search/etablissement+wellness+Bellocq%2BFrance/,
https://www.google.com/maps/search/etablissement+wellness+Bellon%2BFrance/,
https://www.google.com/maps/search/etablissement+wellness+Bellonne%2BFrance/,
https://www.google.com/maps/search/etablissement+wellness+Bellot%2BFrance/,
https://www.google.com/maps/search/etablissement+wellness+Bellou-en-Houlme%2BFrance/,
https://www.google.com/maps/search/etablissement+wellness+Bellou-le-Trichard%2BFrance/,
https://www.google.com/maps/search/etablissement+wellness+Belloy%2BFrance/,
https://www.google.com/maps/search/etablissement+wellness+Belloy-en-France%2BFrance/,
https://www.google.com/maps/search/etablissement+wellness+Belloy-en-Santerre%2BFrance/,
https://www.google.com/maps/search/etablissement+wellness+Belloy-Saint-Léonard%2BFrance/,
https://www.google.com/maps/search/etablissement+wellness+Belloy-sur-Somme%2BFrance/,
https://www.google.com/maps/search/etablissement+wellness+Belluire%2BFrance/,
https://www.google.com/maps/search/etablissement+wellness+Belmesnil%2BFrance/,
https://www.google.com/maps/search/etablissement+wellness+Belmont%2BFrance/,
https://www.google.com/maps/search/etablissement+wellness+Belmont%2BFrance/,
https://www.google.com/maps/search/etablissement+wellness+Belmont%2BFrance/,
https://www.google.com/maps/search/etablissement+wellness+Belmont%2BFrance/,
https://www.google.com/maps/search/etablissement+wellness+Belmont%2BFrance/,
https://www.google.com/maps/search/etablissement+wellness+Belmont%2BFrance/,
https://www.google.com/maps/search/etablissement+wellness+Belmont%2BFrance/,
https://www.google.com/maps/search/etablissement+wellness+Belmont-Bretenoux%2BFrance/,
https://www.google.com/maps/search/etablissement+wellness+Belmont-d'Azergues%2BFrance/,
https://www.google.com/maps/search/etablissement+wellness+Belmont-de-la-Loire%2BFrance/,
https://www.google.com/maps/search/etablissement+wellness+Belmont-lès-Darney%2BFrance/,
https://www.google.com/maps/search/etablissement+wellness+Belmont-Luthézieu%2BFrance/,
https://www.google.com/maps/search/etablissement+wellness+Belmont-Sainte-Foi%2BFrance/,
https://www.google.com/maps/search/etablissement+wellness+Belmont-sur-Buttant%2BFrance/,
https://www.google.com/maps/search/etablissement+wellness+Belmont-sur-Rance%2BFrance/,
https://www.google.com/maps/search/etablissement+wellness+Belmont-sur-Vair%2BFrance/,
https://www.google.com/maps/search/etablissement+wellness+Belmont-Tramonet%2BFrance/,
https://www.google.com/maps/search/etablissement+wellness+Belonchamp%2BFrance/,
https://www.google.com/maps/search/etablissement+wellness+Belpech%2BFrance/,
https://www.google.com/maps/search/etablissement+wellness+Belrain%2BFrance/,
https://www.google.com/maps/search/etablissement+wellness+Belrupt%2BFrance/,
https://www.google.com/maps/search/etablissement+wellness+Belrupt-en-Verdunois%2BFrance/,
https://www.google.com/maps/search/etablissement+wellness+Bélus%2BFrance/,
https://www.google.com/maps/search/etablissement+wellness+Belval%2BFrance/,
https://www.google.com/maps/search/etablissement+wellness+Belval%2BFrance/,
https://www.google.com/maps/search/etablissement+wellness+Belval%2BFrance/,
https://www.google.com/maps/search/etablissement+wellness+Belval-Bois-des-Dames%2BFrance/,
https://www.google.com/maps/search/etablissement+wellness+Belval-en-Argonne%2BFrance/,
https://www.google.com/maps/search/etablissement+wellness+Belval-sous-Châtillon%2BFrance/,
https://www.google.com/maps/search/etablissement+wellness+Belvédère%2BFrance/,
https://www.google.com/maps/search/etablissement+wellness+Belvédère-Campomoro%2BFrance/,
https://www.google.com/maps/search/etablissement+wellness+Belverne%2BFrance/,
https://www.google.com/maps/search/etablissement+wellness+Belvès-de-Castillon%2BFrance/,
https://www.google.com/maps/search/etablissement+wellness+Belvèze%2BFrance/,
https://www.google.com/maps/search/etablissement+wellness+Belvèze-du-Razès%2BFrance/,
https://www.google.com/maps/search/etablissement+wellness+Belvezet%2BFrance/,
https://www.google.com/maps/search/etablissement+wellness+Belvézet%2BFrance/,
https://www.google.com/maps/search/etablissement+wellness+Belvianes-et-Cavirac%2BFrance/,
https://www.google.com/maps/search/etablissement+wellness+Belvis%2BFrance/,
https://www.google.com/maps/search/etablissement+wellness+Belvoir%2BFrance/,
https://www.google.com/maps/search/etablissement+wellness+Belz%2BFrance/,
https://www.google.com/maps/search/etablissement+wellness+Bémécourt%2BFrance/,
https://www.google.com/maps/search/etablissement+wellness+Bénac%2BFrance/,
https://www.google.com/maps/search/etablissement+wellness+Bénac%2BFrance/,
https://www.google.com/maps/search/etablissement+wellness+Benagues%2BFrance/,
https://www.google.com/maps/search/etablissement+wellness+Benais%2BFrance/,
https://www.google.com/maps/search/etablissement+wellness+Bénaix%2BFrance/,
https://www.google.com/maps/search/etablissement+wellness+Bénaménil%2BFrance/,
https://www.google.com/maps/search/etablissement+wellness+Bénarville%2BFrance/,
https://www.google.com/maps/search/etablissement+wellness+Benassay%2BFrance/,
https://www.google.com/maps/search/etablissement+wellness+Benay%2BFrance/,
https://www.google.com/maps/search/etablissement+wellness+Benayes%2BFrance/,
https://www.google.com/maps/search/etablissement+wellness+Bendejun%2BFrance/,
https://www.google.com/maps/search/etablissement+wellness+Bendorf%2BFrance/,
https://www.google.com/maps/search/etablissement+wellness+Bénéjacq%2BFrance/,
https://www.google.com/maps/search/etablissement+wellness+Benerville-sur-Mer%2BFrance/,
https://www.google.com/maps/search/etablissement+wellness+Bénesse-lès-Dax%2BFrance/,
https://www.google.com/maps/search/etablissement+wellness+Bénesse-Maremne%2BFrance/,
https://www.google.com/maps/search/etablissement+wellness+Benest%2BFrance/,
https://www.google.com/maps/search/etablissement+wellness+Bénestroff%2BFrance/,
https://www.google.com/maps/search/etablissement+wellness+Bénesville%2BFrance/,
https://www.google.com/maps/search/etablissement+wellness+Benet%2BFrance/,
https://www.google.com/maps/search/etablissement+wellness+Beneuvre%2BFrance/,
https://www.google.com/maps/search/etablissement+wellness+Bénévent-l'Abbaye%2BFrance/,
https://www.google.com/maps/search/etablissement+wellness+Beney-en-Woëvre%2BFrance/,
https://www.google.com/maps/search/etablissement+wellness+Benfeld%2BFrance/,
https://www.google.com/maps/search/etablissement+wellness+Bengy-sur-Craon%2BFrance/,
https://www.google.com/maps/search/etablissement+wellness+Bénifontaine%2BFrance/,
https://www.google.com/maps/search/etablissement+wellness+Béning-lès-Saint-Avold%2BFrance/,
https://www.google.com/maps/search/etablissement+wellness+La Bénisson-Dieu%2BFrance/,
https://www.google.com/maps/search/etablissement+wellness+Bénivay-Ollon%2BFrance/,
https://www.google.com/maps/search/etablissement+wellness+Bennecourt%2BFrance/,
https://www.google.com/maps/search/etablissement+wellness+Bennetot%2BFrance/,
https://www.google.com/maps/search/etablissement+wellness+Benney%2BFrance/,
https://www.google.com/maps/search/etablissement+wellness+Bennwihr%2BFrance/,
https://www.google.com/maps/search/etablissement+wellness+Bénodet%2BFrance/,
https://www.google.com/maps/search/etablissement+wellness+Benoisey%2BFrance/,
https://www.google.com/maps/search/etablissement+wellness+Benoîtville%2BFrance/,
https://www.google.com/maps/search/etablissement+wellness+Benon%2BFrance/,
https://www.google.com/maps/search/etablissement+wellness+Bénonces%2BFrance/,
https://www.google.com/maps/search/etablissement+wellness+Bénouville%2BFrance/,
https://www.google.com/maps/search/etablissement+wellness+Bénouville%2BFrance/,
https://www.google.com/maps/search/etablissement+wellness+Benque%2BFrance/,
https://www.google.com/maps/search/etablissement+wellness+Benque-Dessous-et-Dessus%2BFrance/,
https://www.google.com/maps/search/etablissement+wellness+Benqué-Molère%2BFrance/,
https://www.google.com/maps/search/etablissement+wellness+Benquet%2BFrance/,
https://www.google.com/maps/search/etablissement+wellness+Bentayou-Sérée%2BFrance/,
https://www.google.com/maps/search/etablissement+wellness+Bény%2BFrance/,
https://www.google.com/maps/search/etablissement+wellness+Bény-sur-Mer%2BFrance/,
https://www.google.com/maps/search/etablissement+wellness+Béon%2BFrance/,
https://www.google.com/maps/search/etablissement+wellness+Béon%2BFrance/,
https://www.google.com/maps/search/etablissement+wellness+Béost%2BFrance/,
https://www.google.com/maps/search/etablissement+wellness+Bérat%2BFrance/,
https://www.google.com/maps/search/etablissement+wellness+Béraut%2BFrance/,
https://www.google.com/maps/search/etablissement+wellness+Berbérust-Lias%2BFrance/,
https://www.google.com/maps/search/etablissement+wellness+Berbezit%2BFrance/,
https://www.google.com/maps/search/etablissement+wellness+Berbiguières%2BFrance/,
https://www.google.com/maps/search/etablissement+wellness+Bercenay-en-Othe%2BFrance/,
https://www.google.com/maps/search/etablissement+wellness+Bercenay-le-Hayer%2BFrance/,
https://www.google.com/maps/search/etablissement+wellness+Berche%2BFrance/,
https://www.google.com/maps/search/etablissement+wellness+Berchères-les-Pierres%2BFrance/,
https://www.google.com/maps/search/etablissement+wellness+Berchères-Saint-Germain%2BFrance/,
https://www.google.com/maps/search/etablissement+wellness+Berchères-sur-Vesgre%2BFrance/,
https://www.google.com/maps/search/etablissement+wellness+Berck%2BFrance/,
https://www.google.com/maps/search/etablissement+wellness+Bercloux%2BFrance/,
https://www.google.com/maps/search/etablissement+wellness+Berd'huis%2BFrance/,
https://www.google.com/maps/search/etablissement+wellness+Berdoues%2BFrance/,
https://www.google.com/maps/search/etablissement+wellness+Bérelles%2BFrance/,
https://www.google.com/maps/search/etablissement+wellness+Bérengeville-la-Campagne%2BFrance/,
https://www.google.com/maps/search/etablissement+wellness+Berentzwiller%2BFrance/,
https://www.google.com/maps/search/etablissement+wellness+Bérenx%2BFrance/,
https://www.google.com/maps/search/etablissement+wellness+Béréziat%2BFrance/,
https://www.google.com/maps/search/etablissement+wellness+Berfay%2BFrance/,
https://www.google.com/maps/search/etablissement+wellness+Berg%2BFrance/,
https://www.google.com/maps/search/etablissement+wellness+Berg-sur-Moselle%2BFrance/,
https://www.google.com/maps/search/etablissement+wellness+Berganty%2BFrance/,
https://www.google.com/maps/search/etablissement+wellness+Bergbieten%2BFrance/,
https://www.google.com/maps/search/etablissement+wellness+Bergerac%2BFrance/,
https://www.google.com/maps/search/etablissement+wellness+Bergères%2BFrance/,
https://www.google.com/maps/search/etablissement+wellness+Bergères-lès-Vertus%2BFrance/,
https://www.google.com/maps/search/etablissement+wellness+Bergères-sous-Montmirail%2BFrance/,
https://www.google.com/maps/search/etablissement+wellness+Bergesserin%2BFrance/,
https://www.google.com/maps/search/etablissement+wellness+Bergheim%2BFrance/,
https://www.google.com/maps/search/etablissement+wellness+Bergholtz%2BFrance/,
https://www.google.com/maps/search/etablissement+wellness+Bergholtzzell%2BFrance/,
https://www.google.com/maps/search/etablissement+wellness+Bergicourt%2BFrance/,
https://www.google.com/maps/search/etablissement+wellness+Bergnicourt%2BFrance/,
https://www.google.com/maps/search/etablissement+wellness+Bergonne%2BFrance/,
https://www.google.com/maps/search/etablissement+wellness+Bergouey%2BFrance/,
https://www.google.com/maps/search/etablissement+wellness+Bergouey-Viellenave%2BFrance/,
https://www.google.com/maps/search/etablissement+wellness+Bergueneuse%2BFrance/,
https://www.google.com/maps/search/etablissement+wellness+Bergues%2BFrance/,
https://www.google.com/maps/search/etablissement+wellness+Bergues-sur-Sambre%2BFrance/,
https://www.google.com/maps/search/etablissement+wellness+Berhet%2BFrance/,
https://www.google.com/maps/search/etablissement+wellness+Bérig-Vintrange%2BFrance/,
https://www.google.com/maps/search/etablissement+wellness+Bérigny%2BFrance/,
https://www.google.com/maps/search/etablissement+wellness+Berjou%2BFrance/,
https://www.google.com/maps/search/etablissement+wellness+Berlaimont%2BFrance/,
https://www.google.com/maps/search/etablissement+wellness+Berlancourt%2BFrance/,
https://www.google.com/maps/search/etablissement+wellness+Berlancourt%2BFrance/,
https://www.google.com/maps/search/etablissement+wellness+Berlats%2BFrance/,
https://www.google.com/maps/search/etablissement+wellness+Berlencourt-le-Cauroy%2BFrance/,
https://www.google.com/maps/search/etablissement+wellness+Berles-au-Bois%2BFrance/,
https://www.google.com/maps/search/etablissement+wellness+Berles-Monchel%2BFrance/,
https://www.google.com/maps/search/etablissement+wellness+La Berlière%2BFrance/,
https://www.google.com/maps/search/etablissement+wellness+Berling%2BFrance/,
https://www.google.com/maps/search/etablissement+wellness+Berlise%2BFrance/,traité (2026-08-22 16:18)
https://www.google.com/maps/search/etablissement+wellness+Berlou%2BFrance/,traité (2026-08-22 16:18)
https://www.google.com/maps/search/etablissement+wellness+Bermerain%2BFrance/,traité (2026-08-22 16:19)
https://www.google.com/maps/search/etablissement+wellness+Berméricourt%2BFrance/,traité (2026-08-22 16:19)
https://www.google.com/maps/search/etablissement+wellness+Bermeries%2BFrance/,traité (2026-08-22 16:19)
https://www.google.com/maps/search/etablissement+wellness+Bermering%2BFrance/,traité (2026-08-22 16:20)
https://www.google.com/maps/search/etablissement+wellness+Bermesnil%2BFrance/,traité (2026-08-22 16:20)
https://www.google.com/maps/search/etablissement+wellness+Bermicourt%2BFrance/,traité (2026-08-22 16:20)
https://www.google.com/maps/search/etablissement+wellness+Bermont%2BFrance/,traité (2026-08-22 16:21)
https://www.google.com/maps/search/etablissement+wellness+Bermonville%2BFrance/,traité (2026-08-22 16:21)
https://www.google.com/maps/search/etablissement+wellness+Bernac%2BFrance/,traité (2026-08-22 16:21)
https://www.google.com/maps/search/etablissement+wellness+Bernac%2BFrance/,traité (2026-08-22 16:21)
https://www.google.com/maps/search/etablissement+wellness+Bernac-Debat%2BFrance/,traité (2026-08-22 16:21)
https://www.google.com/maps/search/etablissement+wellness+Bernac-Dessus%2BFrance/,traité (2026-08-22 16:24)
https://www.google.com/maps/search/etablissement+wellness+Bernadets%2BFrance/,traité (2026-08-22 16:24)
https://www.google.com/maps/search/etablissement+wellness+Bernadets-Debat%2BFrance/,traité (2026-08-22 16:24)
https://www.google.com/maps/search/etablissement+wellness+Bernadets-Dessus%2BFrance/,traité (2026-08-22 16:24)
https://www.google.com/maps/search/etablissement+wellness+Le Bernard%2BFrance/,traité (2026-08-22 16:24)
https://www.google.com/maps/search/etablissement+wellness+La Bernardière%2BFrance/,traité (2026-08-22 16:24)
https://www.google.com/maps/search/etablissement+wellness+Bernardswiller%2BFrance/,traité (2026-08-22 16:24)
https://www.google.com/maps/search/etablissement+wellness+Bernardvillé%2BFrance/,traité (2026-08-22 16:24)
https://www.google.com/maps/search/etablissement+wellness+Bernâtre%2BFrance/,traité (2026-08-22 16:24)
https://www.google.com/maps/search/etablissement+wellness+Bernaville%2BFrance/,traité (2026-08-22 16:25)
https://www.google.com/maps/search/etablissement+wellness+Bernay%2BFrance/,traité (2026-08-22 16:25)
https://www.google.com/maps/search/etablissement+wellness+Bernay-en-Champagne%2BFrance/,traité (2026-08-22 16:25)
https://www.google.com/maps/search/etablissement+wellness+Bernay-en-Ponthieu%2BFrance/,traité (2026-08-22 16:27)
https://www.google.com/maps/search/etablissement+wellness+Bernay-Saint-Martin%2BFrance/,traité (2026-08-22 16:27)
https://www.google.com/maps/search/etablissement+wellness+Bernay-Vilbert%2BFrance/,traité (2026-08-22 16:27)
https://www.google.com/maps/search/etablissement+wellness+Berné%2BFrance/,traité (2026-08-22 16:27)
https://www.google.com/maps/search/etablissement+wellness+Bernécourt%2BFrance/,traité (2026-08-22 16:27)
https://www.google.com/maps/search/etablissement+wellness+Bernède%2BFrance/,traité (2026-08-22 16:28)
https://www.google.com/maps/search/etablissement+wellness+La Bernerie-en-Retz%2BFrance/,traité (2026-08-22 16:28)
https://www.google.com/maps/search/etablissement+wellness+Bernes%2BFrance/,traité (2026-08-22 16:28)
https://www.google.com/maps/search/etablissement+wellness+Bernes-sur-Oise%2BFrance/,traité (2026-08-22 16:28)
https://www.google.com/maps/search/etablissement+wellness+Bernesq%2BFrance/,traité (2026-08-22 16:28)
https://www.google.com/maps/search/etablissement+wellness+Berneuil%2BFrance/,traité (2026-08-22 16:31)
https://www.google.com/maps/search/etablissement+wellness+Berneuil%2BFrance/,traité (2026-08-22 16:31)
https://www.google.com/maps/search/etablissement+wellness+Berneuil%2BFrance/,traité (2026-08-22 16:31)
https://www.google.com/maps/search/etablissement+wellness+Berneuil%2BFrance/,traité (2026-08-22 16:31)
https://www.google.com/maps/search/etablissement+wellness+Berneuil-en-Bray%2BFrance/,traité (2026-08-22 16:31)
https://www.google.com/maps/search/etablissement+wellness+Berneuil-sur-Aisne%2BFrance/,traité (2026-08-22 16:31)
https://www.google.com/maps/search/etablissement+wellness+Berneville%2BFrance/,traité (2026-08-22 16:31)
https://www.google.com/maps/search/etablissement+wellness+Bernex%2BFrance/,traité (2026-08-22 16:31)
https://www.google.com/maps/search/etablissement+wellness+Bernienville%2BFrance/,traité (2026-08-22 16:31)
https://www.google.com/maps/search/etablissement+wellness+Bernières%2BFrance/,traité (2026-08-22 16:31)
https://www.google.com/maps/search/etablissement+wellness+Bernières-d'Ailly%2BFrance/,traité (2026-08-22 16:31)
https://www.google.com/maps/search/etablissement+wellness+Bernières-sur-Mer%2BFrance/,traité (2026-08-22 16:31)
https://www.google.com/maps/search/etablissement+wellness+Bernières-sur-Seine%2BFrance/,traité (2026-08-22 16:31)
https://www.google.com/maps/search/etablissement+wellness+Bernieulles%2BFrance/,traité (2026-08-22 16:31)
https://www.google.com/maps/search/etablissement+wellness+Bernin%2BFrance/,traité (2026-08-22 16:32)
https://www.google.com/maps/search/etablissement+wellness+Bernis%2BFrance/,traité (2026-08-22 16:34)
https://www.google.com/maps/search/etablissement+wellness+Bernolsheim%2BFrance/,traité (2026-08-22 16:34)
https://www.google.com/maps/search/etablissement+wellness+Bernon%2BFrance/,traité (2026-08-22 16:34)
https://www.google.com/maps/search/etablissement+wellness+Bernos-Beaulac%2BFrance/,traité (2026-08-22 16:34)
https://www.google.com/maps/search/etablissement+wellness+Bernot%2BFrance/,traité (2026-08-22 16:34)
https://www.google.com/maps/search/etablissement+wellness+Bernouil%2BFrance/,traité (2026-08-22 16:34)
https://www.google.com/maps/search/etablissement+wellness+Bernouville%2BFrance/,traité (2026-08-22 16:34)
https://www.google.com/maps/search/etablissement+wellness+Bernwiller%2BFrance/,traité (2026-08-22 16:34)
https://www.google.com/maps/search/etablissement+wellness+Berny-en-Santerre%2BFrance/,traité (2026-08-22 16:34)
https://www.google.com/maps/search/etablissement+wellness+Berny-Rivière%2BFrance/,traité (2026-08-22 16:35)
https://www.google.com/maps/search/etablissement+wellness+Bérou-la-Mulotière%2BFrance/,traité (2026-08-22 16:35)
https://www.google.com/maps/search/etablissement+wellness+Berrac%2BFrance/,traité (2026-08-22 16:35)
https://www.google.com/maps/search/etablissement+wellness+Berre-l'Étang%2BFrance/,traité (2026-08-22 16:35)
https://www.google.com/maps/search/etablissement+wellness+Berre-les-Alpes%2BFrance/,traité (2026-08-22 16:37)
https://www.google.com/maps/search/etablissement+wellness+Berriac%2BFrance/,traité (2026-08-22 16:37)
https://www.google.com/maps/search/etablissement+wellness+Berrias-et-Casteljau%2BFrance/,traité (2026-08-22 16:37)
https://www.google.com/maps/search/etablissement+wellness+Berric%2BFrance/,traité (2026-08-22 16:37)
https://www.google.com/maps/search/etablissement+wellness+Berrie%2BFrance/,traité (2026-08-22 16:37)
https://www.google.com/maps/search/etablissement+wellness+Berrien%2BFrance/,traité (2026-08-22 16:37)
https://www.google.com/maps/search/etablissement+wellness+Berrieux%2BFrance/,traité (2026-08-22 16:37)
https://www.google.com/maps/search/etablissement+wellness+Berrogain-Laruns%2BFrance/,traité (2026-08-22 16:37)
https://www.google.com/maps/search/etablissement+wellness+Berru%2BFrance/,traité (2026-08-22 16:37)
https://www.google.com/maps/search/etablissement+wellness+Berrwiller%2BFrance/,traité (2026-08-22 16:38)
https://www.google.com/maps/search/etablissement+wellness+Berry-au-Bac%2BFrance/,traité (2026-08-22 16:38)
https://www.google.com/maps/search/etablissement+wellness+Berry-Bouy%2BFrance/,traité (2026-08-22 16:38)
https://www.google.com/maps/search/etablissement+wellness+Le Bersac%2BFrance/,traité (2026-08-22 16:40)
https://www.google.com/maps/search/etablissement+wellness+Bersac-sur-Rivalier%2BFrance/,traité (2026-08-22 16:40)
https://www.google.com/maps/search/etablissement+wellness+Bersaillin%2BFrance/,traité (2026-08-22 16:40)
https://www.google.com/maps/search/etablissement+wellness+Bersée%2BFrance/,traité (2026-08-22 16:40)
https://www.google.com/maps/search/etablissement+wellness+Bersillies%2BFrance/,traité (2026-08-22 16:40)
https://www.google.com/maps/search/etablissement+wellness+Berson%2BFrance/,traité (2026-08-22 16:40)
https://www.google.com/maps/search/etablissement+wellness+Berstett%2BFrance/,traité (2026-08-22 16:40)
https://www.google.com/maps/search/etablissement+wellness+Berstheim%2BFrance/,traité (2026-08-22 16:40)
https://www.google.com/maps/search/etablissement+wellness+Bert%2BFrance/,traité (2026-08-22 16:41)
https://www.google.com/maps/search/etablissement+wellness+Bertangles%2BFrance/,traité (2026-08-22 16:41)
https://www.google.com/maps/search/etablissement+wellness+Bertaucourt-Epourdon%2BFrance/,traité (2026-08-22 16:41)
https://www.google.com/maps/search/etablissement+wellness+Berteaucourt-les-Dames%2BFrance/,traité (2026-08-22 16:42)
https://www.google.com/maps/search/etablissement+wellness+Berteaucourt-lès-Thennes%2BFrance/,traité (2026-08-22 16:42)
https://www.google.com/maps/search/etablissement+wellness+Bertheauville%2BFrance/,traité (2026-08-22 16:44)
https://www.google.com/maps/search/etablissement+wellness+Berthecourt%2BFrance/,traité (2026-08-22 16:44)
https://www.google.com/maps/search/etablissement+wellness+Berthegon%2BFrance/,traité (2026-08-22 16:44)
https://www.google.com/maps/search/etablissement+wellness+Berthelange%2BFrance/,traité (2026-08-22 16:44)
https://www.google.com/maps/search/etablissement+wellness+Berthelming%2BFrance/,traité (2026-08-22 16:44)
https://www.google.com/maps/search/etablissement+wellness+Berthen%2BFrance/,échec (2026-08-22 16:44)
https://www.google.com/maps/search/etablissement+wellness+Berthenay%2BFrance/,traité (2026-08-22 16:45)
https://www.google.com/maps/search/etablissement+wellness+Berthenicourt%2BFrance/,traité (2026-08-22 16:45)
https://www.google.com/maps/search/etablissement+wellness+La Berthenoux%2BFrance/,traité (2026-08-22 16:45)
https://www.google.com/maps/search/etablissement+wellness+Berthez%2BFrance/,traité (2026-08-22 16:45)
https://www.google.com/maps/search/etablissement+wellness+Bertholène%2BFrance/,traité (2026-08-22 16:45)
https://www.google.com/maps/search/etablissement+wellness+Berthouville%2BFrance/,traité (2026-08-22 16:46)
https://www.google.com/maps/search/etablissement+wellness+Bertignat%2BFrance/,traité (2026-08-22 16:48)
https://www.google.com/maps/search/etablissement+wellness+Bertignolles%2BFrance/,traité (2026-08-22 16:48)
https://www.google.com/maps/search/etablissement+wellness+Bertincourt%2BFrance/,traité (2026-08-22 16:48)
https://www.google.com/maps/search/etablissement+wellness+Bertoncourt%2BFrance/,traité (2026-08-22 16:48)
https://www.google.com/maps/search/etablissement+wellness+Bertrambois%2BFrance/,traité (2026-08-22 16:48)
https://www.google.com/maps/search/etablissement+wellness+Bertrancourt%2BFrance/,traité (2026-08-22 16:48)
https://www.google.com/maps/search/etablissement+wellness+Bertrange%2BFrance/,traité (2026-08-22 16:49)
https://www.google.com/maps/search/etablissement+wellness+Bertre%2BFrance/,traité (2026-08-22 16:49)
https://www.google.com/maps/search/etablissement+wellness+Bertren%2BFrance/,traité (2026-08-22 16:50)
https://www.google.com/maps/search/etablissement+wellness+Bertreville%2BFrance/,traité (2026-08-22 16:50)
https://www.google.com/maps/search/etablissement+wellness+Bertreville-Saint-Ouen%2BFrance/,traité (2026-08-22 16:52)
https://www.google.com/maps/search/etablissement+wellness+Bertric-Burée%2BFrance/,traité (2026-08-22 16:52)
https://www.google.com/maps/search/etablissement+wellness+Bertrichamps%2BFrance/,traité (2026-08-22 16:52)
https://www.google.com/maps/search/etablissement+wellness+Bertricourt%2BFrance/,traité (2026-08-22 16:52)
https://www.google.com/maps/search/etablissement+wellness+Bertrimont%2BFrance/,traité (2026-08-22 16:52)
https://www.google.com/maps/search/etablissement+wellness+Bertrimoutier%2BFrance/,traité (2026-08-22 16:52)
https://www.google.com/maps/search/etablissement+wellness+Bertry%2BFrance/,traité (2026-08-22 16:53)
https://www.google.com/maps/search/etablissement+wellness+Béru%2BFrance/,traité (2026-08-22 16:53)
https://www.google.com/maps/search/etablissement+wellness+Béruges%2BFrance/,traité (2026-08-22 16:54)
https://www.google.com/maps/search/etablissement+wellness+Bérulle%2BFrance/,traité (2026-08-22 16:54)
https://www.google.com/maps/search/etablissement+wellness+Bérus%2BFrance/,traité (2026-08-22 16:56)
https://www.google.com/maps/search/etablissement+wellness+Berville%2BFrance/,traité (2026-08-22 16:56)
https://www.google.com/maps/search/etablissement+wellness+Berville-en-Caux%2BFrance/,traité (2026-08-22 16:56)
https://www.google.com/maps/search/etablissement+wellness+Berville-la-Campagne%2BFrance/,traité (2026-08-22 16:56)
https://www.google.com/maps/search/etablissement+wellness+Berville-sur-Mer%2BFrance/,traité (2026-08-22 16:56)
https://www.google.com/maps/search/etablissement+wellness+Berville-sur-Seine%2BFrance/,traité (2026-08-22 16:56)
https://www.google.com/maps/search/etablissement+wellness+Berviller-en-Moselle%2BFrance/,traité (2026-08-22 16:56)
https://www.google.com/maps/search/etablissement+wellness+Berzé-la-Ville%2BFrance/,traité (2026-08-22 16:57)
https://www.google.com/maps/search/etablissement+wellness+Berzé-le-Châtel%2BFrance/,traité (2026-08-22 16:57)
https://www.google.com/maps/search/etablissement+wellness+Berzème%2BFrance/,traité (2026-08-22 16:57)
https://www.google.com/maps/search/etablissement+wellness+Berzieux%2BFrance/,traité (2026-08-22 17:00)
https://www.google.com/maps/search/etablissement+wellness+Berzy-le-Sec%2BFrance/,traité (2026-08-22 17:00)
https://www.google.com/maps/search/etablissement+wellness+La Besace%2BFrance/,traité (2026-08-22 17:00)
https://www.google.com/maps/search/etablissement+wellness+Besain%2BFrance/,traité (2026-08-22 17:00)
https://www.google.com/maps/search/etablissement+wellness+Besançon%2BFrance/,traité (2026-08-22 17:00)
https://www.google.com/maps/search/etablissement+wellness+Bésayes%2BFrance/,traité (2026-08-22 17:00)
https://www.google.com/maps/search/etablissement+wellness+Bescat%2BFrance/,traité (2026-08-22 17:00)
https://www.google.com/maps/search/etablissement+wellness+Bésignan%2BFrance/,traité (2026-08-22 17:00)
https://www.google.com/maps/search/etablissement+wellness+Bésingrand%2BFrance/,traité (2026-08-22 17:00)
https://www.google.com/maps/search/etablissement+wellness+Beslon%2BFrance/,traité (2026-08-22 17:01)
https://www.google.com/maps/search/etablissement+wellness+Besmé%2BFrance/,traité (2026-08-22 17:03)
https://www.google.com/maps/search/etablissement+wellness+Besmont%2BFrance/,traité (2026-08-22 17:03)
https://www.google.com/maps/search/etablissement+wellness+Besnans%2BFrance/,traité (2026-08-22 17:03)
https://www.google.com/maps/search/etablissement+wellness+Besné%2BFrance/,traité (2026-08-22 17:03)
https://www.google.com/maps/search/etablissement+wellness+Besneville%2BFrance/,traité (2026-08-22 17:03)
https://www.google.com/maps/search/etablissement+wellness+Besny-et-Loizy%2BFrance/,traité (2026-08-22 17:03)
https://www.google.com/maps/search/etablissement+wellness+Bessac%2BFrance/,traité (2026-08-22 17:03)
https://www.google.com/maps/search/etablissement+wellness+Bessais-le-Fromental%2BFrance/,traité (2026-08-22 17:03)
https://www.google.com/maps/search/etablissement+wellness+Bessamorel%2BFrance/,traité (2026-08-22 17:04)
https://www.google.com/maps/search/etablissement+wellness+Bessan%2BFrance/,traité (2026-08-22 17:04)
https://www.google.com/maps/search/etablissement+wellness+Bessancourt%2BFrance/,traité (2026-08-22 17:04)
https://www.google.com/maps/search/etablissement+wellness+Bessans%2BFrance/,traité (2026-08-22 17:06)
https://www.google.com/maps/search/etablissement+wellness+Bessas%2BFrance/,traité (2026-08-22 17:06)
https://www.google.com/maps/search/etablissement+wellness+Le Bessat%2BFrance/,traité (2026-08-22 17:06)
https://www.google.com/maps/search/etablissement+wellness+Bessay%2BFrance/,traité (2026-08-22 17:06)
https://www.google.com/maps/search/etablissement+wellness+Bessay-sur-Allier%2BFrance/,traité (2026-08-22 17:07)
https://www.google.com/maps/search/etablissement+wellness+Besse%2BFrance/,traité (2026-08-22 17:08)
https://www.google.com/maps/search/etablissement+wellness+Besse%2BFrance/,traité (2026-08-22 17:08)
https://www.google.com/maps/search/etablissement+wellness+Besse%2BFrance/,traité (2026-08-22 17:08)
https://www.google.com/maps/search/etablissement+wellness+Bessé%2BFrance/,traité (2026-08-22 17:08)
https://www.google.com/maps/search/etablissement+wellness+Besse-et-Saint-Anastaise%2BFrance/,traité (2026-08-22 17:09)
https://www.google.com/maps/search/etablissement+wellness+Bessé-sur-Braye%2BFrance/,traité (2026-08-22 17:11)
https://www.google.com/maps/search/etablissement+wellness+Besse-sur-Issole%2BFrance/,traité (2026-08-22 17:11)
https://www.google.com/maps/search/etablissement+wellness+Bessède-de-Sault%2BFrance/,traité (2026-08-22 17:11)
https://www.google.com/maps/search/etablissement+wellness+Bessèges%2BFrance/,traité (2026-08-22 17:11)
https://www.google.com/maps/search/etablissement+wellness+Bessenay%2BFrance/,traité (2026-08-22 17:11)
https://www.google.com/maps/search/etablissement+wellness+Bessens%2BFrance/,traité (2026-08-22 17:11)
https://www.google.com/maps/search/etablissement+wellness+Besset%2BFrance/,traité (2026-08-22 17:11)
https://www.google.com/maps/search/etablissement+wellness+Bessey%2BFrance/,traité (2026-08-22 17:12)
https://www.google.com/maps/search/etablissement+wellness+Bessey-en-Chaume%2BFrance/,traité (2026-08-22 17:12)
https://www.google.com/maps/search/etablissement+wellness+Bessey-la-Cour%2BFrance/,traité (2026-08-22 17:14)
https://www.google.com/maps/search/etablissement+wellness+Bessey-lès-Cîteaux%2BFrance/,traité (2026-08-22 17:14)
https://www.google.com/maps/search/etablissement+wellness+La Besseyre-Saint-Mary%2BFrance/,traité (2026-08-22 17:14)
https://www.google.com/maps/search/etablissement+wellness+Bessières%2BFrance/,traité (2026-08-22 17:14)
https://www.google.com/maps/search/etablissement+wellness+Bessines%2BFrance/,traité (2026-08-22 17:14)
https://www.google.com/maps/search/etablissement+wellness+Bessines-sur-Gartempe%2BFrance/,traité (2026-08-22 17:14)
https://www.google.com/maps/search/etablissement+wellness+Bessins%2BFrance/,traité (2026-08-22 17:15)
https://www.google.com/maps/search/etablissement+wellness+Besson%2BFrance/,échec (2026-08-22 17:15)
https://www.google.com/maps/search/etablissement+wellness+Bessoncourt%2BFrance/,traité (2026-08-22 17:15)
https://www.google.com/maps/search/etablissement+wellness+Bessonies%2BFrance/,traité (2026-08-22 17:16)
https://www.google.com/maps/search/etablissement+wellness+Les Bessons%2BFrance/,traité (2026-08-22 17:18)
https://www.google.com/maps/search/etablissement+wellness+Bessuéjouls%2BFrance/,traité (2026-08-22 17:18)
https://www.google.com/maps/search/etablissement+wellness+Bessy%2BFrance/,traité (2026-08-22 17:18)
https://www.google.com/maps/search/etablissement+wellness+Bessy-sur-Cure%2BFrance/,traité (2026-08-22 17:18)
https://www.google.com/maps/search/etablissement+wellness+Bestiac%2BFrance/,traité (2026-08-22 17:18)
https://www.google.com/maps/search/etablissement+wellness+Bétaille%2BFrance/,traité (2026-08-22 17:18)
https://www.google.com/maps/search/etablissement+wellness+Betaucourt%2BFrance/,traité (2026-08-22 17:18)
https://www.google.com/maps/search/etablissement+wellness+Betbèze%2BFrance/,traité (2026-08-22 17:18)
https://www.google.com/maps/search/etablissement+wellness+Betbezer-d'Armagnac%2BFrance/,traité (2026-08-22 17:18)
https://www.google.com/maps/search/etablissement+wellness+Betcave-Aguin%2BFrance/,traité (2026-08-22 17:19)
https://www.google.com/maps/search/etablissement+wellness+Betchat%2BFrance/,traité (2026-08-22 17:21)
https://www.google.com/maps/search/etablissement+wellness+Bétête%2BFrance/,traité (2026-08-22 17:21)
https://www.google.com/maps/search/etablissement+wellness+Béthancourt-en-Valois%2BFrance/,traité (2026-08-22 17:21)
https://www.google.com/maps/search/etablissement+wellness+Béthancourt-en-Vaux%2BFrance/,traité (2026-08-22 17:21)
https://www.google.com/maps/search/etablissement+wellness+Béthelainville%2BFrance/,traité (2026-08-22 17:21)
https://www.google.com/maps/search/etablissement+wellness+Béthemont-la-Forêt%2BFrance/,traité (2026-08-22 17:21)
https://www.google.com/maps/search/etablissement+wellness+Béthencourt%2BFrance/,traité (2026-08-22 17:21)
https://www.google.com/maps/search/etablissement+wellness+Béthencourt-sur-Mer%2BFrance/,traité (2026-08-22 17:22)
https://www.google.com/maps/search/etablissement+wellness+Béthencourt-sur-Somme%2BFrance/,traité (2026-08-22 17:22)
https://www.google.com/maps/search/etablissement+wellness+Bétheniville%2BFrance/,traité (2026-08-22 17:22)
https://www.google.com/maps/search/etablissement+wellness+Bétheny%2BFrance/,traité (2026-08-22 17:24)
https://www.google.com/maps/search/etablissement+wellness+Béthincourt%2BFrance/,traité (2026-08-22 17:25)
https://www.google.com/maps/search/etablissement+wellness+Béthines%2BFrance/,traité (2026-08-22 17:25)
https://www.google.com/maps/search/etablissement+wellness+Béthisy-Saint-Martin%2BFrance/,traité (2026-08-22 17:25)
https://www.google.com/maps/search/etablissement+wellness+Béthisy-Saint-Pierre%2BFrance/,traité (2026-08-22 17:25)
https://www.google.com/maps/search/etablissement+wellness+Bethmale%2BFrance/,traité (2026-08-22 17:25)
https://www.google.com/maps/search/etablissement+wellness+Bethon%2BFrance/,traité (2026-08-22 17:25)
https://www.google.com/maps/search/etablissement+wellness+Béthon%2BFrance/,traité (2026-08-22 17:26)
https://www.google.com/maps/search/etablissement+wellness+Bethoncourt%2BFrance/,traité (2026-08-22 17:26)
https://www.google.com/maps/search/etablissement+wellness+Béthonsart%2BFrance/,
https://www.google.com/maps/search/etablissement+wellness+Bethonvilliers%2BFrance/,
https://www.google.com/maps/search/etablissement+wellness+Béthonvilliers%2BFrance/,
https://www.google.com/maps/search/etablissement+wellness+Béthune%2BFrance/,
https://www.google.com/maps/search/etablissement+wellness+Bétignicourt%2BFrance/,
https://www.google.com/maps/search/etablissement+wellness+Beton-Bazoches%2BFrance/,
https://www.google.com/maps/search/etablissement+wellness+Betoncourt-lès-Brotte%2BFrance/,
https://www.google.com/maps/search/etablissement+wellness+Betoncourt-Saint-Pancras%2BFrance/,
https://www.google.com/maps/search/etablissement+wellness+Betoncourt-sur-Mance%2BFrance/,
https://www.google.com/maps/search/etablissement+wellness+Bétous%2BFrance/,
https://www.google.com/maps/search/etablissement+wellness+Betplan%2BFrance/,
https://www.google.com/maps/search/etablissement+wellness+Betpouey%2BFrance/,
https://www.google.com/maps/search/etablissement+wellness+Betpouy%2BFrance/,
https://www.google.com/maps/search/etablissement+wellness+Bétracq%2BFrance/,
https://www.google.com/maps/search/etablissement+wellness+Betschdorf%2BFrance/,
https://www.google.com/maps/search/etablissement+wellness+Bettainvillers%2BFrance/,
https://www.google.com/maps/search/etablissement+wellness+Bettancourt-la-Ferrée%2BFrance/,
https://www.google.com/maps/search/etablissement+wellness+Bettancourt-la-Longue%2BFrance/,
https://www.google.com/maps/search/etablissement+wellness+Bettange%2BFrance/,
https://www.google.com/maps/search/etablissement+wellness+Bettant%2BFrance/,
https://www.google.com/maps/search/etablissement+wellness+Bettborn%2BFrance/,
https://www.google.com/maps/search/etablissement+wellness+Bettegney-Saint-Brice%2BFrance/,
https://www.google.com/maps/search/etablissement+wellness+Bettelainville%2BFrance/,
https://www.google.com/maps/search/etablissement+wellness+Bettembos%2BFrance/,
https://www.google.com/maps/search/etablissement+wellness+Bettencourt-Rivière%2BFrance/,
https://www.google.com/maps/search/etablissement+wellness+Bettencourt-Saint-Ouen%2BFrance/,
https://www.google.com/maps/search/etablissement+wellness+Bettendorf%2BFrance/,
https://www.google.com/maps/search/etablissement+wellness+Bettes%2BFrance/,
https://www.google.com/maps/search/etablissement+wellness+Bettignies%2BFrance/,
https://www.google.com/maps/search/etablissement+wellness+Betting%2BFrance/,
https://www.google.com/maps/search/etablissement+wellness+Bettlach%2BFrance/,
https://www.google.com/maps/search/etablissement+wellness+Betton%2BFrance/,
https://www.google.com/maps/search/etablissement+wellness+Betton-Bettonet%2BFrance/,
https://www.google.com/maps/search/etablissement+wellness+Bettoncourt%2BFrance/,
https://www.google.com/maps/search/etablissement+wellness+Bettrechies%2BFrance/,
https://www.google.com/maps/search/etablissement+wellness+Bettviller%2BFrance/,
https://www.google.com/maps/search/etablissement+wellness+Bettwiller%2BFrance/,
https://www.google.com/maps/search/etablissement+wellness+Betz%2BFrance/,
https://www.google.com/maps/search/etablissement+wellness+Betz-le-Château%2BFrance/,
https://www.google.com/maps/search/etablissement+wellness+Beugin%2BFrance/,
https://www.google.com/maps/search/etablissement+wellness+Beugnâtre%2BFrance/,
https://www.google.com/maps/search/etablissement+wellness+Beugneux%2BFrance/,
https://www.google.com/maps/search/etablissement+wellness+Beugnies%2BFrance/,
https://www.google.com/maps/search/etablissement+wellness+Le Beugnon%2BFrance/,
https://www.google.com/maps/search/etablissement+wellness+Beugnon%2BFrance/,
https://www.google.com/maps/search/etablissement+wellness+Beugny%2BFrance/,
https://www.google.com/maps/search/etablissement+wellness+Beuil%2BFrance/,
https://www.google.com/maps/search/etablissement+wellness+Le Beulay%2BFrance/,
https://www.google.com/maps/search/etablissement+wellness+Beulotte-Saint-Laurent%2BFrance/,
https://www.google.com/maps/search/etablissement+wellness+Beure%2BFrance/,
https://www.google.com/maps/search/etablissement+wellness+Beurey%2BFrance/,
https://www.google.com/maps/search/etablissement+wellness+Beurey-Bauguay%2BFrance/,
https://www.google.com/maps/search/etablissement+wellness+Beurey-sur-Saulx%2BFrance/,
https://www.google.com/maps/search/etablissement+wellness+Beurières%2BFrance/,
https://www.google.com/maps/search/etablissement+wellness+Beurizot%2BFrance/,
https://www.google.com/maps/search/etablissement+wellness+Beurlay%2BFrance/,
https://www.google.com/maps/search/etablissement+wellness+Beurville%2BFrance/,
https://www.google.com/maps/search/etablissement+wellness+Beussent%2BFrance/,
https://www.google.com/maps/search/etablissement+wellness+Beuste%2BFrance/,
https://www.google.com/maps/search/etablissement+wellness+Beutal%2BFrance/,
https://www.google.com/maps/search/etablissement+wellness+Beutin%2BFrance/,
https://www.google.com/maps/search/etablissement+wellness+Beuvardes%2BFrance/,
https://www.google.com/maps/search/etablissement+wellness+Beuveille%2BFrance/,
https://www.google.com/maps/search/etablissement+wellness+Beuvezin%2BFrance/,
https://www.google.com/maps/search/etablissement+wellness+Beuvillers%2BFrance/,
https://www.google.com/maps/search/etablissement+wellness+Beuvillers%2BFrance/,
https://www.google.com/maps/search/etablissement+wellness+Beuvrages%2BFrance/,
https://www.google.com/maps/search/etablissement+wellness+Beuvraignes%2BFrance/,
https://www.google.com/maps/search/etablissement+wellness+Beuvrequen%2BFrance/,
https://www.google.com/maps/search/etablissement+wellness+Beuvrigny%2BFrance/,
https://www.google.com/maps/search/etablissement+wellness+Beuvron%2BFrance/,
https://www.google.com/maps/search/etablissement+wellness+Beuvron-en-Auge%2BFrance/,
https://www.google.com/maps/search/etablissement+wellness+Beuvry%2BFrance/,
https://www.google.com/maps/search/etablissement+wellness+Beuvry-la-Forêt%2BFrance/,
https://www.google.com/maps/search/etablissement+wellness+Beux%2BFrance/,
https://www.google.com/maps/search/etablissement+wellness+Beuxes%2BFrance/,
https://www.google.com/maps/search/etablissement+wellness+Beuzec-Cap-Sizun%2BFrance/,
https://www.google.com/maps/search/etablissement+wellness+Beuzeville%2BFrance/,
https://www.google.com/maps/search/etablissement+wellness+Beuzeville-la-Bastille%2BFrance/,
https://www.google.com/maps/search/etablissement+wellness+Beuzeville-la-Grenier%2BFrance/,
https://www.google.com/maps/search/etablissement+wellness+Beuzeville-la-Guérard%2BFrance/,
https://www.google.com/maps/search/etablissement+wellness+Beuzevillette%2BFrance/,
https://www.google.com/maps/search/etablissement+wellness+Bévenais%2BFrance/,
https://www.google.com/maps/search/etablissement+wellness+Beveuge%2BFrance/,
https://www.google.com/maps/search/etablissement+wellness+Béville-le-Comte%2BFrance/,
https://www.google.com/maps/search/etablissement+wellness+Bévillers%2BFrance/,
https://www.google.com/maps/search/etablissement+wellness+Bevons%2BFrance/,
https://www.google.com/maps/search/etablissement+wellness+Bévy%2BFrance/,
https://www.google.com/maps/search/etablissement+wellness+Bey%2BFrance/,
https://www.google.com/maps/search/etablissement+wellness+Bey%2BFrance/,
https://www.google.com/maps/search/etablissement+wellness+Bey-sur-Seille%2BFrance/,
https://www.google.com/maps/search/etablissement+wellness+Beychac-et-Caillau%2BFrance/,
https://www.google.com/maps/search/etablissement+wellness+Beylongue%2BFrance/,
https://www.google.com/maps/search/etablissement+wellness+Beynac%2BFrance/,
https://www.google.com/maps/search/etablissement+wellness+Beynac-et-Cazenac%2BFrance/,
https://www.google.com/maps/search/etablissement+wellness+Beynat%2BFrance/,
https://www.google.com/maps/search/etablissement+wellness+Beynes%2BFrance/,
https://www.google.com/maps/search/etablissement+wellness+Beynes%2BFrance/,
https://www.google.com/maps/search/etablissement+wellness+Beynost%2BFrance/,
https://www.google.com/maps/search/etablissement+wellness+Beyrède-Jumet%2BFrance/,
https://www.google.com/maps/search/etablissement+wellness+Beyren-lès-Sierck%2BFrance/,
https://www.google.com/maps/search/etablissement+wellness+Beyrie-en-Béarn%2BFrance/,
https://www.google.com/maps/search/etablissement+wellness+Beyrie-sur-Joyeuse%2BFrance/,
https://www.google.com/maps/search/etablissement+wellness+Beyries%2BFrance/,
https://www.google.com/maps/search/etablissement+wellness+Beyssac%2BFrance/,
https://www.google.com/maps/search/etablissement+wellness+Beyssenac%2BFrance/,
https://www.google.com/maps/search/etablissement+wellness+Le Bez%2BFrance/,
https://www.google.com/maps/search/etablissement+wellness+Bez-et-Esparon%2BFrance/,
https://www.google.com/maps/search/etablissement+wellness+Bézac%2BFrance/,
https://www.google.com/maps/search/etablissement+wellness+Bezalles%2BFrance/,
https://www.google.com/maps/search/etablissement+wellness+Bézancourt%2BFrance/,
https://www.google.com/maps/search/etablissement+wellness+Bezange-la-Grande%2BFrance/,
https://www.google.com/maps/search/etablissement+wellness+Bezange-la-Petite%2BFrance/,
https://www.google.com/maps/search/etablissement+wellness+Bezannes%2BFrance/,
https://www.google.com/maps/search/etablissement+wellness+Bézaudun-les-Alpes%2BFrance/,
https://www.google.com/maps/search/etablissement+wellness+Bézaudun-sur-Bîne%2BFrance/,
https://www.google.com/maps/search/etablissement+wellness+Bezaumont%2BFrance/,
https://www.google.com/maps/search/etablissement+wellness+Bèze%2BFrance/,
https://www.google.com/maps/search/etablissement+wellness+Bézenac%2BFrance/,
https://www.google.com/maps/search/etablissement+wellness+Bézenet%2BFrance/,
https://www.google.com/maps/search/etablissement+wellness+Bézéril%2BFrance/,
https://www.google.com/maps/search/etablissement+wellness+Béziers%2BFrance/,
https://www.google.com/maps/search/etablissement+wellness+Bezinghem%2BFrance/,
https://www.google.com/maps/search/etablissement+wellness+Bezins-Garraux%2BFrance/,
https://www.google.com/maps/search/etablissement+wellness+La Bezole%2BFrance/,
https://www.google.com/maps/search/etablissement+wellness+Bezolles%2BFrance/,
https://www.google.com/maps/search/etablissement+wellness+Bezons%2BFrance/,
https://www.google.com/maps/search/etablissement+wellness+Bezonvaux%2BFrance/,
https://www.google.com/maps/search/etablissement+wellness+Bezouce%2BFrance/,
https://www.google.com/maps/search/etablissement+wellness+Bézouotte%2BFrance/,
https://www.google.com/maps/search/etablissement+wellness+Bézu-la-Forêt%2BFrance/,
https://www.google.com/maps/search/etablissement+wellness+Bézu-le-Guéry%2BFrance/,
https://www.google.com/maps/search/etablissement+wellness+Bézu-Saint-Éloi%2BFrance/,
https://www.google.com/maps/search/etablissement+wellness+Bézu-Saint-Germain%2BFrance/,
https://www.google.com/maps/search/etablissement+wellness+Bézues-Bajon%2BFrance/,
https://www.google.com/maps/search/etablissement+wellness+Biache-Saint-Vaast%2BFrance/,
https://www.google.com/maps/search/etablissement+wellness+Biaches%2BFrance/,
https://www.google.com/maps/search/etablissement+wellness+Bians-les-Usiers%2BFrance/,
https://www.google.com/maps/search/etablissement+wellness+Biard%2BFrance/,
https://www.google.com/maps/search/etablissement+wellness+Biarne%2BFrance/,
https://www.google.com/maps/search/etablissement+wellness+Biarre%2BFrance/,
https://www.google.com/maps/search/etablissement+wellness+Biarritz%2BFrance/,
https://www.google.com/maps/search/etablissement+wellness+Biarrotte%2BFrance/,
https://www.google.com/maps/search/etablissement+wellness+Biars-sur-Cère%2BFrance/,
https://www.google.com/maps/search/etablissement+wellness+Bias%2BFrance/,
https://www.google.com/maps/search/etablissement+wellness+Bias%2BFrance/,
https://www.google.com/maps/search/etablissement+wellness+Biaudos%2BFrance/,
https://www.google.com/maps/search/etablissement+wellness+Bibiche%2BFrance/,
https://www.google.com/maps/search/etablissement+wellness+Biblisheim%2BFrance/,
https://www.google.com/maps/search/etablissement+wellness+Bibost%2BFrance/,
https://www.google.com/maps/search/etablissement+wellness+Bichancourt%2BFrance/,
https://www.google.com/maps/search/etablissement+wellness+Biches%2BFrance/,
https://www.google.com/maps/search/etablissement+wellness+Bickenholtz%2BFrance/,
https://www.google.com/maps/search/etablissement+wellness+Bicqueley%2BFrance/,
https://www.google.com/maps/search/etablissement+wellness+Bidache%2BFrance/,
https://www.google.com/maps/search/etablissement+wellness+Bidarray%2BFrance/,
https://www.google.com/maps/search/etablissement+wellness+Bidart%2BFrance/,
https://www.google.com/maps/search/etablissement+wellness+Bidestroff%2BFrance/,
https://www.google.com/maps/search/etablissement+wellness+Biding%2BFrance/,
https://www.google.com/maps/search/etablissement+wellness+Bidon%2BFrance/,
https://www.google.com/maps/search/etablissement+wellness+Bidos%2BFrance/,
https://www.google.com/maps/search/etablissement+wellness+Biécourt%2BFrance/,
https://www.google.com/maps/search/etablissement+wellness+Biederthal%2BFrance/,
https://www.google.com/maps/search/etablissement+wellness+Bief%2BFrance/,
https://www.google.com/maps/search/etablissement+wellness+Bief-des-Maisons%2BFrance/,
https://www.google.com/maps/search/etablissement+wellness+Bief-du-Fourg%2BFrance/,
https://www.google.com/maps/search/etablissement+wellness+Biefmorin%2BFrance/,
https://www.google.com/maps/search/etablissement+wellness+Biefvillers-lès-Bapaume%2BFrance/,
https://www.google.com/maps/search/etablissement+wellness+Bielle%2BFrance/,
https://www.google.com/maps/search/etablissement+wellness+Biencourt%2BFrance/,
https://www.google.com/maps/search/etablissement+wellness+Biencourt-sur-Orge%2BFrance/,
https://www.google.com/maps/search/etablissement+wellness+Bienville%2BFrance/,
https://www.google.com/maps/search/etablissement+wellness+Bienville-la-Petite%2BFrance/,
https://www.google.com/maps/search/etablissement+wellness+Bienvillers-au-Bois%2BFrance/,
https://www.google.com/maps/search/etablissement+wellness+Biermes%2BFrance/,
https://www.google.com/maps/search/etablissement+wellness+Biermont%2BFrance/,
https://www.google.com/maps/search/etablissement+wellness+Bierne%2BFrance/,
https://www.google.com/maps/search/etablissement+wellness+Bierné%2BFrance/,
https://www.google.com/maps/search/etablissement+wellness+Bierre-lès-Semur%2BFrance/,
https://www.google.com/maps/search/etablissement+wellness+Bierry-les-Belles-Fontaines%2BFrance/,
https://www.google.com/maps/search/etablissement+wellness+Biert%2BFrance/,
https://www.google.com/maps/search/etablissement+wellness+Bierville%2BFrance/,
https://www.google.com/maps/search/etablissement+wellness+Biesheim%2BFrance/,
https://www.google.com/maps/search/etablissement+wellness+Biesles%2BFrance/,
https://www.google.com/maps/search/etablissement+wellness+Bietlenheim%2BFrance/,
https://www.google.com/maps/search/etablissement+wellness+Bieujac%2BFrance/,
https://www.google.com/maps/search/etablissement+wellness+Bieuxy%2BFrance/,
https://www.google.com/maps/search/etablissement+wellness+Bieuzy%2BFrance/,
https://www.google.com/maps/search/etablissement+wellness+Biéville%2BFrance/,
https://www.google.com/maps/search/etablissement+wellness+Biéville-Beuville%2BFrance/,
https://www.google.com/maps/search/etablissement+wellness+Bièvres%2BFrance/,
https://www.google.com/maps/search/etablissement+wellness+Bièvres%2BFrance/,
https://www.google.com/maps/search/etablissement+wellness+Bièvres%2BFrance/,
https://www.google.com/maps/search/etablissement+wellness+Biffontaine%2BFrance/,
https://www.google.com/maps/search/etablissement+wellness+Biganos%2BFrance/,
https://www.google.com/maps/search/etablissement+wellness+Bignan%2BFrance/,
https://www.google.com/maps/search/etablissement+wellness+Bignay%2BFrance/,
https://www.google.com/maps/search/etablissement+wellness+La Bigne%2BFrance/,
https://www.google.com/maps/search/etablissement+wellness+Bignicourt%2BFrance/,
https://www.google.com/maps/search/etablissement+wellness+Bignicourt-sur-Marne%2BFrance/,
https://www.google.com/maps/search/etablissement+wellness+Bignicourt-sur-Saulx%2BFrance/,
https://www.google.com/maps/search/etablissement+wellness+Le Bignon%2BFrance/,
https://www.google.com/maps/search/etablissement+wellness+Le Bignon-du-Maine%2BFrance/,
https://www.google.com/maps/search/etablissement+wellness+Le Bignon-Mirabeau%2BFrance/,
https://www.google.com/maps/search/etablissement+wellness+Bignoux%2BFrance/,
https://www.google.com/maps/search/etablissement+wellness+Bigorno%2BFrance/,
https://www.google.com/maps/search/etablissement+wellness+La Bigottière%2BFrance/,
https://www.google.com/maps/search/etablissement+wellness+Biguglia%2BFrance/,
https://www.google.com/maps/search/etablissement+wellness+Bihorel%2BFrance/,
https://www.google.com/maps/search/etablissement+wellness+Bihucourt%2BFrance/,
https://www.google.com/maps/search/etablissement+wellness+Bilhac%2BFrance/,
https://www.google.com/maps/search/etablissement+wellness+Bilhères%2BFrance/,
https://www.google.com/maps/search/etablissement+wellness+Bilia%2BFrance/,
https://www.google.com/maps/search/etablissement+wellness+Bilieu%2BFrance/,
https://www.google.com/maps/search/etablissement+wellness+Billancelles%2BFrance/,
https://www.google.com/maps/search/etablissement+wellness+Billancourt%2BFrance/,
https://www.google.com/maps/search/etablissement+wellness+Les Billanges%2BFrance/,
https://www.google.com/maps/search/etablissement+wellness+Les Billaux%2BFrance/,
https://www.google.com/maps/search/etablissement+wellness+Billé%2BFrance/,
https://www.google.com/maps/search/etablissement+wellness+Billecul%2BFrance/,
https://www.google.com/maps/search/etablissement+wellness+Billère%2BFrance/,
https://www.google.com/maps/search/etablissement+wellness+Billey%2BFrance/,
https://www.google.com/maps/search/etablissement+wellness+Billezois%2BFrance/,
https://www.google.com/maps/search/etablissement+wellness+Billiat%2BFrance/,
https://www.google.com/maps/search/etablissement+wellness+Billième%2BFrance/,
https://www.google.com/maps/search/etablissement+wellness+Billière%2BFrance/,
https://www.google.com/maps/search/etablissement+wellness+Billiers%2BFrance/,
https://www.google.com/maps/search/etablissement+wellness+Billio%2BFrance/,
https://www.google.com/maps/search/etablissement+wellness+Billom%2BFrance/,
https://www.google.com/maps/search/etablissement+wellness+Billy%2BFrance/,
https://www.google.com/maps/search/etablissement+wellness+Billy%2BFrance/,
https://www.google.com/maps/search/etablissement+wellness+Billy%2BFrance/,
https://www.google.com/maps/search/etablissement+wellness+Billy-Berclau%2BFrance/,
https://www.google.com/maps/search/etablissement+wellness+Billy-Chevannes%2BFrance/,
https://www.google.com/maps/search/etablissement+wellness+Billy-le-Grand%2BFrance/,
https://www.google.com/maps/search/etablissement+wellness+Billy-lès-Chanceaux%2BFrance/,
https://www.google.com/maps/search/etablissement+wellness+Billy-Montigny%2BFrance/,
https://www.google.com/maps/search/etablissement+wellness+Billy-sous-Mangiennes%2BFrance/,
https://www.google.com/maps/search/etablissement+wellness+Billy-sur-Aisne%2BFrance/,
https://www.google.com/maps/search/etablissement+wellness+Billy-sur-Oisy%2BFrance/,
https://www.google.com/maps/search/etablissement+wellness+Billy-sur-Ourcq%2BFrance/,
https://www.google.com/maps/search/etablissement+wellness+Biltzheim%2BFrance/,
https://www.google.com/maps/search/etablissement+wellness+Bilwisheim%2BFrance/,
https://www.google.com/maps/search/etablissement+wellness+Bimont%2BFrance/,
https://www.google.com/maps/search/etablissement+wellness+Binarville%2BFrance/,
https://www.google.com/maps/search/etablissement+wellness+Binas%2BFrance/,
https://www.google.com/maps/search/etablissement+wellness+Bindernheim%2BFrance/,
https://www.google.com/maps/search/etablissement+wellness+Binges%2BFrance/,
https://www.google.com/maps/search/etablissement+wellness+Binic-Étables-sur-Mer%2BFrance/,
https://www.google.com/maps/search/etablissement+wellness+Bining%2BFrance/,
https://www.google.com/maps/search/etablissement+wellness+Biniville%2BFrance/,
https://www.google.com/maps/search/etablissement+wellness+Binos%2BFrance/,
https://www.google.com/maps/search/etablissement+wellness+Binson-et-Orquigny%2BFrance/,
https://www.google.com/maps/search/etablissement+wellness+Bio%2BFrance/,
https://www.google.com/maps/search/etablissement+wellness+Biol%2BFrance/,
https://www.google.com/maps/search/etablissement+wellness+La Biolle%2BFrance/,
https://www.google.com/maps/search/etablissement+wellness+Biollet%2BFrance/,
https://www.google.com/maps/search/etablissement+wellness+Bioncourt%2BFrance/,
https://www.google.com/maps/search/etablissement+wellness+Bionville%2BFrance/,
https://www.google.com/maps/search/etablissement+wellness+Bionville-sur-Nied%2BFrance/,
https://www.google.com/maps/search/etablissement+wellness+Biot%2BFrance/,
https://www.google.com/maps/search/etablissement+wellness+Le Biot%2BFrance/,
https://www.google.com/maps/search/etablissement+wellness+Bioule%2BFrance/,
https://www.google.com/maps/search/etablissement+wellness+Bioussac%2BFrance/,
https://www.google.com/maps/search/etablissement+wellness+Biozat%2BFrance/,
https://www.google.com/maps/search/etablissement+wellness+Birac%2BFrance/,
https://www.google.com/maps/search/etablissement+wellness+Birac%2BFrance/,
https://www.google.com/maps/search/etablissement+wellness+Birac-sur-Trec%2BFrance/,
https://www.google.com/maps/search/etablissement+wellness+Biran%2BFrance/,
https://www.google.com/maps/search/etablissement+wellness+Biras%2BFrance/,
https://www.google.com/maps/search/etablissement+wellness+Biriatou%2BFrance/,
https://www.google.com/maps/search/etablissement+wellness+Birieux%2BFrance/,
https://www.google.com/maps/search/etablissement+wellness+Biron%2BFrance/,
https://www.google.com/maps/search/etablissement+wellness+Biron%2BFrance/,
https://www.google.com/maps/search/etablissement+wellness+Biron%2BFrance/,
https://www.google.com/maps/search/etablissement+wellness+Biscarrosse%2BFrance/,
https://www.google.com/maps/search/etablissement+wellness+Bischheim%2BFrance/,
https://www.google.com/maps/search/etablissement+wellness+Bischholtz%2BFrance/,
https://www.google.com/maps/search/etablissement+wellness+Bischoffsheim%2BFrance/,
https://www.google.com/maps/search/etablissement+wellness+Bischwihr%2BFrance/,
https://www.google.com/maps/search/etablissement+wellness+Bischwiller%2BFrance/,
https://www.google.com/maps/search/etablissement+wellness+Bisel%2BFrance/,
https://www.google.com/maps/search/etablissement+wellness+Bisinchi%2BFrance/,
https://www.google.com/maps/search/etablissement+wellness+Bislée%2BFrance/,
https://www.google.com/maps/search/etablissement+wellness+Bissert%2BFrance/,
https://www.google.com/maps/search/etablissement+wellness+Bissey-la-Côte%2BFrance/,
https://www.google.com/maps/search/etablissement+wellness+Bissey-la-Pierre%2BFrance/,
https://www.google.com/maps/search/etablissement+wellness+Bissey-sous-Cruchaud%2BFrance/,
https://www.google.com/maps/search/etablissement+wellness+Bissezeele%2BFrance/,
https://www.google.com/maps/search/etablissement+wellness+Bissières%2BFrance/,
https://www.google.com/maps/search/etablissement+wellness+Bissy-la-Mâconnaise%2BFrance/,
https://www.google.com/maps/search/etablissement+wellness+Bissy-sous-Uxelles%2BFrance/,
https://www.google.com/maps/search/etablissement+wellness+Bissy-sur-Fley%2BFrance/,
https://www.google.com/maps/search/etablissement+wellness+Bisten-en-Lorraine%2BFrance/,
https://www.google.com/maps/search/etablissement+wellness+Bistroff%2BFrance/,
https://www.google.com/maps/search/etablissement+wellness+Bitche%2BFrance/,
https://www.google.com/maps/search/etablissement+wellness+Bitry%2BFrance/,
https://www.google.com/maps/search/etablissement+wellness+Bitry%2BFrance/,
https://www.google.com/maps/search/etablissement+wellness+Bitschhoffen%2BFrance/,
https://www.google.com/maps/search/etablissement+wellness+Bitschwiller-lès-Thann%2BFrance/,
https://www.google.com/maps/search/etablissement+wellness+Bivès%2BFrance/,
https://www.google.com/maps/search/etablissement+wellness+Biviers%2BFrance/,
https://www.google.com/maps/search/etablissement+wellness+Biville%2BFrance/,
https://www.google.com/maps/search/etablissement+wellness+Biville-la-Baignarde%2BFrance/,
https://www.google.com/maps/search/etablissement+wellness+Biville-la-Rivière%2BFrance/,
https://www.google.com/maps/search/etablissement+wellness+Bizanet%2BFrance/,
https://www.google.com/maps/search/etablissement+wellness+Bizanos%2BFrance/,
https://www.google.com/maps/search/etablissement+wellness+Bize%2BFrance/,
https://www.google.com/maps/search/etablissement+wellness+Bize%2BFrance/,
https://www.google.com/maps/search/etablissement+wellness+Bize-Minervois%2BFrance/,
https://www.google.com/maps/search/etablissement+wellness+Bizeneuille%2BFrance/,
https://www.google.com/maps/search/etablissement+wellness+Biziat%2BFrance/,
https://www.google.com/maps/search/etablissement+wellness+Bizonnes%2BFrance/,
https://www.google.com/maps/search/etablissement+wellness+Le Bizot%2BFrance/,
https://www.google.com/maps/search/etablissement+wellness+Les Bizots%2BFrance/,
https://www.google.com/maps/search/etablissement+wellness+Bizou%2BFrance/,
https://www.google.com/maps/search/etablissement+wellness+Bizous%2BFrance/,
https://www.google.com/maps/search/etablissement+wellness+Blacé%2BFrance/,
https://www.google.com/maps/search/etablissement+wellness+Blacourt%2BFrance/,
https://www.google.com/maps/search/etablissement+wellness+Blacqueville%2BFrance/,
https://www.google.com/maps/search/etablissement+wellness+Blacy%2BFrance/,
https://www.google.com/maps/search/etablissement+wellness+Blacy%2BFrance/,
https://www.google.com/maps/search/etablissement+wellness+Blaesheim%2BFrance/,
https://www.google.com/maps/search/etablissement+wellness+Blagnac%2BFrance/,
https://www.google.com/maps/search/etablissement+wellness+Blagny%2BFrance/,
https://www.google.com/maps/search/etablissement+wellness+Blagny-sur-Vingeanne%2BFrance/,
https://www.google.com/maps/search/etablissement+wellness+Blaignac%2BFrance/,
https://www.google.com/maps/search/etablissement+wellness+Blaignan%2BFrance/,
https://www.google.com/maps/search/etablissement+wellness+Blain%2BFrance/,
https://www.google.com/maps/search/etablissement+wellness+Blaincourt-lès-Précy%2BFrance/,
https://www.google.com/maps/search/etablissement+wellness+Blaincourt-sur-Aube%2BFrance/,
https://www.google.com/maps/search/etablissement+wellness+Blainville-Crevon%2BFrance/,
https://www.google.com/maps/search/etablissement+wellness+Blainville-sur-l'Eau%2BFrance/,
https://www.google.com/maps/search/etablissement+wellness+Blainville-sur-Mer%2BFrance/,
https://www.google.com/maps/search/etablissement+wellness+Blainville-sur-Orne%2BFrance/,
https://www.google.com/maps/search/etablissement+wellness+Blairville%2BFrance/,
https://www.google.com/maps/search/etablissement+wellness+Blaise-sous-Arzillières%2BFrance/,
https://www.google.com/maps/search/etablissement+wellness+Blaison-Saint-Sulpice%2BFrance/,
https://www.google.com/maps/search/etablissement+wellness+Blaisy%2BFrance/,
https://www.google.com/maps/search/etablissement+wellness+Blaisy-Bas%2BFrance/,
https://www.google.com/maps/search/etablissement+wellness+Blaisy-Haut%2BFrance/,
https://www.google.com/maps/search/etablissement+wellness+Blajan%2BFrance/,
https://www.google.com/maps/search/etablissement+wellness+Blamont%2BFrance/,
https://www.google.com/maps/search/etablissement+wellness+Blâmont%2BFrance/,
https://www.google.com/maps/search/etablissement+wellness+Blan%2BFrance/,
https://www.google.com/maps/search/etablissement+wellness+Le Blanc%2BFrance/,
https://www.google.com/maps/search/etablissement+wellness+Le Blanc-Mesnil%2BFrance/,
https://www.google.com/maps/search/etablissement+wellness+Blancafort%2BFrance/,
https://www.google.com/maps/search/etablissement+wellness+Blancey%2BFrance/,
https://www.google.com/maps/search/etablissement+wellness+Blancfossé%2BFrance/,
https://www.google.com/maps/search/etablissement+wellness+Blanche-Église%2BFrance/,
https://www.google.com/maps/search/etablissement+wellness+Blanchefosse-et-Bay%2BFrance/,
https://www.google.com/maps/search/etablissement+wellness+Blancherupt%2BFrance/,
https://www.google.com/maps/search/etablissement+wellness+Blancs-Coteaux%2BFrance/,
https://www.google.com/maps/search/etablissement+wellness+Blandainville%2BFrance/,
https://www.google.com/maps/search/etablissement+wellness+Blandas%2BFrance/,
https://www.google.com/maps/search/etablissement+wellness+Blandin%2BFrance/,
https://www.google.com/maps/search/etablissement+wellness+Blandouet%2BFrance/,
https://www.google.com/maps/search/etablissement+wellness+Blandouet-Saint Jean%2BFrance/,
https://www.google.com/maps/search/etablissement+wellness+Blandy%2BFrance/,
https://www.google.com/maps/search/etablissement+wellness+Blandy%2BFrance/,
https://www.google.com/maps/search/etablissement+wellness+Blangerval-Blangermont%2BFrance/,
https://www.google.com/maps/search/etablissement+wellness+Blangy-le-Château%2BFrance/,
https://www.google.com/maps/search/etablissement+wellness+Blangy-sous-Poix%2BFrance/,
https://www.google.com/maps/search/etablissement+wellness+Blangy-sur-Bresle%2BFrance/,
https://www.google.com/maps/search/etablissement+wellness+Blangy-sur-Ternoise%2BFrance/,
https://www.google.com/maps/search/etablissement+wellness+Blangy-Tronville%2BFrance/,
https://www.google.com/maps/search/etablissement+wellness+Blannay%2BFrance/,
https://www.google.com/maps/search/etablissement+wellness+Blanot%2BFrance/,
https://www.google.com/maps/search/etablissement+wellness+Blanot%2BFrance/,
https://www.google.com/maps/search/etablissement+wellness+Blanquefort%2BFrance/,
https://www.google.com/maps/search/etablissement+wellness+Blanquefort%2BFrance/,
https://www.google.com/maps/search/etablissement+wellness+Blanquefort-sur-Briolance%2BFrance/,
https://www.google.com/maps/search/etablissement+wellness+Blanzac%2BFrance/,
https://www.google.com/maps/search/etablissement+wellness+Blanzac%2BFrance/,
https://www.google.com/maps/search/etablissement+wellness+Blanzac-lès-Matha%2BFrance/,
https://www.google.com/maps/search/etablissement+wellness+Blanzaguet-Saint-Cybard%2BFrance/,
https://www.google.com/maps/search/etablissement+wellness+Blanzat%2BFrance/,
https://www.google.com/maps/search/etablissement+wellness+Blanzay%2BFrance/,
https://www.google.com/maps/search/etablissement+wellness+Blanzay-sur-Boutonne%2BFrance/,
https://www.google.com/maps/search/etablissement+wellness+Blanzée%2BFrance/,
https://www.google.com/maps/search/etablissement+wellness+Blanzy%2BFrance/,
https://www.google.com/maps/search/etablissement+wellness+Blanzy-la-Salonnaise%2BFrance/,
https://www.google.com/maps/search/etablissement+wellness+Blanzy-lès-Fismes%2BFrance/,
https://www.google.com/maps/search/etablissement+wellness+Blargies%2BFrance/,
https://www.google.com/maps/search/etablissement+wellness+Blarians%2BFrance/,
https://www.google.com/maps/search/etablissement+wellness+Blaringhem%2BFrance/,
https://www.google.com/maps/search/etablissement+wellness+Blars%2BFrance/,
https://www.google.com/maps/search/etablissement+wellness+Blaru%2BFrance/,
https://www.google.com/maps/search/etablissement+wellness+Blasimon%2BFrance/,
https://www.google.com/maps/search/etablissement+wellness+Blaslay%2BFrance/,
https://www.google.com/maps/search/etablissement+wellness+Blassac%2BFrance/,
https://www.google.com/maps/search/etablissement+wellness+Blaudeix%2BFrance/,
https://www.google.com/maps/search/etablissement+wellness+Blausasc%2BFrance/,
https://www.google.com/maps/search/etablissement+wellness+Blauvac%2BFrance/,
https://www.google.com/maps/search/etablissement+wellness+Blauzac%2BFrance/,
https://www.google.com/maps/search/etablissement+wellness+Blavignac%2BFrance/,
https://www.google.com/maps/search/etablissement+wellness+Blavozy%2BFrance/,
https://www.google.com/maps/search/etablissement+wellness+Blay%2BFrance/,
https://www.google.com/maps/search/etablissement+wellness+Blaye%2BFrance/,
https://www.google.com/maps/search/etablissement+wellness+Blaye-les-Mines%2BFrance/,
https://www.google.com/maps/search/etablissement+wellness+Blaymont%2BFrance/,
https://www.google.com/maps/search/etablissement+wellness+Blaziert%2BFrance/,
https://www.google.com/maps/search/etablissement+wellness+Blécourt%2BFrance/,
https://www.google.com/maps/search/etablissement+wellness+Blécourt%2BFrance/,
https://www.google.com/maps/search/etablissement+wellness+Bleigny-le-Carreau%2BFrance/,
https://www.google.com/maps/search/etablissement+wellness+Blémerey%2BFrance/,
https://www.google.com/maps/search/etablissement+wellness+Blémerey%2BFrance/,
https://www.google.com/maps/search/etablissement+wellness+Blendecques%2BFrance/,
https://www.google.com/maps/search/etablissement+wellness+Bléneau%2BFrance/,
https://www.google.com/maps/search/etablissement+wellness+Blennes%2BFrance/,
https://www.google.com/maps/search/etablissement+wellness+Blénod-lès-Pont-à-Mousson%2BFrance/,
https://www.google.com/maps/search/etablissement+wellness+Blénod-lès-Toul%2BFrance/,
https://www.google.com/maps/search/etablissement+wellness+Bléquin%2BFrance/,
https://www.google.com/maps/search/etablissement+wellness+Blérancourt%2BFrance/,
https://www.google.com/maps/search/etablissement+wellness+Bléré%2BFrance/,
https://www.google.com/maps/search/etablissement+wellness+Bléruais%2BFrance/,
https://www.google.com/maps/search/etablissement+wellness+Blésignac%2BFrance/,
https://www.google.com/maps/search/etablissement+wellness+Blesle%2BFrance/,
https://www.google.com/maps/search/etablissement+wellness+Blesme%2BFrance/,
https://www.google.com/maps/search/etablissement+wellness+Blesmes%2BFrance/,
https://www.google.com/maps/search/etablissement+wellness+Blessac%2BFrance/,
https://www.google.com/maps/search/etablissement+wellness+Blessonville%2BFrance/,
https://www.google.com/maps/search/etablissement+wellness+Blessy%2BFrance/,
https://www.google.com/maps/search/etablissement+wellness+Blet%2BFrance/,
https://www.google.com/maps/search/etablissement+wellness+Bletterans%2BFrance/,
https://www.google.com/maps/search/etablissement+wellness+Bleurville%2BFrance/,
https://www.google.com/maps/search/etablissement+wellness+Blevaincourt%2BFrance/,
https://www.google.com/maps/search/etablissement+wellness+Blèves%2BFrance/,
https://www.google.com/maps/search/etablissement+wellness+Blicourt%2BFrance/,
https://www.google.com/maps/search/etablissement+wellness+Blienschwiller%2BFrance/,
https://www.google.com/maps/search/etablissement+wellness+Blies-Ébersing%2BFrance/,
https://www.google.com/maps/search/etablissement+wellness+Blies-Guersviller%2BFrance/,
https://www.google.com/maps/search/etablissement+wellness+Bliesbruck%2BFrance/,
https://www.google.com/maps/search/etablissement+wellness+Blieux%2BFrance/,
https://www.google.com/maps/search/etablissement+wellness+Blignicourt%2BFrance/,
https://www.google.com/maps/search/etablissement+wellness+Bligny%2BFrance/,
https://www.google.com/maps/search/etablissement+wellness+Bligny%2BFrance/,
https://www.google.com/maps/search/etablissement+wellness+Bligny-le-Sec%2BFrance/,
https://www.google.com/maps/search/etablissement+wellness+Bligny-lès-Beaune%2BFrance/,
https://www.google.com/maps/search/etablissement+wellness+Bligny-sur-Ouche%2BFrance/,
https://www.google.com/maps/search/etablissement+wellness+Blincourt%2BFrance/,
https://www.google.com/maps/search/etablissement+wellness+Blingel%2BFrance/,
https://www.google.com/maps/search/etablissement+wellness+Blis-et-Born%2BFrance/,
https://www.google.com/maps/search/etablissement+wellness+Blismes%2BFrance/,
https://www.google.com/maps/search/etablissement+wellness+Blodelsheim%2BFrance/,
https://www.google.com/maps/search/etablissement+wellness+Blois%2BFrance/,
https://www.google.com/maps/search/etablissement+wellness+Blois-sur-Seille%2BFrance/,
https://www.google.com/maps/search/etablissement+wellness+Blomac%2BFrance/,
https://www.google.com/maps/search/etablissement+wellness+Blomard%2BFrance/,
https://www.google.com/maps/search/etablissement+wellness+Blombay%2BFrance/,
https://www.google.com/maps/search/etablissement+wellness+Blond%2BFrance/,
https://www.google.com/maps/search/etablissement+wellness+Blondefontaine%2BFrance/,
https://www.google.com/maps/search/etablissement+wellness+Blonville-sur-Mer%2BFrance/,
https://www.google.com/maps/search/etablissement+wellness+Blosseville%2BFrance/,
https://www.google.com/maps/search/etablissement+wellness+Blosville%2BFrance/,
https://www.google.com/maps/search/etablissement+wellness+Blot-l'Église%2BFrance/,
https://www.google.com/maps/search/etablissement+wellness+Blotzheim%2BFrance/,
https://www.google.com/maps/search/etablissement+wellness+Blou%2BFrance/,
https://www.google.com/maps/search/etablissement+wellness+Blousson-Sérian%2BFrance/,
https://www.google.com/maps/search/etablissement+wellness+La Bloutière%2BFrance/,
https://www.google.com/maps/search/etablissement+wellness+Bloye%2BFrance/,
https://www.google.com/maps/search/etablissement+wellness+Bluffy%2BFrance/,
https://www.google.com/maps/search/etablissement+wellness+Blumeray%2BFrance/,
https://www.google.com/maps/search/etablissement+wellness+Blussangeaux%2BFrance/,
https://www.google.com/maps/search/etablissement+wellness+Blussans%2BFrance/,
https://www.google.com/maps/search/etablissement+wellness+Blye%2BFrance/,
https://www.google.com/maps/search/etablissement+wellness+Blyes%2BFrance/,
https://www.google.com/maps/search/etablissement+wellness+Le Bô%2BFrance/,
https://www.google.com/maps/search/etablissement+wellness+Bobigny%2BFrance/,
https://www.google.com/maps/search/etablissement+wellness+Bobital%2BFrance/,
https://www.google.com/maps/search/etablissement+wellness+Le Bocasse%2BFrance/,
https://www.google.com/maps/search/etablissement+wellness+Bocognano%2BFrance/,
https://www.google.com/maps/search/etablissement+wellness+Bocquegney%2BFrance/,
https://www.google.com/maps/search/etablissement+wellness+Le Bodéo%2BFrance/,
https://www.google.com/maps/search/etablissement+wellness+Bodilis%2BFrance/,
https://www.google.com/maps/search/etablissement+wellness+Boé%2BFrance/,
https://www.google.com/maps/search/etablissement+wellness+Boëcé%2BFrance/,
https://www.google.com/maps/search/etablissement+wellness+Boëge%2BFrance/,
https://www.google.com/maps/search/etablissement+wellness+Boeil-Bezing%2BFrance/,
https://www.google.com/maps/search/etablissement+wellness+Boën-sur-Lignon%2BFrance/,
https://www.google.com/maps/search/etablissement+wellness+Bœrsch%2BFrance/,
https://www.google.com/maps/search/etablissement+wellness+Boeschepe%2BFrance/,
https://www.google.com/maps/search/etablissement+wellness+Boëseghem%2BFrance/,
https://www.google.com/maps/search/etablissement+wellness+Bœsenbiesen%2BFrance/,
https://www.google.com/maps/search/etablissement+wellness+Boëssé-le-Sec%2BFrance/,
https://www.google.com/maps/search/etablissement+wellness+Boësses%2BFrance/,
https://www.google.com/maps/search/etablissement+wellness+Bœurs-en-Othe%2BFrance/,
https://www.google.com/maps/search/etablissement+wellness+Boffles%2BFrance/,
https://www.google.com/maps/search/etablissement+wellness+Boffres%2BFrance/,
https://www.google.com/maps/search/etablissement+wellness+Bogève%2BFrance/,
https://www.google.com/maps/search/etablissement+wellness+Bogny-sur-Meuse%2BFrance/,
https://www.google.com/maps/search/etablissement+wellness+Bogy%2BFrance/,
https://www.google.com/maps/search/etablissement+wellness+Bohain-en-Vermandois%2BFrance/,
https://www.google.com/maps/search/etablissement+wellness+Bohal%2BFrance/,
https://www.google.com/maps/search/etablissement+wellness+Bohars%2BFrance/,
https://www.google.com/maps/search/etablissement+wellness+Bohas-Meyriat-Rignat%2BFrance/,
https://www.google.com/maps/search/etablissement+wellness+Boigneville%2BFrance/,
https://www.google.com/maps/search/etablissement+wellness+Boigny-sur-Bionne%2BFrance/,
https://www.google.com/maps/search/etablissement+wellness+Boinville-en-Mantois%2BFrance/,
https://www.google.com/maps/search/etablissement+wellness+Boinville-en-Woëvre%2BFrance/,
https://www.google.com/maps/search/etablissement+wellness+Boinville-le-Gaillard%2BFrance/,
https://www.google.com/maps/search/etablissement+wellness+Boinvilliers%2BFrance/,
https://www.google.com/maps/search/etablissement+wellness+Boiry-Becquerelle%2BFrance/,
https://www.google.com/maps/search/etablissement+wellness+Boiry-Notre-Dame%2BFrance/,
https://www.google.com/maps/search/etablissement+wellness+Boiry-Saint-Martin%2BFrance/,
https://www.google.com/maps/search/etablissement+wellness+Boiry-Sainte-Rictrude%2BFrance/,
https://www.google.com/maps/search/etablissement+wellness+Bois%2BFrance/,
https://www.google.com/maps/search/etablissement+wellness+Le Bois%2BFrance/,
https://www.google.com/maps/search/etablissement+wellness+Les Bois d'Anjou%2BFrance/,
https://www.google.com/maps/search/etablissement+wellness+Bois-Anzeray%2BFrance/,
https://www.google.com/maps/search/etablissement+wellness+Bois-Arnault%2BFrance/,
https://www.google.com/maps/search/etablissement+wellness+Bois-Bernard%2BFrance/,
https://www.google.com/maps/search/etablissement+wellness+Bois-Colombes%2BFrance/,
https://www.google.com/maps/search/etablissement+wellness+Bois-d'Amont%2BFrance/,
https://www.google.com/maps/search/etablissement+wellness+Bois-d'Arcy%2BFrance/,
https://www.google.com/maps/search/etablissement+wellness+Bois-d'Arcy%2BFrance/,
https://www.google.com/maps/search/etablissement+wellness+Bois-d'Ennebourg%2BFrance/,
https://www.google.com/maps/search/etablissement+wellness+Bois-de-Céné%2BFrance/,
https://www.google.com/maps/search/etablissement+wellness+Bois-de-Champ%2BFrance/,
https://www.google.com/maps/search/etablissement+wellness+Bois-de-Gand%2BFrance/,
https://www.google.com/maps/search/etablissement+wellness+Bois-de-la-Pierre%2BFrance/,
https://www.google.com/maps/search/etablissement+wellness+Bois-Grenier%2BFrance/,
https://www.google.com/maps/search/etablissement+wellness+Bois-Guilbert%2BFrance/,
https://www.google.com/maps/search/etablissement+wellness+Bois-Guillaume%2BFrance/,
https://www.google.com/maps/search/etablissement+wellness+Le Bois-Hellain%2BFrance/,
https://www.google.com/maps/search/etablissement+wellness+Bois-Héroult%2BFrance/,
https://www.google.com/maps/search/etablissement+wellness+Bois-Herpin%2BFrance/,
https://www.google.com/maps/search/etablissement+wellness+Bois-Himont%2BFrance/,
https://www.google.com/maps/search/etablissement+wellness+Bois-Jérôme-Saint-Ouen%2BFrance/,
https://www.google.com/maps/search/etablissement+wellness+Bois-l'Évêque%2BFrance/,
https://www.google.com/maps/search/etablissement+wellness+Bois-le-Roi%2BFrance/,
https://www.google.com/maps/search/etablissement+wellness+Bois-le-Roi%2BFrance/,
https://www.google.com/maps/search/etablissement+wellness+Bois-lès-Pargny%2BFrance/,
https://www.google.com/maps/search/etablissement+wellness+Bois-Normand-près-Lyre%2BFrance/,
https://www.google.com/maps/search/etablissement+wellness+Le Bois-Plage-en-Ré%2BFrance/,
https://www.google.com/maps/search/etablissement+wellness+Le Bois-Robert%2BFrance/,
https://www.google.com/maps/search/etablissement+wellness+Bois-Sainte-Marie%2BFrance/,
https://www.google.com/maps/search/etablissement+wellness+Boisbergues%2BFrance/,
https://www.google.com/maps/search/etablissement+wellness+Boisbreteau%2BFrance/,
https://www.google.com/maps/search/etablissement+wellness+Boischampré%2BFrance/,
https://www.google.com/maps/search/etablissement+wellness+Boiscommun%2BFrance/,
https://www.google.com/maps/search/etablissement+wellness+Boisdinghem%2BFrance/,
https://www.google.com/maps/search/etablissement+wellness+Boisdon%2BFrance/,
https://www.google.com/maps/search/etablissement+wellness+Boisemont%2BFrance/,
https://www.google.com/maps/search/etablissement+wellness+Boisemont%2BFrance/,
https://www.google.com/maps/search/etablissement+wellness+Boisgasson%2BFrance/,
https://www.google.com/maps/search/etablissement+wellness+Boisgervilly%2BFrance/,
https://www.google.com/maps/search/etablissement+wellness+Boisjean%2BFrance/,
https://www.google.com/maps/search/etablissement+wellness+Le Boisle%2BFrance/,
https://www.google.com/maps/search/etablissement+wellness+Boisleux-au-Mont%2BFrance/,
https://www.google.com/maps/search/etablissement+wellness+Boisleux-Saint-Marc%2BFrance/,
https://www.google.com/maps/search/etablissement+wellness+Boismé%2BFrance/,
https://www.google.com/maps/search/etablissement+wellness+Boismont%2BFrance/,
https://www.google.com/maps/search/etablissement+wellness+Boismont%2BFrance/,
https://www.google.com/maps/search/etablissement+wellness+Boismorand%2BFrance/,
https://www.google.com/maps/search/etablissement+wellness+Boisné-La Tude%2BFrance/,
https://www.google.com/maps/search/etablissement+wellness+Boisney%2BFrance/,
https://www.google.com/maps/search/etablissement+wellness+Boisredon%2BFrance/,
https://www.google.com/maps/search/etablissement+wellness+Boissay%2BFrance/,
https://www.google.com/maps/search/etablissement+wellness+La Boisse%2BFrance/,
https://www.google.com/maps/search/etablissement+wellness+Boisse%2BFrance/,
https://www.google.com/maps/search/etablissement+wellness+Boisse-Penchot%2BFrance/,
https://www.google.com/maps/search/etablissement+wellness+Boisseau%2BFrance/,
https://www.google.com/maps/search/etablissement+wellness+Boisseaux%2BFrance/,
https://www.google.com/maps/search/etablissement+wellness+Boissède%2BFrance/,
https://www.google.com/maps/search/etablissement+wellness+Boissei-la-Lande%2BFrance/,
https://www.google.com/maps/search/etablissement+wellness+Boisserolles%2BFrance/,
https://www.google.com/maps/search/etablissement+wellness+Boisseron%2BFrance/,
https://www.google.com/maps/search/etablissement+wellness+Boisset%2BFrance/,
https://www.google.com/maps/search/etablissement+wellness+Boisset%2BFrance/,
https://www.google.com/maps/search/etablissement+wellness+Boisset%2BFrance/,
https://www.google.com/maps/search/etablissement+wellness+Boisset-et-Gaujac%2BFrance/,
https://www.google.com/maps/search/etablissement+wellness+Boisset-lès-Montrond%2BFrance/,
https://www.google.com/maps/search/etablissement+wellness+Boisset-les-Prévanches%2BFrance/,
https://www.google.com/maps/search/etablissement+wellness+Boisset-Saint-Priest%2BFrance/,
https://www.google.com/maps/search/etablissement+wellness+Boissets%2BFrance/,
https://www.google.com/maps/search/etablissement+wellness+Boissettes%2BFrance/,
https://www.google.com/maps/search/etablissement+wellness+Boisseuil%2BFrance/,
https://www.google.com/maps/search/etablissement+wellness+Boisseuilh%2BFrance/,
https://www.google.com/maps/search/etablissement+wellness+Boissey%2BFrance/,
https://www.google.com/maps/search/etablissement+wellness+Boissey%2BFrance/,
https://www.google.com/maps/search/etablissement+wellness+Boissey-le-Châtel%2BFrance/,
https://www.google.com/maps/search/etablissement+wellness+Boissezon%2BFrance/,
https://www.google.com/maps/search/etablissement+wellness+Boissia%2BFrance/,
https://www.google.com/maps/search/etablissement+wellness+La Boissière%2BFrance/,
https://www.google.com/maps/search/etablissement+wellness+La Boissière%2BFrance/,
https://www.google.com/maps/search/etablissement+wellness+La Boissière%2BFrance/,
https://www.google.com/maps/search/etablissement+wellness+La Boissière%2BFrance/,
https://www.google.com/maps/search/etablissement+wellness+La Boissière%2BFrance/,
https://www.google.com/maps/search/etablissement+wellness+La Boissière-d'Ans%2BFrance/,
https://www.google.com/maps/search/etablissement+wellness+La Boissière-de-Montaigu%2BFrance/,
https://www.google.com/maps/search/etablissement+wellness+La Boissière-des-Landes%2BFrance/,
https://www.google.com/maps/search/etablissement+wellness+La Boissière-du-Doré%2BFrance/,
https://www.google.com/maps/search/etablissement+wellness+La Boissière-École%2BFrance/,
https://www.google.com/maps/search/etablissement+wellness+La Boissière-en-Gâtine%2BFrance/,
https://www.google.com/maps/search/etablissement+wellness+Boissières%2BFrance/,
https://www.google.com/maps/search/etablissement+wellness+Boissières%2BFrance/,
https://www.google.com/maps/search/etablissement+wellness+Boissise-la-Bertrand%2BFrance/,
https://www.google.com/maps/search/etablissement+wellness+Boissise-le-Roi%2BFrance/,
https://www.google.com/maps/search/etablissement+wellness+Boissy-aux-Cailles%2BFrance/,
https://www.google.com/maps/search/etablissement+wellness+Boissy-en-Drouais%2BFrance/,
https://www.google.com/maps/search/etablissement+wellness+Boissy-Fresnoy%2BFrance/,
https://www.google.com/maps/search/etablissement+wellness+Boissy-l'Aillerie%2BFrance/,
https://www.google.com/maps/search/etablissement+wellness+Boissy-la-Rivière%2BFrance/,
https://www.google.com/maps/search/etablissement+wellness+Boissy-Lamberville%2BFrance/,
https://www.google.com/maps/search/etablissement+wellness+Boissy-le-Bois%2BFrance/,
https://www.google.com/maps/search/etablissement+wellness+Boissy-le-Châtel%2BFrance/,
https://www.google.com/maps/search/etablissement+wellness+Boissy-le-Cutté%2BFrance/,
https://www.google.com/maps/search/etablissement+wellness+Boissy-le-Repos%2BFrance/,
https://www.google.com/maps/search/etablissement+wellness+Boissy-le-Sec%2BFrance/,
https://www.google.com/maps/search/etablissement+wellness+Boissy-lès-Perche%2BFrance/,
https://www.google.com/maps/search/etablissement+wellness+Boissy-Mauvoisin%2BFrance/,
https://www.google.com/maps/search/etablissement+wellness+Boissy-Saint-Léger%2BFrance/,
https://www.google.com/maps/search/etablissement+wellness+Boissy-sans-Avoir%2BFrance/,
https://www.google.com/maps/search/etablissement+wellness+Boissy-sous-Saint-Yon%2BFrance/,
https://www.google.com/maps/search/etablissement+wellness+Boistrudan%2BFrance/,
https://www.google.com/maps/search/etablissement+wellness+Boisville-la-Saint-Père%2BFrance/,
https://www.google.com/maps/search/etablissement+wellness+Boisyvon%2BFrance/,
https://www.google.com/maps/search/etablissement+wellness+Boitron%2BFrance/,
https://www.google.com/maps/search/etablissement+wellness+Boitron%2BFrance/,
https://www.google.com/maps/search/etablissement+wellness+Bolandoz%2BFrance/,
https://www.google.com/maps/search/etablissement+wellness+Bolazec%2BFrance/,
https://www.google.com/maps/search/etablissement+wellness+Bolbec%2BFrance/,
https://www.google.com/maps/search/etablissement+wellness+Bollène%2BFrance/,
https://www.google.com/maps/search/etablissement+wellness+La Bollène-Vésubie%2BFrance/,
https://www.google.com/maps/search/etablissement+wellness+Bolleville%2BFrance/,
https://www.google.com/maps/search/etablissement+wellness+Bollezeele%2BFrance/,
https://www.google.com/maps/search/etablissement+wellness+Bollwiller%2BFrance/,
https://www.google.com/maps/search/etablissement+wellness+Bologne%2BFrance/,
https://www.google.com/maps/search/etablissement+wellness+Bolozon%2BFrance/,
https://www.google.com/maps/search/etablissement+wellness+Bolquère%2BFrance/,
https://www.google.com/maps/search/etablissement+wellness+Bolsenheim%2BFrance/,
https://www.google.com/maps/search/etablissement+wellness+Bombon%2BFrance/,
https://www.google.com/maps/search/etablissement+wellness+Bommes%2BFrance/,
https://www.google.com/maps/search/etablissement+wellness+Bommiers%2BFrance/,
https://www.google.com/maps/search/etablissement+wellness+Bompas%2BFrance/,
https://www.google.com/maps/search/etablissement+wellness+Bompas%2BFrance/,
https://www.google.com/maps/search/etablissement+wellness+Bomy%2BFrance/,
https://www.google.com/maps/search/etablissement+wellness+Bon Repos sur Blavet%2BFrance/,
https://www.google.com/maps/search/etablissement+wellness+Bon-Encontre%2BFrance/,
https://www.google.com/maps/search/etablissement+wellness+Bona%2BFrance/,
https://www.google.com/maps/search/etablissement+wellness+Bonac-Irazein%2BFrance/,
https://www.google.com/maps/search/etablissement+wellness+Bonas%2BFrance/,
https://www.google.com/maps/search/etablissement+wellness+Bonboillon%2BFrance/,
https://www.google.com/maps/search/etablissement+wellness+Boncé%2BFrance/,
https://www.google.com/maps/search/etablissement+wellness+Bonchamp-lès-Laval%2BFrance/,
https://www.google.com/maps/search/etablissement+wellness+Boncourt%2BFrance/,
https://www.google.com/maps/search/etablissement+wellness+Boncourt%2BFrance/,
https://www.google.com/maps/search/etablissement+wellness+Boncourt%2BFrance/,
https://www.google.com/maps/search/etablissement+wellness+Boncourt%2BFrance/,
https://www.google.com/maps/search/etablissement+wellness+Boncourt-le-Bois%2BFrance/,
https://www.google.com/maps/search/etablissement+wellness+Boncourt-sur-Meuse%2BFrance/,
https://www.google.com/maps/search/etablissement+wellness+Bondaroy%2BFrance/,
https://www.google.com/maps/search/etablissement+wellness+Bondeval%2BFrance/,
https://www.google.com/maps/search/etablissement+wellness+Bondigoux%2BFrance/,
https://www.google.com/maps/search/etablissement+wellness+Les Bondons%2BFrance/,
https://www.google.com/maps/search/etablissement+wellness+Bondoufle%2BFrance/,
https://www.google.com/maps/search/etablissement+wellness+Bondues%2BFrance/,
https://www.google.com/maps/search/etablissement+wellness+Bondy%2BFrance/,
https://www.google.com/maps/search/etablissement+wellness+Bongheat%2BFrance/,
https://www.google.com/maps/search/etablissement+wellness+Le Bonhomme%2BFrance/,
https://www.google.com/maps/search/etablissement+wellness+Bonifacio%2BFrance/,
https://www.google.com/maps/search/etablissement+wellness+Bonlier%2BFrance/,
https://www.google.com/maps/search/etablissement+wellness+Bonlieu%2BFrance/,
https://www.google.com/maps/search/etablissement+wellness+Bonlieu-sur-Roubion%2BFrance/,
https://www.google.com/maps/search/etablissement+wellness+Bonloc%2BFrance/,
https://www.google.com/maps/search/etablissement+wellness+Bonnac%2BFrance/,
https://www.google.com/maps/search/etablissement+wellness+Bonnac%2BFrance/,
https://www.google.com/maps/search/etablissement+wellness+Bonnac-la-Côte%2BFrance/,
https://www.google.com/maps/search/etablissement+wellness+Bonnal%2BFrance/,
https://www.google.com/maps/search/etablissement+wellness+Bonnard%2BFrance/,
https://www.google.com/maps/search/etablissement+wellness+Bonnat%2BFrance/,
https://www.google.com/maps/search/etablissement+wellness+Bonnaud%2BFrance/,
https://www.google.com/maps/search/etablissement+wellness+Bonnay%2BFrance/,
https://www.google.com/maps/search/etablissement+wellness+Bonnay%2BFrance/,
https://www.google.com/maps/search/etablissement+wellness+Bonnay%2BFrance/,
https://www.google.com/maps/search/etablissement+wellness+Bonne%2BFrance/,
https://www.google.com/maps/search/etablissement+wellness+Bonnebosq%2BFrance/,
https://www.google.com/maps/search/etablissement+wellness+Bonnecourt%2BFrance/,
https://www.google.com/maps/search/etablissement+wellness+Bonnée%2BFrance/,
https://www.google.com/maps/search/etablissement+wellness+Bonnefamille%2BFrance/,
https://www.google.com/maps/search/etablissement+wellness+Bonnefoi%2BFrance/,
https://www.google.com/maps/search/etablissement+wellness+Bonnefond%2BFrance/,
https://www.google.com/maps/search/etablissement+wellness+Bonnefont%2BFrance/,
https://www.google.com/maps/search/etablissement+wellness+Bonnefontaine%2BFrance/,
https://www.google.com/maps/search/etablissement+wellness+Bonnegarde%2BFrance/,
https://www.google.com/maps/search/etablissement+wellness+Bonneil%2BFrance/,
https://www.google.com/maps/search/etablissement+wellness+Bonnelles%2BFrance/,
https://www.google.com/maps/search/etablissement+wellness+Bonnemain%2BFrance/,
https://www.google.com/maps/search/etablissement+wellness+Bonnemaison%2BFrance/,
https://www.google.com/maps/search/etablissement+wellness+Bonnemazon%2BFrance/,
https://www.google.com/maps/search/etablissement+wellness+Bonnencontre%2BFrance/,
https://www.google.com/maps/search/etablissement+wellness+Bonnes%2BFrance/,
https://www.google.com/maps/search/etablissement+wellness+Bonnes%2BFrance/,
https://www.google.com/maps/search/etablissement+wellness+Bonnesvalyn%2BFrance/,
https://www.google.com/maps/search/etablissement+wellness+Bonnet%2BFrance/,
https://www.google.com/maps/search/etablissement+wellness+Bonnétable%2BFrance/,
https://www.google.com/maps/search/etablissement+wellness+Bonnétage%2BFrance/,
https://www.google.com/maps/search/etablissement+wellness+Bonnetan%2BFrance/,
https://www.google.com/maps/search/etablissement+wellness+Bonneuil%2BFrance/,
https://www.google.com/maps/search/etablissement+wellness+Bonneuil%2BFrance/,
https://www.google.com/maps/search/etablissement+wellness+Bonneuil-en-France%2BFrance/,
https://www.google.com/maps/search/etablissement+wellness+Bonneuil-en-Valois%2BFrance/,
https://www.google.com/maps/search/etablissement+wellness+Bonneuil-les-Eaux%2BFrance/,
https://www.google.com/maps/search/etablissement+wellness+Bonneuil-Matours%2BFrance/,
https://www.google.com/maps/search/etablissement+wellness+Bonneuil-sur-Marne%2BFrance/,
https://www.google.com/maps/search/etablissement+wellness+Bonneval%2BFrance/,
https://www.google.com/maps/search/etablissement+wellness+Bonneval%2BFrance/,
https://www.google.com/maps/search/etablissement+wellness+Bonneval%2BFrance/,
https://www.google.com/maps/search/etablissement+wellness+Bonneval-sur-Arc%2BFrance/,
https://www.google.com/maps/search/etablissement+wellness+Bonnevaux%2BFrance/,
https://www.google.com/maps/search/etablissement+wellness+Bonnevaux%2BFrance/,
https://www.google.com/maps/search/etablissement+wellness+Bonnevaux%2BFrance/,
https://www.google.com/maps/search/etablissement+wellness+Bonneveau%2BFrance/,
https://www.google.com/maps/search/etablissement+wellness+Bonnevent-Velloreille%2BFrance/,
https://www.google.com/maps/search/etablissement+wellness+Bonneville%2BFrance/,
https://www.google.com/maps/search/etablissement+wellness+La Bonneville%2BFrance/,
https://www.google.com/maps/search/etablissement+wellness+Bonneville%2BFrance/,
https://www.google.com/maps/search/etablissement+wellness+Bonneville%2BFrance/,
https://www.google.com/maps/search/etablissement+wellness+Bonneville-Aptot%2BFrance/,
https://www.google.com/maps/search/etablissement+wellness+Bonneville-et-Saint-Avit-de-Fumadières%2BFrance/,
https://www.google.com/maps/search/etablissement+wellness+Bonneville-la-Louvet%2BFrance/,
https://www.google.com/maps/search/etablissement+wellness+La Bonneville-sur-Iton%2BFrance/,
https://www.google.com/maps/search/etablissement+wellness+Bonneville-sur-Touques%2BFrance/,
https://www.google.com/maps/search/etablissement+wellness+Bonnières%2BFrance/,
https://www.google.com/maps/search/etablissement+wellness+Bonnières%2BFrance/,
https://www.google.com/maps/search/etablissement+wellness+Bonnières-sur-Seine%2BFrance/,
https://www.google.com/maps/search/etablissement+wellness+Bonnieux%2BFrance/,
https://www.google.com/maps/search/etablissement+wellness+Bonningues-lès-Ardres%2BFrance/,
https://www.google.com/maps/search/etablissement+wellness+Bonningues-lès-Calais%2BFrance/,
https://www.google.com/maps/search/etablissement+wellness+Bonnœil%2BFrance/,
https://www.google.com/maps/search/etablissement+wellness+Bonnœuvre%2BFrance/,
https://www.google.com/maps/search/etablissement+wellness+Bonnut%2BFrance/,
https://www.google.com/maps/search/etablissement+wellness+Bonny-sur-Loire%2BFrance/,
https://www.google.com/maps/search/etablissement+wellness+Bono%2BFrance/,
https://www.google.com/maps/search/etablissement+wellness+Bonrepos%2BFrance/,
https://www.google.com/maps/search/etablissement+wellness+Bonrepos-Riquet%2BFrance/,
https://www.google.com/maps/search/etablissement+wellness+Bonrepos-sur-Aussonnelle%2BFrance/,
https://www.google.com/maps/search/etablissement+wellness+Bons-en-Chablais%2BFrance/,
https://www.google.com/maps/search/etablissement+wellness+Bons-Tassilly%2BFrance/,
https://www.google.com/maps/search/etablissement+wellness+Bonsecours%2BFrance/,
https://www.google.com/maps/search/etablissement+wellness+Bonsmoulins%2BFrance/,
https://www.google.com/maps/search/etablissement+wellness+Bonson%2BFrance/,
https://www.google.com/maps/search/etablissement+wellness+Bonson%2BFrance/,
https://www.google.com/maps/search/etablissement+wellness+Bonvillard%2BFrance/,
https://www.google.com/maps/search/etablissement+wellness+Bonvillaret%2BFrance/,
https://www.google.com/maps/search/etablissement+wellness+Bonviller%2BFrance/,
https://www.google.com/maps/search/etablissement+wellness+Bonvillers%2BFrance/,
https://www.google.com/maps/search/etablissement+wellness+Bonvillet%2BFrance/,
https://www.google.com/maps/search/etablissement+wellness+Bony%2BFrance/,
https://www.google.com/maps/search/etablissement+wellness+Bonzac%2BFrance/,
https://www.google.com/maps/search/etablissement+wellness+Bonzée%2BFrance/,
https://www.google.com/maps/search/etablissement+wellness+Boô-Silhen%2BFrance/,
https://www.google.com/maps/search/etablissement+wellness+Boofzheim%2BFrance/,
https://www.google.com/maps/search/etablissement+wellness+Boos%2BFrance/,
https://www.google.com/maps/search/etablissement+wellness+Boos%2BFrance/,
https://www.google.com/maps/search/etablissement+wellness+Bootzheim%2BFrance/,
https://www.google.com/maps/search/etablissement+wellness+Boqueho%2BFrance/,
https://www.google.com/maps/search/etablissement+wellness+Bor-et-Bar%2BFrance/,
https://www.google.com/maps/search/etablissement+wellness+Boran-sur-Oise%2BFrance/,
https://www.google.com/maps/search/etablissement+wellness+Borce%2BFrance/,
https://www.google.com/maps/search/etablissement+wellness+Bord-Saint-Georges%2BFrance/,
https://www.google.com/maps/search/etablissement+wellness+Bordeaux%2BFrance/,
https://www.google.com/maps/search/etablissement+wellness+Bordeaux-en-Gâtinais%2BFrance/,
https://www.google.com/maps/search/etablissement+wellness+Bordeaux-Saint-Clair%2BFrance/,
https://www.google.com/maps/search/etablissement+wellness+Bordères%2BFrance/,
https://www.google.com/maps/search/etablissement+wellness+Bordères-et-Lamensans%2BFrance/,
https://www.google.com/maps/search/etablissement+wellness+Bordères-Louron%2BFrance/,
https://www.google.com/maps/search/etablissement+wellness+Bordères-sur-l'Échez%2BFrance/,
https://www.google.com/maps/search/etablissement+wellness+Les Bordes%2BFrance/,
https://www.google.com/maps/search/etablissement+wellness+Les Bordes%2BFrance/,
https://www.google.com/maps/search/etablissement+wellness+Bordes%2BFrance/,
https://www.google.com/maps/search/etablissement+wellness+Bordes%2BFrance/,
https://www.google.com/maps/search/etablissement+wellness+Les Bordes%2BFrance/,
https://www.google.com/maps/search/etablissement+wellness+Les Bordes%2BFrance/,
https://www.google.com/maps/search/etablissement+wellness+Les Bordes-Aumont%2BFrance/,
https://www.google.com/maps/search/etablissement+wellness+Bordes-de-Rivière%2BFrance/,
https://www.google.com/maps/search/etablissement+wellness+Les Bordes-sur-Arize%2BFrance/,
https://www.google.com/maps/search/etablissement+wellness+Bordes-Uchentein%2BFrance/,
https://www.google.com/maps/search/etablissement+wellness+Bordezac%2BFrance/,
https://www.google.com/maps/search/etablissement+wellness+Bords%2BFrance/,
https://www.google.com/maps/search/etablissement+wellness+Borée%2BFrance/,
https://www.google.com/maps/search/etablissement+wellness+Boresse-et-Martron%2BFrance/,
https://www.google.com/maps/search/etablissement+wellness+Borest%2BFrance/,
https://www.google.com/maps/search/etablissement+wellness+Borey%2BFrance/,
https://www.google.com/maps/search/etablissement+wellness+Borgo%2BFrance/,
https://www.google.com/maps/search/etablissement+wellness+Bormes-les-Mimosas%2BFrance/,
https://www.google.com/maps/search/etablissement+wellness+Le Born%2BFrance/,
https://www.google.com/maps/search/etablissement+wellness+Le Born%2BFrance/,
https://www.google.com/maps/search/etablissement+wellness+Bornambusc%2BFrance/,
https://www.google.com/maps/search/etablissement+wellness+Bornay%2BFrance/,
https://www.google.com/maps/search/etablissement+wellness+Borne%2BFrance/,
https://www.google.com/maps/search/etablissement+wellness+Borne%2BFrance/,
https://www.google.com/maps/search/etablissement+wellness+Bornel%2BFrance/,
https://www.google.com/maps/search/etablissement+wellness+Boron%2BFrance/,
https://www.google.com/maps/search/etablissement+wellness+Borre%2BFrance/,
https://www.google.com/maps/search/etablissement+wellness+Borrèze%2BFrance/,
https://www.google.com/maps/search/etablissement+wellness+Bors Canton de Charente-Sud%2BFrance/,
https://www.google.com/maps/search/etablissement+wellness+Bors Canton de Tude-et-Lavalette%2BFrance/,
https://www.google.com/maps/search/etablissement+wellness+Bort-l'Étang%2BFrance/,
https://www.google.com/maps/search/etablissement+wellness+Bort-les-Orgues%2BFrance/,
https://www.google.com/maps/search/etablissement+wellness+Borville%2BFrance/,
https://www.google.com/maps/search/etablissement+wellness+Le Bosc%2BFrance/,
https://www.google.com/maps/search/etablissement+wellness+Le Bosc%2BFrance/,
https://www.google.com/maps/search/etablissement+wellness+Le Bosc du Theil%2BFrance/,
https://www.google.com/maps/search/etablissement+wellness+Bosc-Bérenger%2BFrance/,
https://www.google.com/maps/search/etablissement+wellness+Bosc-Bordel%2BFrance/,
https://www.google.com/maps/search/etablissement+wellness+Bosc-Édeline%2BFrance/,
https://www.google.com/maps/search/etablissement+wellness+Bosc-Guérard-Saint-Adrien%2BFrance/,
https://www.google.com/maps/search/etablissement+wellness+Bosc-Hyons%2BFrance/,
https://www.google.com/maps/search/etablissement+wellness+Bosc-le-Hard%2BFrance/,
https://www.google.com/maps/search/etablissement+wellness+Bosc-Mesnil%2BFrance/,
https://www.google.com/maps/search/etablissement+wellness+Le Bosc-Renoult%2BFrance/,
https://www.google.com/maps/search/etablissement+wellness+Bosc-Roger-sur-Buchy%2BFrance/,
https://www.google.com/maps/search/etablissement+wellness+Boscamnant%2BFrance/,
https://www.google.com/maps/search/etablissement+wellness+Bosdarros%2BFrance/,
https://www.google.com/maps/search/etablissement+wellness+Bosgouet%2BFrance/,
https://www.google.com/maps/search/etablissement+wellness+Bosguérard-de-Marcouville%2BFrance/,
https://www.google.com/maps/search/etablissement+wellness+Bosjean%2BFrance/,
https://www.google.com/maps/search/etablissement+wellness+Bosmie-l'Aiguille%2BFrance/,
https://www.google.com/maps/search/etablissement+wellness+Bosmont-sur-Serre%2BFrance/,
https://www.google.com/maps/search/etablissement+wellness+Bosmoreau-les-Mines%2BFrance/,
https://www.google.com/maps/search/etablissement+wellness+Bosnormand%2BFrance/,
https://www.google.com/maps/search/etablissement+wellness+Bosquel%2BFrance/,
https://www.google.com/maps/search/etablissement+wellness+Bosquentin%2BFrance/,
https://www.google.com/maps/search/etablissement+wellness+Bosrobert%2BFrance/,
https://www.google.com/maps/search/etablissement+wellness+Bosroger%2BFrance/,
https://www.google.com/maps/search/etablissement+wellness+Bosroumois%2BFrance/,
https://www.google.com/maps/search/etablissement+wellness+Bossancourt%2BFrance/,
https://www.google.com/maps/search/etablissement+wellness+Bossay-sur-Claise%2BFrance/,
https://www.google.com/maps/search/etablissement+wellness+La Bosse%2BFrance/,
https://www.google.com/maps/search/etablissement+wellness+La Bosse%2BFrance/,
https://www.google.com/maps/search/etablissement+wellness+La Bosse-de-Bretagne%2BFrance/,
https://www.google.com/maps/search/etablissement+wellness+Bossée%2BFrance/,
https://www.google.com/maps/search/etablissement+wellness+Bosselshausen%2BFrance/,
https://www.google.com/maps/search/etablissement+wellness+Bossendorf%2BFrance/,
https://www.google.com/maps/search/etablissement+wellness+Bosset%2BFrance/,
https://www.google.com/maps/search/etablissement+wellness+Bosseval-et-Briancourt%2BFrance/,
https://www.google.com/maps/search/etablissement+wellness+Bossey%2BFrance/,
https://www.google.com/maps/search/etablissement+wellness+Bossieu%2BFrance/,
https://www.google.com/maps/search/etablissement+wellness+Bossugan%2BFrance/,
https://www.google.com/maps/search/etablissement+wellness+Bossus-lès-Rumigny%2BFrance/,
https://www.google.com/maps/search/etablissement+wellness+Bost%2BFrance/,
https://www.google.com/maps/search/etablissement+wellness+Bostens%2BFrance/,
https://www.google.com/maps/search/etablissement+wellness+Bosville%2BFrance/,
https://www.google.com/maps/search/etablissement+wellness+Botans%2BFrance/,
https://www.google.com/maps/search/etablissement+wellness+Botmeur%2BFrance/,
https://www.google.com/maps/search/etablissement+wellness+Botsorhel%2BFrance/,
https://www.google.com/maps/search/etablissement+wellness+Les Bottereaux%2BFrance/,
https://www.google.com/maps/search/etablissement+wellness+Bou%2BFrance/,
https://www.google.com/maps/search/etablissement+wellness+Bouafle%2BFrance/,
https://www.google.com/maps/search/etablissement+wellness+Bouafles%2BFrance/,
https://www.google.com/maps/search/etablissement+wellness+Bouan%2BFrance/,
https://www.google.com/maps/search/etablissement+wellness+Bouaye%2BFrance/,
https://www.google.com/maps/search/etablissement+wellness+Boubers-lès-Hesmond%2BFrance/,
https://www.google.com/maps/search/etablissement+wellness+Boubers-sur-Canche%2BFrance/,
https://www.google.com/maps/search/etablissement+wellness+Boubiers%2BFrance/,
https://www.google.com/maps/search/etablissement+wellness+Bouc-Bel-Air%2BFrance/,
https://www.google.com/maps/search/etablissement+wellness+Boucagnères%2BFrance/,
https://www.google.com/maps/search/etablissement+wellness+Boucau%2BFrance/,
https://www.google.com/maps/search/etablissement+wellness+Boucé%2BFrance/,
https://www.google.com/maps/search/etablissement+wellness+Boucé%2BFrance/,
https://www.google.com/maps/search/etablissement+wellness+Le Bouchage%2BFrance/,
https://www.google.com/maps/search/etablissement+wellness+Le Bouchage%2BFrance/,
https://www.google.com/maps/search/etablissement+wellness+Bouchain%2BFrance/,
https://www.google.com/maps/search/etablissement+wellness+Bouchamps-lès-Craon%2BFrance/,
https://www.google.com/maps/search/etablissement+wellness+Le Bouchaud%2BFrance/,
https://www.google.com/maps/search/etablissement+wellness+Bouchavesnes-Bergen%2BFrance/,
https://www.google.com/maps/search/etablissement+wellness+Bouchemaine%2BFrance/,
https://www.google.com/maps/search/etablissement+wellness+Boucheporn%2BFrance/,
https://www.google.com/maps/search/etablissement+wellness+Bouchet%2BFrance/,
https://www.google.com/maps/search/etablissement+wellness+Le Bouchet-Mont-Charvin%2BFrance/,
https://www.google.com/maps/search/etablissement+wellness+Le Bouchet-Saint-Nicolas%2BFrance/,
https://www.google.com/maps/search/etablissement+wellness+Bouchevilliers%2BFrance/,
https://www.google.com/maps/search/etablissement+wellness+Bouchoir%2BFrance/,
https://www.google.com/maps/search/etablissement+wellness+Bouchon%2BFrance/,
https://www.google.com/maps/search/etablissement+wellness+Le Bouchon-sur-Saulx%2BFrance/,
https://www.google.com/maps/search/etablissement+wellness+Les Bouchoux%2BFrance/,
https://www.google.com/maps/search/etablissement+wellness+Bouchy-Saint-Genest%2BFrance/,
https://www.google.com/maps/search/etablissement+wellness+Boucieu-le-Roi%2BFrance/,
https://www.google.com/maps/search/etablissement+wellness+Bouclans%2BFrance/,
https://www.google.com/maps/search/etablissement+wellness+Boucoiran-et-Nozières%2BFrance/,
https://www.google.com/maps/search/etablissement+wellness+Bouconville%2BFrance/,
https://www.google.com/maps/search/etablissement+wellness+Bouconville-sur-Madt%2BFrance/,
https://www.google.com/maps/search/etablissement+wellness+Bouconville-Vauclair%2BFrance/,
https://www.google.com/maps/search/etablissement+wellness+Bouconvillers%2BFrance/,
https://www.google.com/maps/search/etablissement+wellness+Boucq%2BFrance/,
https://www.google.com/maps/search/etablissement+wellness+Boudes%2BFrance/,
https://www.google.com/maps/search/etablissement+wellness+Boudeville%2BFrance/,
https://www.google.com/maps/search/etablissement+wellness+Boudou%2BFrance/,
https://www.google.com/maps/search/etablissement+wellness+Boudrac%2BFrance/,
https://www.google.com/maps/search/etablissement+wellness+Boudreville%2BFrance/,
https://www.google.com/maps/search/etablissement+wellness+Boudy-de-Beauregard%2BFrance/,
https://www.google.com/maps/search/etablissement+wellness+Boué%2BFrance/,
https://www.google.com/maps/search/etablissement+wellness+Bouée%2BFrance/,
https://www.google.com/maps/search/etablissement+wellness+Boueilh-Boueilho-Lasque%2BFrance/,
https://www.google.com/maps/search/etablissement+wellness+Bouelles%2BFrance/,
https://www.google.com/maps/search/etablissement+wellness+Bouéni%2BFrance/,
https://www.google.com/maps/search/etablissement+wellness+Bouër%2BFrance/,
https://www.google.com/maps/search/etablissement+wellness+Bouère%2BFrance/,
https://www.google.com/maps/search/etablissement+wellness+Bouessay%2BFrance/,
https://www.google.com/maps/search/etablissement+wellness+Bouesse%2BFrance/,
https://www.google.com/maps/search/etablissement+wellness+Bouëx%2BFrance/,
https://www.google.com/maps/search/etablissement+wellness+La Bouëxière%2BFrance/,
https://www.google.com/maps/search/etablissement+wellness+Bouffémont%2BFrance/,
https://www.google.com/maps/search/etablissement+wellness+Boufféré%2BFrance/,
https://www.google.com/maps/search/etablissement+wellness+Bouffignereux%2BFrance/,
https://www.google.com/maps/search/etablissement+wellness+Boufflers%2BFrance/,
https://www.google.com/maps/search/etablissement+wellness+Bouffry%2BFrance/,
https://www.google.com/maps/search/etablissement+wellness+Bougainville%2BFrance/,
https://www.google.com/maps/search/etablissement+wellness+Bougarber%2BFrance/,
https://www.google.com/maps/search/etablissement+wellness+Bougé-Chambalud%2BFrance/,
https://www.google.com/maps/search/etablissement+wellness+Bouges-le-Château%2BFrance/,
https://www.google.com/maps/search/etablissement+wellness+Bougey%2BFrance/,
https://www.google.com/maps/search/etablissement+wellness+Bougival%2BFrance/,
https://www.google.com/maps/search/etablissement+wellness+Bouglainval%2BFrance/,
https://www.google.com/maps/search/etablissement+wellness+Bougligny%2BFrance/,
https://www.google.com/maps/search/etablissement+wellness+Bouglon%2BFrance/,
https://www.google.com/maps/search/etablissement+wellness+Bougneau%2BFrance/,
https://www.google.com/maps/search/etablissement+wellness+Bougnon%2BFrance/,
https://www.google.com/maps/search/etablissement+wellness+Bougon%2BFrance/,
https://www.google.com/maps/search/etablissement+wellness+Bougue%2BFrance/,
https://www.google.com/maps/search/etablissement+wellness+Bouguenais%2BFrance/,
https://www.google.com/maps/search/etablissement+wellness+Bougy%2BFrance/,
https://www.google.com/maps/search/etablissement+wellness+Bougy-lez-Neuville%2BFrance/,
https://www.google.com/maps/search/etablissement+wellness+Bouhans%2BFrance/,
https://www.google.com/maps/search/etablissement+wellness+Bouhans-et-Feurg%2BFrance/,
https://www.google.com/maps/search/etablissement+wellness+Bouhans-lès-Lure%2BFrance/,
https://www.google.com/maps/search/etablissement+wellness+Bouhans-lès-Montbozon%2BFrance/,
https://www.google.com/maps/search/etablissement+wellness+Bouhet%2BFrance/,
https://www.google.com/maps/search/etablissement+wellness+Bouhey%2BFrance/,
https://www.google.com/maps/search/etablissement+wellness+Bouhy%2BFrance/,
https://www.google.com/maps/search/etablissement+wellness+Bouilh-Devant%2BFrance/,
https://www.google.com/maps/search/etablissement+wellness+Bouilh-Péreuilh%2BFrance/,
https://www.google.com/maps/search/etablissement+wellness+Bouilhonnac%2BFrance/,
https://www.google.com/maps/search/etablissement+wellness+Bouillac%2BFrance/,
https://www.google.com/maps/search/etablissement+wellness+Bouillac%2BFrance/,
https://www.google.com/maps/search/etablissement+wellness+Bouillac%2BFrance/,
https://www.google.com/maps/search/etablissement+wellness+La Bouilladisse%2BFrance/,
https://www.google.com/maps/search/etablissement+wellness+Bouillancourt-en-Séry%2BFrance/,
https://www.google.com/maps/search/etablissement+wellness+Bouillancourt-la-Bataille%2BFrance/,
https://www.google.com/maps/search/etablissement+wellness+Bouillancy%2BFrance/,
https://www.google.com/maps/search/etablissement+wellness+Bouilland%2BFrance/,
https://www.google.com/maps/search/etablissement+wellness+Bouillante%2BFrance/,
https://www.google.com/maps/search/etablissement+wellness+Bouillargues%2BFrance/,
https://www.google.com/maps/search/etablissement+wellness+La Bouille%2BFrance/,
https://www.google.com/maps/search/etablissement+wellness+Bouillé-Courdault%2BFrance/,
https://www.google.com/maps/search/etablissement+wellness+Bouillé-Loretz%2BFrance/,
https://www.google.com/maps/search/etablissement+wellness+Bouillé-Ménard%2BFrance/,
https://www.google.com/maps/search/etablissement+wellness+Bouillé-Saint-Paul%2BFrance/,
https://www.google.com/maps/search/etablissement+wellness+La Bouillie%2BFrance/,
https://www.google.com/maps/search/etablissement+wellness+Le Bouillon%2BFrance/,
https://www.google.com/maps/search/etablissement+wellness+Bouillon%2BFrance/,
https://www.google.com/maps/search/etablissement+wellness+Bouillonville%2BFrance/,
https://www.google.com/maps/search/etablissement+wellness+Bouilly%2BFrance/,
https://www.google.com/maps/search/etablissement+wellness+Bouilly%2BFrance/,
https://www.google.com/maps/search/etablissement+wellness+Bouilly-en-Gâtinais%2BFrance/,
https://www.google.com/maps/search/etablissement+wellness+Bouin%2BFrance/,
https://www.google.com/maps/search/etablissement+wellness+Bouin%2BFrance/,
https://www.google.com/maps/search/etablissement+wellness+Bouin-Plumoison%2BFrance/,
https://www.google.com/maps/search/etablissement+wellness+Bouisse%2BFrance/,
https://www.google.com/maps/search/etablissement+wellness+Bouix%2BFrance/,
https://www.google.com/maps/search/etablissement+wellness+Boujailles%2BFrance/,
https://www.google.com/maps/search/etablissement+wellness+Boujan-sur-Libron%2BFrance/,
https://www.google.com/maps/search/etablissement+wellness+Boulages%2BFrance/,
https://www.google.com/maps/search/etablissement+wellness+Boulaincourt%2BFrance/,
https://www.google.com/maps/search/etablissement+wellness+Boulancourt%2BFrance/,
https://www.google.com/maps/search/etablissement+wellness+Boulange%2BFrance/,
https://www.google.com/maps/search/etablissement+wellness+Boulaur%2BFrance/,
https://www.google.com/maps/search/etablissement+wellness+Le Boulay%2BFrance/,
https://www.google.com/maps/search/etablissement+wellness+Boulay-les-Barres%2BFrance/,
https://www.google.com/maps/search/etablissement+wellness+Boulay-les-Ifs%2BFrance/,
https://www.google.com/maps/search/etablissement+wellness+Le Boulay-Morin%2BFrance/,
https://www.google.com/maps/search/etablissement+wellness+Boulay-Moselle%2BFrance/,
https://www.google.com/maps/search/etablissement+wellness+La Boulaye%2BFrance/,
https://www.google.com/maps/search/etablissement+wellness+Boulazac Isle Manoire%2BFrance/,
https://www.google.com/maps/search/etablissement+wellness+Boulbon%2BFrance/,
https://www.google.com/maps/search/etablissement+wellness+Boulc%2BFrance/,
https://www.google.com/maps/search/etablissement+wellness+Boule-d'Amont%2BFrance/,
https://www.google.com/maps/search/etablissement+wellness+Bouleternère%2BFrance/,
https://www.google.com/maps/search/etablissement+wellness+Bouleurs%2BFrance/,
https://www.google.com/maps/search/etablissement+wellness+Bouleuse%2BFrance/,
https://www.google.com/maps/search/etablissement+wellness+Bouliac%2BFrance/,
https://www.google.com/maps/search/etablissement+wellness+Boulieu-lès-Annonay%2BFrance/,
https://www.google.com/maps/search/etablissement+wellness+Bouligneux%2BFrance/,
https://www.google.com/maps/search/etablissement+wellness+Bouligney%2BFrance/,
https://www.google.com/maps/search/etablissement+wellness+Bouligny%2BFrance/,
https://www.google.com/maps/search/etablissement+wellness+Boulin%2BFrance/,
https://www.google.com/maps/search/etablissement+wellness+Boullarre%2BFrance/,
https://www.google.com/maps/search/etablissement+wellness+Le Boullay-les-Deux-Églises%2BFrance/,
https://www.google.com/maps/search/etablissement+wellness+Boullay-les-Troux%2BFrance/,
https://www.google.com/maps/search/etablissement+wellness+Le Boullay-Mivoye%2BFrance/,
https://www.google.com/maps/search/etablissement+wellness+Le Boullay-Thierry%2BFrance/,
https://www.google.com/maps/search/etablissement+wellness+Boulleret%2BFrance/,
https://www.google.com/maps/search/etablissement+wellness+Boulleville%2BFrance/,
https://www.google.com/maps/search/etablissement+wellness+Bouloc%2BFrance/,
https://www.google.com/maps/search/etablissement+wellness+Bouloc-en-Quercy%2BFrance/,
https://www.google.com/maps/search/etablissement+wellness+Boulogne-Billancourt%2BFrance/,
https://www.google.com/maps/search/etablissement+wellness+Boulogne-la-Grasse%2BFrance/,
https://www.google.com/maps/search/etablissement+wellness+Boulogne-sur-Gesse%2BFrance/,
https://www.google.com/maps/search/etablissement+wellness+Boulogne-sur-Helpe%2BFrance/,
https://www.google.com/maps/search/etablissement+wellness+Boulogne-sur-Mer%2BFrance/,
https://www.google.com/maps/search/etablissement+wellness+Bouloire%2BFrance/,
https://www.google.com/maps/search/etablissement+wellness+Boulon%2BFrance/,
https://www.google.com/maps/search/etablissement+wellness+Boulot%2BFrance/,
https://www.google.com/maps/search/etablissement+wellness+Le Boulou%2BFrance/,
https://www.google.com/maps/search/etablissement+wellness+Boult%2BFrance/,
https://www.google.com/maps/search/etablissement+wellness+Boult-aux-Bois%2BFrance/,
https://www.google.com/maps/search/etablissement+wellness+Boult-sur-Suippe%2BFrance/,
https://www.google.com/maps/search/etablissement+wellness+Le Boulvé%2BFrance/,
https://www.google.com/maps/search/etablissement+wellness+Boulzicourt%2BFrance/,
https://www.google.com/maps/search/etablissement+wellness+Boumourt%2BFrance/,
https://www.google.com/maps/search/etablissement+wellness+Bouniagues%2BFrance/,
https://www.google.com/maps/search/etablissement+wellness+Le Boupère%2BFrance/,
https://www.google.com/maps/search/etablissement+wellness+Bouquehault%2BFrance/,
https://www.google.com/maps/search/etablissement+wellness+Bouquelon%2BFrance/,
https://www.google.com/maps/search/etablissement+wellness+Bouquemaison%2BFrance/,
https://www.google.com/maps/search/etablissement+wellness+Bouquemont%2BFrance/,
https://www.google.com/maps/search/etablissement+wellness+Bouquet%2BFrance/,
https://www.google.com/maps/search/etablissement+wellness+Bouquetot%2BFrance/,
https://www.google.com/maps/search/etablissement+wellness+Bouqueval%2BFrance/,
https://www.google.com/maps/search/etablissement+wellness+Bouranton%2BFrance/,
https://www.google.com/maps/search/etablissement+wellness+Bouray-sur-Juine%2BFrance/,
https://www.google.com/maps/search/etablissement+wellness+Bourbach-le-Bas%2BFrance/,
https://www.google.com/maps/search/etablissement+wellness+Bourbach-le-Haut%2BFrance/,
https://www.google.com/maps/search/etablissement+wellness+Bourberain%2BFrance/,
https://www.google.com/maps/search/etablissement+wellness+Bourbévelle%2BFrance/,
https://www.google.com/maps/search/etablissement+wellness+Bourbon-l'Archambault%2BFrance/,
https://www.google.com/maps/search/etablissement+wellness+Bourbon-Lancy%2BFrance/,
https://www.google.com/maps/search/etablissement+wellness+Bourbonne-les-Bains%2BFrance/,
https://www.google.com/maps/search/etablissement+wellness+La Bourboule%2BFrance/,
https://www.google.com/maps/search/etablissement+wellness+Bourbourg%2BFrance/,
https://www.google.com/maps/search/etablissement+wellness+Bourbriac%2BFrance/,
https://www.google.com/maps/search/etablissement+wellness+Bourcefranc-le-Chapus%2BFrance/,
https://www.google.com/maps/search/etablissement+wellness+Bourcia%2BFrance/,
https://www.google.com/maps/search/etablissement+wellness+Bourcq%2BFrance/,
https://www.google.com/maps/search/etablissement+wellness+Bourdainville%2BFrance/,
https://www.google.com/maps/search/etablissement+wellness+Bourdalat%2BFrance/,
https://www.google.com/maps/search/etablissement+wellness+Bourdeau%2BFrance/,
https://www.google.com/maps/search/etablissement+wellness+Bourdeaux%2BFrance/,
https://www.google.com/maps/search/etablissement+wellness+Bourdeilles%2BFrance/,
https://www.google.com/maps/search/etablissement+wellness+Le Bourdeix%2BFrance/,
https://www.google.com/maps/search/etablissement+wellness+Bourdelles%2BFrance/,
https://www.google.com/maps/search/etablissement+wellness+Bourdenay%2BFrance/,
https://www.google.com/maps/search/etablissement+wellness+Le Bourdet%2BFrance/,
https://www.google.com/maps/search/etablissement+wellness+Bourdettes%2BFrance/,
https://www.google.com/maps/search/etablissement+wellness+Bourdic%2BFrance/,
https://www.google.com/maps/search/etablissement+wellness+La Bourdinière-Saint-Loup%2BFrance/,
https://www.google.com/maps/search/etablissement+wellness+Bourdon%2BFrance/,
https://www.google.com/maps/search/etablissement+wellness+Bourdonnay%2BFrance/,
https://www.google.com/maps/search/etablissement+wellness+Bourdonné%2BFrance/,
https://www.google.com/maps/search/etablissement+wellness+Bourdons-sur-Rognon%2BFrance/,
https://www.google.com/maps/search/etablissement+wellness+Bourecq%2BFrance/,
https://www.google.com/maps/search/etablissement+wellness+Bouresches%2BFrance/,
https://www.google.com/maps/search/etablissement+wellness+Bouresse%2BFrance/,
https://www.google.com/maps/search/etablissement+wellness+Bouret-sur-Canche%2BFrance/,
https://www.google.com/maps/search/etablissement+wellness+Boureuilles%2BFrance/,
https://www.google.com/maps/search/etablissement+wellness+Bourg%2BFrance/,
https://www.google.com/maps/search/etablissement+wellness+Le Bourg%2BFrance/,
https://www.google.com/maps/search/etablissement+wellness+Bourg%2BFrance/,
https://www.google.com/maps/search/etablissement+wellness+Bourg-Achard%2BFrance/,
https://www.google.com/maps/search/etablissement+wellness+Bourg-Archambault%2BFrance/,
https://www.google.com/maps/search/etablissement+wellness+Bourg-Argental%2BFrance/,
https://www.google.com/maps/search/etablissement+wellness+Bourg-Beaudouin%2BFrance/,
https://www.google.com/maps/search/etablissement+wellness+Bourg-Blanc%2BFrance/,
https://www.google.com/maps/search/etablissement+wellness+Bourg-Bruche%2BFrance/,
https://www.google.com/maps/search/etablissement+wellness+Bourg-Charente%2BFrance/,
https://www.google.com/maps/search/etablissement+wellness+Le Bourg-d'Hem%2BFrance/,
https://www.google.com/maps/search/etablissement+wellness+Le Bourg-d'Iré%2BFrance/,
https://www.google.com/maps/search/etablissement+wellness+Le Bourg-d'Oisans%2BFrance/,
https://www.google.com/maps/search/etablissement+wellness+Bourg-d'Oueil%2BFrance/,
https://www.google.com/maps/search/etablissement+wellness+Bourg-de-Bigorre%2BFrance/,
https://www.google.com/maps/search/etablissement+wellness+Bourg-de-Péage%2BFrance/,
https://www.google.com/maps/search/etablissement+wellness+Bourg-de-Sirod%2BFrance/,
https://www.google.com/maps/search/etablissement+wellness+Bourg-de-Visa%2BFrance/,
https://www.google.com/maps/search/etablissement+wellness+Bourg-des-Comptes%2BFrance/,
https://www.google.com/maps/search/etablissement+wellness+Bourg-des-Maisons%2BFrance/,
https://www.google.com/maps/search/etablissement+wellness+Bourg-du-Bost%2BFrance/,
https://www.google.com/maps/search/etablissement+wellness+Le Bourg-Dun%2BFrance/,
https://www.google.com/maps/search/etablissement+wellness+Bourg-en-Bresse%2BFrance/,
https://www.google.com/maps/search/etablissement+wellness+Bourg-et-Comin%2BFrance/,
https://www.google.com/maps/search/etablissement+wellness+Bourg-Fidèle%2BFrance/,
https://www.google.com/maps/search/etablissement+wellness+Bourg-l'Évêque%2BFrance/,
https://www.google.com/maps/search/etablissement+wellness+Bourg-la-Reine%2BFrance/,
https://www.google.com/maps/search/etablissement+wellness+Bourg-Lastic%2BFrance/,
https://www.google.com/maps/search/etablissement+wellness+Bourg-le-Comte%2BFrance/,
https://www.google.com/maps/search/etablissement+wellness+Bourg-le-Roi%2BFrance/,
https://www.google.com/maps/search/etablissement+wellness+Bourg-lès-Valence%2BFrance/,
https://www.google.com/maps/search/etablissement+wellness+Bourg-Madame%2BFrance/,
https://www.google.com/maps/search/etablissement+wellness+Bourg-Saint-Andéol%2BFrance/,
https://www.google.com/maps/search/etablissement+wellness+Bourg-Saint-Bernard%2BFrance/,
https://www.google.com/maps/search/etablissement+wellness+Bourg-Saint-Christophe%2BFrance/,
https://www.google.com/maps/search/etablissement+wellness+Le Bourg-Saint-Léonard%2BFrance/,
https://www.google.com/maps/search/etablissement+wellness+Bourg-Saint-Maurice%2BFrance/,
https://www.google.com/maps/search/etablissement+wellness+Bourg-Sainte-Marie%2BFrance/,
https://www.google.com/maps/search/etablissement+wellness+Bourg-sous-Châtelet%2BFrance/,
https://www.google.com/maps/search/etablissement+wellness+Bourgaltroff%2BFrance/,
https://www.google.com/maps/search/etablissement+wellness+Bourganeuf%2BFrance/,
https://www.google.com/maps/search/etablissement+wellness+Bourgbarré%2BFrance/,
https://www.google.com/maps/search/etablissement+wellness+Bourgeauville%2BFrance/,
https://www.google.com/maps/search/etablissement+wellness+Bourges%2BFrance/,
https://www.google.com/maps/search/etablissement+wellness+Le Bourget%2BFrance/,
https://www.google.com/maps/search/etablissement+wellness+Le Bourget-du-Lac%2BFrance/,
https://www.google.com/maps/search/etablissement+wellness+Bourget-en-Huile%2BFrance/,
https://www.google.com/maps/search/etablissement+wellness+Bourgheim%2BFrance/,
https://www.google.com/maps/search/etablissement+wellness+Bourghelles%2BFrance/,
https://www.google.com/maps/search/etablissement+wellness+Bourgnac%2BFrance/,
https://www.google.com/maps/search/etablissement+wellness+Bourgneuf%2BFrance/,
https://www.google.com/maps/search/etablissement+wellness+Bourgneuf%2BFrance/,
https://www.google.com/maps/search/etablissement+wellness+Le Bourgneuf-la-Forêt%2BFrance/,
https://www.google.com/maps/search/etablissement+wellness+Bourgogne-Fresne%2BFrance/,
https://www.google.com/maps/search/etablissement+wellness+Bourgoin-Jallieu%2BFrance/,
https://www.google.com/maps/search/etablissement+wellness+Bourgon%2BFrance/,
https://www.google.com/maps/search/etablissement+wellness+La Bourgonce%2BFrance/,
https://www.google.com/maps/search/etablissement+wellness+Bourgougnague%2BFrance/,
https://www.google.com/maps/search/etablissement+wellness+Bourgs sur Colagne%2BFrance/,
https://www.google.com/maps/search/etablissement+wellness+Bourguébus%2BFrance/,
https://www.google.com/maps/search/etablissement+wellness+Bourgueil%2BFrance/,
https://www.google.com/maps/search/etablissement+wellness+Bourguenolles%2BFrance/,
https://www.google.com/maps/search/etablissement+wellness+Le Bourguet%2BFrance/,
https://www.google.com/maps/search/etablissement+wellness+Bourguignon%2BFrance/,
https://www.google.com/maps/search/etablissement+wellness+Bourguignon-lès-Conflans%2BFrance/,
https://www.google.com/maps/search/etablissement+wellness+Bourguignon-lès-la-Charité%2BFrance/,
https://www.google.com/maps/search/etablissement+wellness+Bourguignon-lès-Morey%2BFrance/,
https://www.google.com/maps/search/etablissement+wellness+Bourguignon-sous-Coucy%2BFrance/,
https://www.google.com/maps/search/etablissement+wellness+Bourguignon-sous-Montbavin%2BFrance/,
https://www.google.com/maps/search/etablissement+wellness+Bourguignons%2BFrance/,
https://www.google.com/maps/search/etablissement+wellness+Bourgvallées%2BFrance/,
https://www.google.com/maps/search/etablissement+wellness+Bourgvilain%2BFrance/,
https://www.google.com/maps/search/etablissement+wellness+Bourideys%2BFrance/,
https://www.google.com/maps/search/etablissement+wellness+Bouriège%2BFrance/,
https://www.google.com/maps/search/etablissement+wellness+Bourigeole%2BFrance/,
https://www.google.com/maps/search/etablissement+wellness+Bourisp%2BFrance/,
https://www.google.com/maps/search/etablissement+wellness+Bourlens%2BFrance/,
https://www.google.com/maps/search/etablissement+wellness+Bourlon%2BFrance/,
https://www.google.com/maps/search/etablissement+wellness+Bourmont-entre-Meuse-et-Mouzon%2BFrance/,
https://www.google.com/maps/search/etablissement+wellness+Bournainville-Faverolles%2BFrance/,
https://www.google.com/maps/search/etablissement+wellness+Bournan%2BFrance/,
https://www.google.com/maps/search/etablissement+wellness+Bournand%2BFrance/,
https://www.google.com/maps/search/etablissement+wellness+Bournazel%2BFrance/,
https://www.google.com/maps/search/etablissement+wellness+Bournazel%2BFrance/,
https://www.google.com/maps/search/etablissement+wellness+Bourneau%2BFrance/,
https://www.google.com/maps/search/etablissement+wellness+Bournel%2BFrance/,
https://www.google.com/maps/search/etablissement+wellness+Bourneville-Sainte-Croix%2BFrance/,
https://www.google.com/maps/search/etablissement+wellness+Bournezeau%2BFrance/,
https://www.google.com/maps/search/etablissement+wellness+Bourniquel%2BFrance/,
https://www.google.com/maps/search/etablissement+wellness+Bournois%2BFrance/,
https://www.google.com/maps/search/etablissement+wellness+Bournoncle-Saint-Pierre%2BFrance/,
https://www.google.com/maps/search/etablissement+wellness+Bournonville%2BFrance/,
https://www.google.com/maps/search/etablissement+wellness+Bournos%2BFrance/,
https://www.google.com/maps/search/etablissement+wellness+Bourogne%2BFrance/,
https://www.google.com/maps/search/etablissement+wellness+Bourran%2BFrance/,
https://www.google.com/maps/search/etablissement+wellness+Bourréac%2BFrance/,
https://www.google.com/maps/search/etablissement+wellness+Bourret%2BFrance/,
https://www.google.com/maps/search/etablissement+wellness+Bourriot-Bergonce%2BFrance/,
https://www.google.com/maps/search/etablissement+wellness+Bourron-Marlotte%2BFrance/,
https://www.google.com/maps/search/etablissement+wellness+Bourrou%2BFrance/,
https://www.google.com/maps/search/etablissement+wellness+Bourrouillan%2BFrance/,
https://www.google.com/maps/search/etablissement+wellness+Bours%2BFrance/,
https://www.google.com/maps/search/etablissement+wellness+Bours%2BFrance/,
https://www.google.com/maps/search/etablissement+wellness+Boursault%2BFrance/,
https://www.google.com/maps/search/etablissement+wellness+Boursay%2BFrance/,
https://www.google.com/maps/search/etablissement+wellness+Bourscheid%2BFrance/,
https://www.google.com/maps/search/etablissement+wellness+Bourseul%2BFrance/,
https://www.google.com/maps/search/etablissement+wellness+Bourseville%2BFrance/,
https://www.google.com/maps/search/etablissement+wellness+Boursières%2BFrance/,
https://www.google.com/maps/search/etablissement+wellness+Boursies%2BFrance/,
https://www.google.com/maps/search/etablissement+wellness+Boursin%2BFrance/,
https://www.google.com/maps/search/etablissement+wellness+Boursonne%2BFrance/,
https://www.google.com/maps/search/etablissement+wellness+Bourth%2BFrance/,
https://www.google.com/maps/search/etablissement+wellness+Bourthes%2BFrance/,
https://www.google.com/maps/search/etablissement+wellness+Bourville%2BFrance/,
https://www.google.com/maps/search/etablissement+wellness+Boury-en-Vexin%2BFrance/,
https://www.google.com/maps/search/etablissement+wellness+Bousbach%2BFrance/,
https://www.google.com/maps/search/etablissement+wellness+Bousbecque%2BFrance/,
https://www.google.com/maps/search/etablissement+wellness+Le Bouscat%2BFrance/,
https://www.google.com/maps/search/etablissement+wellness+Bousies%2BFrance/,
https://www.google.com/maps/search/etablissement+wellness+Bousignies%2BFrance/,
https://www.google.com/maps/search/etablissement+wellness+Bousignies-sur-Roc%2BFrance/,
https://www.google.com/maps/search/etablissement+wellness+Le Bousquet%2BFrance/,
https://www.google.com/maps/search/etablissement+wellness+Le Bousquet-d'Orb%2BFrance/,
https://www.google.com/maps/search/etablissement+wellness+Boussac%2BFrance/,
https://www.google.com/maps/search/etablissement+wellness+Boussac%2BFrance/,
https://www.google.com/maps/search/etablissement+wellness+La Boussac%2BFrance/,
https://www.google.com/maps/search/etablissement+wellness+Boussac%2BFrance/,
https://www.google.com/maps/search/etablissement+wellness+Boussac-Bourg%2BFrance/,
https://www.google.com/maps/search/etablissement+wellness+Boussais%2BFrance/,
https://www.google.com/maps/search/etablissement+wellness+Boussan%2BFrance/,
https://www.google.com/maps/search/etablissement+wellness+Boussay%2BFrance/,
https://www.google.com/maps/search/etablissement+wellness+Boussay%2BFrance/,
https://www.google.com/maps/search/etablissement+wellness+Bousse%2BFrance/,
https://www.google.com/maps/search/etablissement+wellness+Bousse%2BFrance/,
https://www.google.com/maps/search/etablissement+wellness+Bousselange%2BFrance/,
https://www.google.com/maps/search/etablissement+wellness+Boussenac%2BFrance/,
https://www.google.com/maps/search/etablissement+wellness+Boussenois%2BFrance/,
https://www.google.com/maps/search/etablissement+wellness+Boussens%2BFrance/,
https://www.google.com/maps/search/etablissement+wellness+Bousseraucourt%2BFrance/,
https://www.google.com/maps/search/etablissement+wellness+Boussès%2BFrance/,
https://www.google.com/maps/search/etablissement+wellness+Bousseviller%2BFrance/,
https://www.google.com/maps/search/etablissement+wellness+Boussey%2BFrance/,
https://www.google.com/maps/search/etablissement+wellness+Boussicourt%2BFrance/,
https://www.google.com/maps/search/etablissement+wellness+Boussières%2BFrance/,
https://www.google.com/maps/search/etablissement+wellness+Boussières-en-Cambrésis%2BFrance/,
https://www.google.com/maps/search/etablissement+wellness+Boussières-sur-Sambre%2BFrance/,
https://www.google.com/maps/search/etablissement+wellness+Boussois%2BFrance/,
https://www.google.com/maps/search/etablissement+wellness+Boussy%2BFrance/,
https://www.google.com/maps/search/etablissement+wellness+Boussy-Saint-Antoine%2BFrance/,
https://www.google.com/maps/search/etablissement+wellness+Boust%2BFrance/,
https://www.google.com/maps/search/etablissement+wellness+Boustroff%2BFrance/,
https://www.google.com/maps/search/etablissement+wellness+Bout-du-Pont-de-Larn%2BFrance/,
https://www.google.com/maps/search/etablissement+wellness+Boutancourt%2BFrance/,
https://www.google.com/maps/search/etablissement+wellness+Boutavent%2BFrance/,
https://www.google.com/maps/search/etablissement+wellness+La Bouteille%2BFrance/,
https://www.google.com/maps/search/etablissement+wellness+Bouteilles-Saint-Sébastien%2BFrance/,
https://www.google.com/maps/search/etablissement+wellness+Boutenac%2BFrance/,
https://www.google.com/maps/search/etablissement+wellness+Boutenac-Touvent%2BFrance/,
https://www.google.com/maps/search/etablissement+wellness+Boutencourt%2BFrance/,
https://www.google.com/maps/search/etablissement+wellness+Boutervilliers%2BFrance/,
https://www.google.com/maps/search/etablissement+wellness+Bouteville%2BFrance/,
https://www.google.com/maps/search/etablissement+wellness+Boutiers-Saint-Trojan%2BFrance/,
https://www.google.com/maps/search/etablissement+wellness+Boutigny%2BFrance/,
https://www.google.com/maps/search/etablissement+wellness+Boutigny-Prouais%2BFrance/,
https://www.google.com/maps/search/etablissement+wellness+Boutigny-sur-Essonne%2BFrance/,
https://www.google.com/maps/search/etablissement+wellness+Bouttencourt%2BFrance/,
https://www.google.com/maps/search/etablissement+wellness+Boutteville%2BFrance/,
https://www.google.com/maps/search/etablissement+wellness+Boutx%2BFrance/,
https://www.google.com/maps/search/etablissement+wellness+Bouvaincourt-sur-Bresle%2BFrance/,
https://www.google.com/maps/search/etablissement+wellness+Bouvancourt%2BFrance/,
https://www.google.com/maps/search/etablissement+wellness+Bouvante%2BFrance/,
https://www.google.com/maps/search/etablissement+wellness+Bouvelinghem%2BFrance/,
https://www.google.com/maps/search/etablissement+wellness+Bouvellemont%2BFrance/,
https://www.google.com/maps/search/etablissement+wellness+Bouverans%2BFrance/,
https://www.google.com/maps/search/etablissement+wellness+Bouvesse-Quirieu%2BFrance/,
https://www.google.com/maps/search/etablissement+wellness+Bouvières%2BFrance/,
https://www.google.com/maps/search/etablissement+wellness+Bouvignies%2BFrance/,
https://www.google.com/maps/search/etablissement+wellness+Bouvigny-Boyeffles%2BFrance/,
https://www.google.com/maps/search/etablissement+wellness+Bouville%2BFrance/,
https://www.google.com/maps/search/etablissement+wellness+Bouville%2BFrance/,
https://www.google.com/maps/search/etablissement+wellness+Bouville%2BFrance/,
https://www.google.com/maps/search/etablissement+wellness+Bouvincourt-en-Vermandois%2BFrance/,
https://www.google.com/maps/search/etablissement+wellness+Bouvines%2BFrance/,
https://www.google.com/maps/search/etablissement+wellness+Bouvresse%2BFrance/,
https://www.google.com/maps/search/etablissement+wellness+Bouvron%2BFrance/,
https://www.google.com/maps/search/etablissement+wellness+Bouvron%2BFrance/,
https://www.google.com/maps/search/etablissement+wellness+Boux-sous-Salmaise%2BFrance/,
https://www.google.com/maps/search/etablissement+wellness+Bouxières-aux-Bois%2BFrance/,
https://www.google.com/maps/search/etablissement+wellness+Bouxières-aux-Chênes%2BFrance/,
https://www.google.com/maps/search/etablissement+wellness+Bouxières-aux-Dames%2BFrance/,
https://www.google.com/maps/search/etablissement+wellness+Bouxières-sous-Froidmont%2BFrance/,
https://www.google.com/maps/search/etablissement+wellness+Bouxurulles%2BFrance/,
https://www.google.com/maps/search/etablissement+wellness+Bouxwiller%2BFrance/,
https://www.google.com/maps/search/etablissement+wellness+Bouxwiller%2BFrance/,
https://www.google.com/maps/search/etablissement+wellness+Bouy%2BFrance/,
https://www.google.com/maps/search/etablissement+wellness+Bouy-Luxembourg%2BFrance/,
https://www.google.com/maps/search/etablissement+wellness+Bouy-sur-Orvin%2BFrance/,
https://www.google.com/maps/search/etablissement+wellness+Bouyon%2BFrance/,
https://www.google.com/maps/search/etablissement+wellness+Le Bouyssou%2BFrance/,
https://www.google.com/maps/search/etablissement+wellness+Bouzais%2BFrance/,
https://www.google.com/maps/search/etablissement+wellness+Bouzancourt%2BFrance/,
https://www.google.com/maps/search/etablissement+wellness+Bouzanville%2BFrance/,
https://www.google.com/maps/search/etablissement+wellness+Bouze-lès-Beaune%2BFrance/,
https://www.google.com/maps/search/etablissement+wellness+Bouzel%2BFrance/,
https://www.google.com/maps/search/etablissement+wellness+Bouzemont%2BFrance/,
https://www.google.com/maps/search/etablissement+wellness+Bouzeron%2BFrance/,
https://www.google.com/maps/search/etablissement+wellness+Bouzic%2BFrance/,
https://www.google.com/maps/search/etablissement+wellness+Bouziès%2BFrance/,
https://www.google.com/maps/search/etablissement+wellness+Bouzigues%2BFrance/,
https://www.google.com/maps/search/etablissement+wellness+Bouzin%2BFrance/,
https://www.google.com/maps/search/etablissement+wellness+Bouzincourt%2BFrance/,
https://www.google.com/maps/search/etablissement+wellness+Bouzon-Gellenave%2BFrance/,
https://www.google.com/maps/search/etablissement+wellness+Bouzonville%2BFrance/,
https://www.google.com/maps/search/etablissement+wellness+Bouzonville-aux-Bois%2BFrance/,
https://www.google.com/maps/search/etablissement+wellness+Bouzy%2BFrance/,
https://www.google.com/maps/search/etablissement+wellness+Bouzy-la-Forêt%2BFrance/,
https://www.google.com/maps/search/etablissement+wellness+Bovée-sur-Barboure%2BFrance/,
https://www.google.com/maps/search/etablissement+wellness+Bovel%2BFrance/,
https://www.google.com/maps/search/etablissement+wellness+Bovelles%2BFrance/,
https://www.google.com/maps/search/etablissement+wellness+Boves%2BFrance/,
https://www.google.com/maps/search/etablissement+wellness+Boviolles%2BFrance/,
https://www.google.com/maps/search/etablissement+wellness+Boyaval%2BFrance/,
https://www.google.com/maps/search/etablissement+wellness+Boyelles%2BFrance/,
https://www.google.com/maps/search/etablissement+wellness+Boyer%2BFrance/,
https://www.google.com/maps/search/etablissement+wellness+Boyer%2BFrance/,
https://www.google.com/maps/search/etablissement+wellness+Boyeux-Saint-Jérôme%2BFrance/,
https://www.google.com/maps/search/etablissement+wellness+Boynes%2BFrance/,
https://www.google.com/maps/search/etablissement+wellness+Boz%2BFrance/,
https://www.google.com/maps/search/etablissement+wellness+Bozas%2BFrance/,
https://www.google.com/maps/search/etablissement+wellness+Bozel%2BFrance/,
https://www.google.com/maps/search/etablissement+wellness+Bozouls%2BFrance/,
https://www.google.com/maps/search/etablissement+wellness+Brabant-en-Argonne%2BFrance/,
https://www.google.com/maps/search/etablissement+wellness+Brabant-le-Roi%2BFrance/,
https://www.google.com/maps/search/etablissement+wellness+Brabant-sur-Meuse%2BFrance/,
https://www.google.com/maps/search/etablissement+wellness+Brach%2BFrance/,
https://www.google.com/maps/search/etablissement+wellness+Brachay%2BFrance/,
https://www.google.com/maps/search/etablissement+wellness+Braches%2BFrance/,
https://www.google.com/maps/search/etablissement+wellness+Brachy%2BFrance/,
https://www.google.com/maps/search/etablissement+wellness+Bracieux%2BFrance/,
https://www.google.com/maps/search/etablissement+wellness+Bracon%2BFrance/,
https://www.google.com/maps/search/etablissement+wellness+Bracquetuit%2BFrance/,
https://www.google.com/maps/search/etablissement+wellness+Bradiancourt%2BFrance/,
https://www.google.com/maps/search/etablissement+wellness+Bragassargues%2BFrance/,
https://www.google.com/maps/search/etablissement+wellness+Bragayrac%2BFrance/,
https://www.google.com/maps/search/etablissement+wellness+Brageac%2BFrance/,
https://www.google.com/maps/search/etablissement+wellness+Bragelogne-Beauvoir%2BFrance/,
https://www.google.com/maps/search/etablissement+wellness+Bragny-sur-Saône%2BFrance/,
https://www.google.com/maps/search/etablissement+wellness+Braillans%2BFrance/,
https://www.google.com/maps/search/etablissement+wellness+Brailly-Cornehotte%2BFrance/,
https://www.google.com/maps/search/etablissement+wellness+Brain%2BFrance/,
https://www.google.com/maps/search/etablissement+wellness+Brain-sur-Allonnes%2BFrance/,
https://www.google.com/maps/search/etablissement+wellness+Brainans%2BFrance/,
https://www.google.com/maps/search/etablissement+wellness+Braine%2BFrance/,
https://www.google.com/maps/search/etablissement+wellness+Brains%2BFrance/,
https://www.google.com/maps/search/etablissement+wellness+Brains-sur-Gée%2BFrance/,
https://www.google.com/maps/search/etablissement+wellness+Brains-sur-les-Marches%2BFrance/,
https://www.google.com/maps/search/etablissement+wellness+Brainville%2BFrance/,
https://www.google.com/maps/search/etablissement+wellness+Brainville%2BFrance/,
https://www.google.com/maps/search/etablissement+wellness+Brainville-sur-Meuse%2BFrance/,
https://www.google.com/maps/search/etablissement+wellness+Braisnes-sur-Aronde%2BFrance/,
https://www.google.com/maps/search/etablissement+wellness+Braize%2BFrance/,
https://www.google.com/maps/search/etablissement+wellness+Bralleville%2BFrance/,
https://www.google.com/maps/search/etablissement+wellness+Bram%2BFrance/,
https://www.google.com/maps/search/etablissement+wellness+Bramans%2BFrance/,
https://www.google.com/maps/search/etablissement+wellness+Brametot%2BFrance/,
https://www.google.com/maps/search/etablissement+wellness+Bramevaque%2BFrance/,
https://www.google.com/maps/search/etablissement+wellness+Bran%2BFrance/,
https://www.google.com/maps/search/etablissement+wellness+Branceilles%2BFrance/,
https://www.google.com/maps/search/etablissement+wellness+Branches%2BFrance/,
https://www.google.com/maps/search/etablissement+wellness+Brancourt-en-Laonnois%2BFrance/,
https://www.google.com/maps/search/etablissement+wellness+Brancourt-le-Grand%2BFrance/,
https://www.google.com/maps/search/etablissement+wellness+Brandérion%2BFrance/,
https://www.google.com/maps/search/etablissement+wellness+Brandeville%2BFrance/,
https://www.google.com/maps/search/etablissement+wellness+Brandivy%2BFrance/,
https://www.google.com/maps/search/etablissement+wellness+Brando%2BFrance/,
https://www.google.com/maps/search/etablissement+wellness+Brandon%2BFrance/,
https://www.google.com/maps/search/etablissement+wellness+Brandonnet%2BFrance/,
https://www.google.com/maps/search/etablissement+wellness+Brandonvillers%2BFrance/,
https://www.google.com/maps/search/etablissement+wellness+Branges%2BFrance/,
https://www.google.com/maps/search/etablissement+wellness+Brangues%2BFrance/,
https://www.google.com/maps/search/etablissement+wellness+Brannay%2BFrance/,
https://www.google.com/maps/search/etablissement+wellness+Branne%2BFrance/,
https://www.google.com/maps/search/etablissement+wellness+Branne%2BFrance/,
https://www.google.com/maps/search/etablissement+wellness+Brannens%2BFrance/,
https://www.google.com/maps/search/etablissement+wellness+Branoux-les-Taillades%2BFrance/,
https://www.google.com/maps/search/etablissement+wellness+Brans%2BFrance/,
https://www.google.com/maps/search/etablissement+wellness+Bransat%2BFrance/,
https://www.google.com/maps/search/etablissement+wellness+Branscourt%2BFrance/,
https://www.google.com/maps/search/etablissement+wellness+Bransles%2BFrance/,
https://www.google.com/maps/search/etablissement+wellness+Brantes%2BFrance/,
https://www.google.com/maps/search/etablissement+wellness+Brantigny%2BFrance/,
https://www.google.com/maps/search/etablissement+wellness+Brantôme en Périgord%2BFrance/,
https://www.google.com/maps/search/etablissement+wellness+Branville%2BFrance/,
https://www.google.com/maps/search/etablissement+wellness+Branville-Hague%2BFrance/,
https://www.google.com/maps/search/etablissement+wellness+Braquis%2BFrance/,
https://www.google.com/maps/search/etablissement+wellness+Bras%2BFrance/,
https://www.google.com/maps/search/etablissement+wellness+Bras-d'Asse%2BFrance/,
https://www.google.com/maps/search/etablissement+wellness+Bras-Panon%2BFrance/,
https://www.google.com/maps/search/etablissement+wellness+Bras-sur-Meuse%2BFrance/,
https://www.google.com/maps/search/etablissement+wellness+Brasc%2BFrance/,
https://www.google.com/maps/search/etablissement+wellness+Brasles%2BFrance/,
https://www.google.com/maps/search/etablissement+wellness+Braslou%2BFrance/,
https://www.google.com/maps/search/etablissement+wellness+Brasparts%2BFrance/,
https://www.google.com/maps/search/etablissement+wellness+Brassac%2BFrance/,
https://www.google.com/maps/search/etablissement+wellness+Brassac%2BFrance/,
https://www.google.com/maps/search/etablissement+wellness+Brassac%2BFrance/,
https://www.google.com/maps/search/etablissement+wellness+Brassac-les-Mines%2BFrance/,
https://www.google.com/maps/search/etablissement+wellness+Brassempouy%2BFrance/,
https://www.google.com/maps/search/etablissement+wellness+Brasseuse%2BFrance/,
https://www.google.com/maps/search/etablissement+wellness+Brassy%2BFrance/,
https://www.google.com/maps/search/etablissement+wellness+Brassy%2BFrance/,
https://www.google.com/maps/search/etablissement+wellness+Bratte%2BFrance/,
https://www.google.com/maps/search/etablissement+wellness+Braud-et-Saint-Louis%2BFrance/,
https://www.google.com/maps/search/etablissement+wellness+Brauvilliers%2BFrance/,
https://www.google.com/maps/search/etablissement+wellness+Braux%2BFrance/,
https://www.google.com/maps/search/etablissement+wellness+Braux%2BFrance/,
https://www.google.com/maps/search/etablissement+wellness+Braux%2BFrance/,
https://www.google.com/maps/search/etablissement+wellness+Braux-le-Châtel%2BFrance/,
https://www.google.com/maps/search/etablissement+wellness+Braux-Saint-Remy%2BFrance/,
https://www.google.com/maps/search/etablissement+wellness+Braux-Sainte-Cohière%2BFrance/,
https://www.google.com/maps/search/etablissement+wellness+Brax%2BFrance/,
https://www.google.com/maps/search/etablissement+wellness+Brax%2BFrance/,
https://www.google.com/maps/search/etablissement+wellness+Bray%2BFrance/,
https://www.google.com/maps/search/etablissement+wellness+Bray%2BFrance/,
https://www.google.com/maps/search/etablissement+wellness+Bray-Dunes%2BFrance/,
https://www.google.com/maps/search/etablissement+wellness+Bray-et-Lû%2BFrance/,
https://www.google.com/maps/search/etablissement+wellness+Bray-lès-Mareuil%2BFrance/,
https://www.google.com/maps/search/etablissement+wellness+Bray-Saint-Aignan%2BFrance/,
https://www.google.com/maps/search/etablissement+wellness+Bray-Saint-Christophe%2BFrance/,
https://www.google.com/maps/search/etablissement+wellness+Bray-sur-Seine%2BFrance/,
https://www.google.com/maps/search/etablissement+wellness+Bray-sur-Somme%2BFrance/,
https://www.google.com/maps/search/etablissement+wellness+Braye%2BFrance/,
https://www.google.com/maps/search/etablissement+wellness+Braye-en-Laonnois%2BFrance/,
https://www.google.com/maps/search/etablissement+wellness+Braye-en-Thiérache%2BFrance/,
https://www.google.com/maps/search/etablissement+wellness+Braye-sous-Faye%2BFrance/,
https://www.google.com/maps/search/etablissement+wellness+Braye-sur-Maulne%2BFrance/,
https://www.google.com/maps/search/etablissement+wellness+Brazey-en-Morvan%2BFrance/,
https://www.google.com/maps/search/etablissement+wellness+Brazey-en-Plaine%2BFrance/,
https://www.google.com/maps/search/etablissement+wellness+Bréal-sous-Montfort%2BFrance/,
https://www.google.com/maps/search/etablissement+wellness+Bréal-sous-Vitré%2BFrance/,
https://www.google.com/maps/search/etablissement+wellness+Bréançon%2BFrance/,
https://www.google.com/maps/search/etablissement+wellness+Bréau%2BFrance/,
https://www.google.com/maps/search/etablissement+wellness+Bréau-et-Salagosse%2BFrance/,
https://www.google.com/maps/search/etablissement+wellness+Bréauté%2BFrance/,
https://www.google.com/maps/search/etablissement+wellness+Bréban%2BFrance/,
https://www.google.com/maps/search/etablissement+wellness+Brebières%2BFrance/,
https://www.google.com/maps/search/etablissement+wellness+Brebotte%2BFrance/,
https://www.google.com/maps/search/etablissement+wellness+Brecé%2BFrance/,
https://www.google.com/maps/search/etablissement+wellness+Brécé%2BFrance/,
https://www.google.com/maps/search/etablissement+wellness+Brécey%2BFrance/,
https://www.google.com/maps/search/etablissement+wellness+Brech%2BFrance/,
https://www.google.com/maps/search/etablissement+wellness+Brechainville%2BFrance/,
https://www.google.com/maps/search/etablissement+wellness+Bréchamps%2BFrance/,
https://www.google.com/maps/search/etablissement+wellness+Bréchaumont%2BFrance/,
https://www.google.com/maps/search/etablissement+wellness+Brèches%2BFrance/,
https://www.google.com/maps/search/etablissement+wellness+Breconchaux%2BFrance/,
https://www.google.com/maps/search/etablissement+wellness+Brécy%2BFrance/,
https://www.google.com/maps/search/etablissement+wellness+Brécy%2BFrance/,
https://www.google.com/maps/search/etablissement+wellness+Brécy-Brières%2BFrance/,
https://www.google.com/maps/search/etablissement+wellness+La Brède%2BFrance/,
https://www.google.com/maps/search/etablissement+wellness+Brée%2BFrance/,
https://www.google.com/maps/search/etablissement+wellness+La Brée-les-Bains%2BFrance/,
https://www.google.com/maps/search/etablissement+wellness+Brégnier-Cordon%2BFrance/,
https://www.google.com/maps/search/etablissement+wellness+Brégy%2BFrance/,
https://www.google.com/maps/search/etablissement+wellness+Bréhain%2BFrance/,traité (2026-08-22 16:18)
https://www.google.com/maps/search/etablissement+wellness+Bréhain-la-Ville%2BFrance/,traité (2026-08-22 16:19)
https://www.google.com/maps/search/etablissement+wellness+Bréhal%2BFrance/,traité (2026-08-22 16:19)
https://www.google.com/maps/search/etablissement+wellness+Bréhan%2BFrance/,traité (2026-08-22 16:19)
https://www.google.com/maps/search/etablissement+wellness+Bréhand%2BFrance/,traité (2026-08-22 16:20)
https://www.google.com/maps/search/etablissement+wellness+Bréhémont%2BFrance/,traité (2026-08-22 16:20)
https://www.google.com/maps/search/etablissement+wellness+Bréhéville%2BFrance/,traité (2026-08-22 16:20)
https://www.google.com/maps/search/etablissement+wellness+Breidenbach%2BFrance/,traité (2026-08-22 16:20)
https://www.google.com/maps/search/etablissement+wellness+Breil%2BFrance/,traité (2026-08-22 16:20)
https://www.google.com/maps/search/etablissement+wellness+Le Breil-sur-Mérize%2BFrance/,traité (2026-08-22 16:21)
https://www.google.com/maps/search/etablissement+wellness+Breil-sur-Roya%2BFrance/,traité (2026-08-22 16:21)
https://www.google.com/maps/search/etablissement+wellness+La Breille-les-Pins%2BFrance/,traité (2026-08-22 16:21)
https://www.google.com/maps/search/etablissement+wellness+Breilly%2BFrance/,traité (2026-08-22 16:24)
https://www.google.com/maps/search/etablissement+wellness+Breistroff-la-Grande%2BFrance/,échec (2026-08-22 16:24)
https://www.google.com/maps/search/etablissement+wellness+Breitenau%2BFrance/,traité (2026-08-22 16:24)
https://www.google.com/maps/search/etablissement+wellness+Breitenbach%2BFrance/,traité (2026-08-22 16:24)
https://www.google.com/maps/search/etablissement+wellness+Breitenbach-Haut-Rhin%2BFrance/,traité (2026-08-22 16:24)
https://www.google.com/maps/search/etablissement+wellness+Brélès%2BFrance/,traité (2026-08-22 16:24)
https://www.google.com/maps/search/etablissement+wellness+Brélidy%2BFrance/,traité (2026-08-22 16:24)
https://www.google.com/maps/search/etablissement+wellness+Brem-sur-Mer%2BFrance/,traité (2026-08-22 16:24)
https://www.google.com/maps/search/etablissement+wellness+Bréménil%2BFrance/,traité (2026-08-22 16:24)
https://www.google.com/maps/search/etablissement+wellness+Brêmes%2BFrance/,traité (2026-08-22 16:24)
https://www.google.com/maps/search/etablissement+wellness+Brémoncourt%2BFrance/,traité (2026-08-22 16:25)
https://www.google.com/maps/search/etablissement+wellness+Bremondans%2BFrance/,traité (2026-08-22 16:25)
https://www.google.com/maps/search/etablissement+wellness+Brémontier-Merval%2BFrance/,traité (2026-08-22 16:25)
https://www.google.com/maps/search/etablissement+wellness+Brémoy%2BFrance/,traité (2026-08-22 16:27)
https://www.google.com/maps/search/etablissement+wellness+Brémur-et-Vaurois%2BFrance/,traité (2026-08-22 16:27)
https://www.google.com/maps/search/etablissement+wellness+Bren%2BFrance/,traité (2026-08-22 16:27)
https://www.google.com/maps/search/etablissement+wellness+Brenas%2BFrance/,traité (2026-08-22 16:27)
https://www.google.com/maps/search/etablissement+wellness+Brenat%2BFrance/,traité (2026-08-22 16:27)
https://www.google.com/maps/search/etablissement+wellness+Brénaz%2BFrance/,
https://www.google.com/maps/search/etablissement+wellness+Brenelle%2BFrance/,
https://www.google.com/maps/search/etablissement+wellness+Brengues%2BFrance/,
https://www.google.com/maps/search/etablissement+wellness+Brennes%2BFrance/,
https://www.google.com/maps/search/etablissement+wellness+Brennilis%2BFrance/,traité (2026-08-22 16:28)
https://www.google.com/maps/search/etablissement+wellness+Brénod%2BFrance/,traité (2026-08-22 16:28)
https://www.google.com/maps/search/etablissement+wellness+Brenon%2BFrance/,traité (2026-08-22 16:28)
https://www.google.com/maps/search/etablissement+wellness+Brenouille%2BFrance/,traité (2026-08-22 16:28)
https://www.google.com/maps/search/etablissement+wellness+Brenoux%2BFrance/,traité (2026-08-22 16:28)
https://www.google.com/maps/search/etablissement+wellness+Brens%2BFrance/,traité (2026-08-22 16:28)
https://www.google.com/maps/search/etablissement+wellness+Brens%2BFrance/,traité (2026-08-22 16:28)
https://www.google.com/maps/search/etablissement+wellness+Brenthonne%2BFrance/,traité (2026-08-22 16:29)
https://www.google.com/maps/search/etablissement+wellness+Breny%2BFrance/,traité (2026-08-22 16:31)
https://www.google.com/maps/search/etablissement+wellness+Brères%2BFrance/,traité (2026-08-22 16:31)
https://www.google.com/maps/search/etablissement+wellness+Bréry%2BFrance/,traité (2026-08-22 16:31)
https://www.google.com/maps/search/etablissement+wellness+Bresdon%2BFrance/,traité (2026-08-22 16:31)
https://www.google.com/maps/search/etablissement+wellness+Les Bréseux%2BFrance/,traité (2026-08-22 16:31)
https://www.google.com/maps/search/etablissement+wellness+Bresilley%2BFrance/,traité (2026-08-22 16:31)
https://www.google.com/maps/search/etablissement+wellness+Bresle%2BFrance/,traité (2026-08-22 16:31)
https://www.google.com/maps/search/etablissement+wellness+Bresles%2BFrance/,traité (2026-08-22 16:31)
https://www.google.com/maps/search/etablissement+wellness+Bresnay%2BFrance/,traité (2026-08-22 16:31)
https://www.google.com/maps/search/etablissement+wellness+La Bresse%2BFrance/,traité (2026-08-22 16:31)
https://www.google.com/maps/search/etablissement+wellness+Bresse-sur-Grosne%2BFrance/,traité (2026-08-22 16:32)
https://www.google.com/maps/search/etablissement+wellness+Bressey-sur-Tille%2BFrance/,traité (2026-08-22 16:32)
https://www.google.com/maps/search/etablissement+wellness+Bressieux%2BFrance/,traité (2026-08-22 16:34)
https://www.google.com/maps/search/etablissement+wellness+Bressolles%2BFrance/,
https://www.google.com/maps/search/etablissement+wellness+Bressolles%2BFrance/,
https://www.google.com/maps/search/etablissement+wellness+Bressols%2BFrance/,
https://www.google.com/maps/search/etablissement+wellness+Bresson%2BFrance/,
https://www.google.com/maps/search/etablissement+wellness+Bressuire%2BFrance/,
https://www.google.com/maps/search/etablissement+wellness+Brest%2BFrance/,
https://www.google.com/maps/search/etablissement+wellness+Brestot%2BFrance/,
https://www.google.com/maps/search/etablissement+wellness+Bretagne%2BFrance/,
https://www.google.com/maps/search/etablissement+wellness+Bretagne%2BFrance/,
https://www.google.com/maps/search/etablissement+wellness+Bretagne-d'Armagnac%2BFrance/,
https://www.google.com/maps/search/etablissement+wellness+Bretagne-de-Marsan%2BFrance/,
https://www.google.com/maps/search/etablissement+wellness+Bretagnolles%2BFrance/,
https://www.google.com/maps/search/etablissement+wellness+Breteau%2BFrance/,
https://www.google.com/maps/search/etablissement+wellness+Breteil%2BFrance/,
https://www.google.com/maps/search/etablissement+wellness+Bretenière%2BFrance/,
https://www.google.com/maps/search/etablissement+wellness+La Bretenière%2BFrance/,
https://www.google.com/maps/search/etablissement+wellness+La Bretenière%2BFrance/,
https://www.google.com/maps/search/etablissement+wellness+Bretenières%2BFrance/,
https://www.google.com/maps/search/etablissement+wellness+Bretenoux%2BFrance/,
https://www.google.com/maps/search/etablissement+wellness+Breteuil%2BFrance/,
https://www.google.com/maps/search/etablissement+wellness+Breteuil%2BFrance/,
https://www.google.com/maps/search/etablissement+wellness+Brethel%2BFrance/,
https://www.google.com/maps/search/etablissement+wellness+Brethenay%2BFrance/,
https://www.google.com/maps/search/etablissement+wellness+Le Brethon%2BFrance/,
https://www.google.com/maps/search/etablissement+wellness+Bretigney%2BFrance/,
https://www.google.com/maps/search/etablissement+wellness+Bretigney-Notre-Dame%2BFrance/,
https://www.google.com/maps/search/etablissement+wellness+Bretignolles%2BFrance/,
https://www.google.com/maps/search/etablissement+wellness+Bretignolles-sur-Mer%2BFrance/,
https://www.google.com/maps/search/etablissement+wellness+Bretigny%2BFrance/,
https://www.google.com/maps/search/etablissement+wellness+Brétigny%2BFrance/,
https://www.google.com/maps/search/etablissement+wellness+Brétigny%2BFrance/,
https://www.google.com/maps/search/etablissement+wellness+Brétigny-sur-Orge%2BFrance/,
https://www.google.com/maps/search/etablissement+wellness+Bretoncelles%2BFrance/,
https://www.google.com/maps/search/etablissement+wellness+La Bretonnière-la-Claye%2BFrance/,
https://www.google.com/maps/search/etablissement+wellness+Bretonvillers%2BFrance/,
https://www.google.com/maps/search/etablissement+wellness+Brette%2BFrance/,
https://www.google.com/maps/search/etablissement+wellness+Brette-les-Pins%2BFrance/,
https://www.google.com/maps/search/etablissement+wellness+Bretten%2BFrance/,
https://www.google.com/maps/search/etablissement+wellness+Brettes%2BFrance/,
https://www.google.com/maps/search/etablissement+wellness+Bretteville%2BFrance/,
https://www.google.com/maps/search/etablissement+wellness+Bretteville-du-Grand-Caux%2BFrance/,
https://www.google.com/maps/search/etablissement+wellness+Bretteville-le-Rabet%2BFrance/,
https://www.google.com/maps/search/etablissement+wellness+Bretteville-Saint-Laurent%2BFrance/,
https://www.google.com/maps/search/etablissement+wellness+Bretteville-sur-Ay%2BFrance/,
https://www.google.com/maps/search/etablissement+wellness+Bretteville-sur-Dives%2BFrance/,
https://www.google.com/maps/search/etablissement+wellness+Bretteville-sur-Laize%2BFrance/,
https://www.google.com/maps/search/etablissement+wellness+Bretteville-sur-Odon%2BFrance/,
https://www.google.com/maps/search/etablissement+wellness+Brettnach%2BFrance/,
https://www.google.com/maps/search/etablissement+wellness+Bretx%2BFrance/,
https://www.google.com/maps/search/etablissement+wellness+Breuches%2BFrance/,
https://www.google.com/maps/search/etablissement+wellness+Breuchotte%2BFrance/,
https://www.google.com/maps/search/etablissement+wellness+Breugnon%2BFrance/,traité (2026-08-22 16:34)
https://www.google.com/maps/search/etablissement+wellness+Le Breuil%2BFrance/,traité (2026-08-22 16:34)
https://www.google.com/maps/search/etablissement+wellness+Le Breuil%2BFrance/,traité (2026-08-22 16:34)
https://www.google.com/maps/search/etablissement+wellness+Breuil%2BFrance/,traité (2026-08-22 16:34)
https://www.google.com/maps/search/etablissement+wellness+Le Breuil%2BFrance/,traité (2026-08-22 16:34)
https://www.google.com/maps/search/etablissement+wellness+Le Breuil%2BFrance/,traité (2026-08-22 16:34)
https://www.google.com/maps/search/etablissement+wellness+Breuil%2BFrance/,traité (2026-08-22 16:34)
https://www.google.com/maps/search/etablissement+wellness+Breuil-Barret%2BFrance/,traité (2026-08-22 16:34)
https://www.google.com/maps/search/etablissement+wellness+Le Breuil-Bernard%2BFrance/,traité (2026-08-22 16:35)
https://www.google.com/maps/search/etablissement+wellness+Breuil-Bois-Robert%2BFrance/,traité (2026-08-22 16:35)
https://www.google.com/maps/search/etablissement+wellness+Le Breuil-en-Auge%2BFrance/,traité (2026-08-22 16:35)
https://www.google.com/maps/search/etablissement+wellness+Le Breuil-en-Bessin%2BFrance/,traité (2026-08-22 16:37)
https://www.google.com/maps/search/etablissement+wellness+Breuil-la-Réorte%2BFrance/,traité (2026-08-22 16:37)
https://www.google.com/maps/search/etablissement+wellness+Breuil-le-Sec%2BFrance/,traité (2026-08-22 16:37)
https://www.google.com/maps/search/etablissement+wellness+Breuil-le-Vert%2BFrance/,traité (2026-08-22 16:37)
https://www.google.com/maps/search/etablissement+wellness+Breuil-Magné%2BFrance/,traité (2026-08-22 16:37)
https://www.google.com/maps/search/etablissement+wellness+Le Breuil-sur-Couze%2BFrance/,traité (2026-08-22 16:37)
https://www.google.com/maps/search/etablissement+wellness+Breuilaufa%2BFrance/,traité (2026-08-22 16:37)
https://www.google.com/maps/search/etablissement+wellness+Breuilh%2BFrance/,traité (2026-08-22 16:37)
https://www.google.com/maps/search/etablissement+wellness+Breuillet%2BFrance/,traité (2026-08-22 16:38)
https://www.google.com/maps/search/etablissement+wellness+Breuillet%2BFrance/,traité (2026-08-22 16:38)
https://www.google.com/maps/search/etablissement+wellness+Breuilpont%2BFrance/,traité (2026-08-22 16:38)
https://www.google.com/maps/search/etablissement+wellness+Breurey-lès-Faverney%2BFrance/,traité (2026-08-22 16:38)
https://www.google.com/maps/search/etablissement+wellness+Breuschwickersheim%2BFrance/,traité (2026-08-22 16:38)
https://www.google.com/maps/search/etablissement+wellness+Breuvannes-en-Bassigny%2BFrance/,traité (2026-08-22 16:40)
https://www.google.com/maps/search/etablissement+wellness+Breuvery-sur-Coole%2BFrance/,traité (2026-08-22 16:40)
https://www.google.com/maps/search/etablissement+wellness+Breuville%2BFrance/,traité (2026-08-22 16:40)
https://www.google.com/maps/search/etablissement+wellness+Breux%2BFrance/,traité (2026-08-22 16:40)
https://www.google.com/maps/search/etablissement+wellness+Breux-Jouy%2BFrance/,traité (2026-08-22 16:40)
https://www.google.com/maps/search/etablissement+wellness+Breux-sur-Avre%2BFrance/,traité (2026-08-22 16:40)
https://www.google.com/maps/search/etablissement+wellness+Brévainville%2BFrance/,traité (2026-08-22 16:40)
https://www.google.com/maps/search/etablissement+wellness+Bréval%2BFrance/,traité (2026-08-22 16:40)
https://www.google.com/maps/search/etablissement+wellness+Brévands%2BFrance/,traité (2026-08-22 16:41)
https://www.google.com/maps/search/etablissement+wellness+Brevans%2BFrance/,traité (2026-08-22 16:41)
https://www.google.com/maps/search/etablissement+wellness+Le Brévedent%2BFrance/,traité (2026-08-22 16:41)
https://www.google.com/maps/search/etablissement+wellness+Brèves%2BFrance/,traité (2026-08-22 16:42)
https://www.google.com/maps/search/etablissement+wellness+Les Bréviaires%2BFrance/,traité (2026-08-22 16:44)
https://www.google.com/maps/search/etablissement+wellness+Bréviandes%2BFrance/,traité (2026-08-22 16:44)
https://www.google.com/maps/search/etablissement+wellness+Bréville%2BFrance/,traité (2026-08-22 16:44)
https://www.google.com/maps/search/etablissement+wellness+Bréville-les-Monts%2BFrance/,traité (2026-08-22 16:44)
https://www.google.com/maps/search/etablissement+wellness+Bréville-sur-Mer%2BFrance/,traité (2026-08-22 16:44)
https://www.google.com/maps/search/etablissement+wellness+Brévillers%2BFrance/,traité (2026-08-22 16:44)
https://www.google.com/maps/search/etablissement+wellness+Brévillers%2BFrance/,traité (2026-08-22 16:44)
https://www.google.com/maps/search/etablissement+wellness+Brevilliers%2BFrance/,traité (2026-08-22 16:45)
https://www.google.com/maps/search/etablissement+wellness+Brévilly%2BFrance/,traité (2026-08-22 16:45)
https://www.google.com/maps/search/etablissement+wellness+Brévonnes%2BFrance/,traité (2026-08-22 16:45)
https://www.google.com/maps/search/etablissement+wellness+Bréxent-Énocq%2BFrance/,traité (2026-08-22 16:45)
https://www.google.com/maps/search/etablissement+wellness+Brey-et-Maison-du-Bois%2BFrance/,traité (2026-08-22 16:46)
https://www.google.com/maps/search/etablissement+wellness+Brézé%2BFrance/,traité (2026-08-22 16:48)
https://www.google.com/maps/search/etablissement+wellness+Bréziers%2BFrance/,traité (2026-08-22 16:48)
https://www.google.com/maps/search/etablissement+wellness+Brézilhac%2BFrance/,traité (2026-08-22 16:48)
https://www.google.com/maps/search/etablissement+wellness+Brézins%2BFrance/,traité (2026-08-22 16:48)
https://www.google.com/maps/search/etablissement+wellness+Brezolles%2BFrance/,traité (2026-08-22 16:48)
https://www.google.com/maps/search/etablissement+wellness+Brezons%2BFrance/,traité (2026-08-22 16:48)
https://www.google.com/maps/search/etablissement+wellness+Briançon%2BFrance/,traité (2026-08-22 16:48)
https://www.google.com/maps/search/etablissement+wellness+Briançonnet%2BFrance/,traité (2026-08-22 16:49)
https://www.google.com/maps/search/etablissement+wellness+Brianny%2BFrance/,traité (2026-08-22 16:49)
https://www.google.com/maps/search/etablissement+wellness+Briant%2BFrance/,traité (2026-08-22 16:49)
https://www.google.com/maps/search/etablissement+wellness+Briantes%2BFrance/,traité (2026-08-22 16:50)
https://www.google.com/maps/search/etablissement+wellness+Briare%2BFrance/,traité (2026-08-22 16:52)
https://www.google.com/maps/search/etablissement+wellness+Briarres-sur-Essonne%2BFrance/,traité (2026-08-22 16:52)
https://www.google.com/maps/search/etablissement+wellness+Brias%2BFrance/,traité (2026-08-22 16:52)
https://www.google.com/maps/search/etablissement+wellness+Briastre%2BFrance/,traité (2026-08-22 16:52)
https://www.google.com/maps/search/etablissement+wellness+Briatexte%2BFrance/,traité (2026-08-22 16:52)
https://www.google.com/maps/search/etablissement+wellness+Briaucourt%2BFrance/,traité (2026-08-22 16:53)
https://www.google.com/maps/search/etablissement+wellness+Briaucourt%2BFrance/,traité (2026-08-22 16:53)
https://www.google.com/maps/search/etablissement+wellness+Bricon%2BFrance/,traité (2026-08-22 16:53)
https://www.google.com/maps/search/etablissement+wellness+Briconville%2BFrance/,traité (2026-08-22 16:54)
https://www.google.com/maps/search/etablissement+wellness+Bricquebec-en-Cotentin%2BFrance/,traité (2026-08-22 16:54)
https://www.google.com/maps/search/etablissement+wellness+Bricquebosq%2BFrance/,traité (2026-08-22 16:56)
https://www.google.com/maps/search/etablissement+wellness+Bricqueville%2BFrance/,traité (2026-08-22 16:56)
https://www.google.com/maps/search/etablissement+wellness+Bricqueville-la-Blouette%2BFrance/,traité (2026-08-22 16:56)
https://www.google.com/maps/search/etablissement+wellness+Bricqueville-sur-Mer%2BFrance/,traité (2026-08-22 16:56)
https://www.google.com/maps/search/etablissement+wellness+Bricy%2BFrance/,traité (2026-08-22 16:56)
https://www.google.com/maps/search/etablissement+wellness+Brides-les-Bains%2BFrance/,traité (2026-08-22 16:56)
https://www.google.com/maps/search/etablissement+wellness+La Bridoire%2BFrance/,traité (2026-08-22 16:56)
https://www.google.com/maps/search/etablissement+wellness+Bridoré%2BFrance/,traité (2026-08-22 16:57)
https://www.google.com/maps/search/etablissement+wellness+Brie%2BFrance/,traité (2026-08-22 17:00)
https://www.google.com/maps/search/etablissement+wellness+Brie%2BFrance/,traité (2026-08-22 17:00)
https://www.google.com/maps/search/etablissement+wellness+Brie%2BFrance/,traité (2026-08-22 17:00)
https://www.google.com/maps/search/etablissement+wellness+Brie%2BFrance/,traité (2026-08-22 17:00)
https://www.google.com/maps/search/etablissement+wellness+Brie%2BFrance/,traité (2026-08-22 17:00)
https://www.google.com/maps/search/etablissement+wellness+Brie%2BFrance/,traité (2026-08-22 17:00)
https://www.google.com/maps/search/etablissement+wellness+Brie-Comte-Robert%2BFrance/,traité (2026-08-22 17:00)
https://www.google.com/maps/search/etablissement+wellness+Brié-et-Angonnes%2BFrance/,traité (2026-08-22 17:00)
https://www.google.com/maps/search/etablissement+wellness+Brie-sous-Archiac%2BFrance/,traité (2026-08-22 17:00)
https://www.google.com/maps/search/etablissement+wellness+Brie-sous-Barbezieux%2BFrance/,traité (2026-08-22 17:00)
https://www.google.com/maps/search/etablissement+wellness+Brie-sous-Chalais%2BFrance/,traité (2026-08-22 17:01)
https://www.google.com/maps/search/etablissement+wellness+Brie-sous-Matha%2BFrance/,traité (2026-08-22 17:01)
https://www.google.com/maps/search/etablissement+wellness+Brie-sous-Mortagne%2BFrance/,traité (2026-08-22 17:03)
https://www.google.com/maps/search/etablissement+wellness+Briec%2BFrance/,traité (2026-08-22 17:03)
https://www.google.com/maps/search/etablissement+wellness+Briel-sur-Barse%2BFrance/,traité (2026-08-22 17:03)
https://www.google.com/maps/search/etablissement+wellness+Brielles%2BFrance/,traité (2026-08-22 17:03)
https://www.google.com/maps/search/etablissement+wellness+Brienne%2BFrance/,traité (2026-08-22 17:03)
https://www.google.com/maps/search/etablissement+wellness+Brienne-la-Vieille%2BFrance/,traité (2026-08-22 17:03)
https://www.google.com/maps/search/etablissement+wellness+Brienne-le-Château%2BFrance/,traité (2026-08-22 17:03)
https://www.google.com/maps/search/etablissement+wellness+Brienne-sur-Aisne%2BFrance/,traité (2026-08-22 17:04)
https://www.google.com/maps/search/etablissement+wellness+Briennon%2BFrance/,traité (2026-08-22 17:04)
https://www.google.com/maps/search/etablissement+wellness+Brienon-sur-Armançon%2BFrance/,traité (2026-08-22 17:04)
https://www.google.com/maps/search/etablissement+wellness+Brières-les-Scellés%2BFrance/,traité (2026-08-22 17:06)
https://www.google.com/maps/search/etablissement+wellness+Brieuil-sur-Chizé%2BFrance/,traité (2026-08-22 17:06)
https://www.google.com/maps/search/etablissement+wellness+Brieulles-sur-Bar%2BFrance/,traité (2026-08-22 17:06)
https://www.google.com/maps/search/etablissement+wellness+Brieulles-sur-Meuse%2BFrance/,traité (2026-08-22 17:06)
https://www.google.com/maps/search/etablissement+wellness+Brieux%2BFrance/,traité (2026-08-22 17:06)
https://www.google.com/maps/search/etablissement+wellness+Briffons%2BFrance/,traité (2026-08-22 17:07)
https://www.google.com/maps/search/etablissement+wellness+Brignac%2BFrance/,traité (2026-08-22 17:08)
https://www.google.com/maps/search/etablissement+wellness+Brignac%2BFrance/,traité (2026-08-22 17:08)
https://www.google.com/maps/search/etablissement+wellness+Brignac-la-Plaine%2BFrance/,traité (2026-08-22 17:08)
https://www.google.com/maps/search/etablissement+wellness+Brignais%2BFrance/,traité (2026-08-22 17:08)
https://www.google.com/maps/search/etablissement+wellness+Brignancourt%2BFrance/,traité (2026-08-22 17:11)
https://www.google.com/maps/search/etablissement+wellness+Brigné%2BFrance/,traité (2026-08-22 17:11)
https://www.google.com/maps/search/etablissement+wellness+Brignemont%2BFrance/,traité (2026-08-22 17:11)
https://www.google.com/maps/search/etablissement+wellness+Brignoles%2BFrance/,traité (2026-08-22 17:11)
https://www.google.com/maps/search/etablissement+wellness+Brignon%2BFrance/,traité (2026-08-22 17:11)
https://www.google.com/maps/search/etablissement+wellness+Le Brignon%2BFrance/,traité (2026-08-22 17:11)
https://www.google.com/maps/search/etablissement+wellness+La Brigue%2BFrance/,traité (2026-08-22 17:11)
https://www.google.com/maps/search/etablissement+wellness+Brigueil-le-Chantre%2BFrance/,traité (2026-08-22 17:11)
https://www.google.com/maps/search/etablissement+wellness+Brigueuil%2BFrance/,traité (2026-08-22 17:12)
https://www.google.com/maps/search/etablissement+wellness+Briis-sous-Forges%2BFrance/,traité (2026-08-22 17:12)
https://www.google.com/maps/search/etablissement+wellness+Brillac%2BFrance/,traité (2026-08-22 17:14)
https://www.google.com/maps/search/etablissement+wellness+La Brillanne%2BFrance/,traité (2026-08-22 17:14)
https://www.google.com/maps/search/etablissement+wellness+Brillecourt%2BFrance/,traité (2026-08-22 17:14)
https://www.google.com/maps/search/etablissement+wellness+Brillevast%2BFrance/,traité (2026-08-22 17:14)
https://www.google.com/maps/search/etablissement+wellness+Brillon%2BFrance/,traité (2026-08-22 17:14)
https://www.google.com/maps/search/etablissement+wellness+Brillon-en-Barrois%2BFrance/,traité (2026-08-22 17:14)
https://www.google.com/maps/search/etablissement+wellness+Brimeux%2BFrance/,traité (2026-08-22 17:15)
https://www.google.com/maps/search/etablissement+wellness+Brimont%2BFrance/,traité (2026-08-22 17:15)
https://www.google.com/maps/search/etablissement+wellness+Brin-sur-Seille%2BFrance/,traité (2026-08-22 17:15)
https://www.google.com/maps/search/etablissement+wellness+Brinay%2BFrance/,traité (2026-08-22 17:18)
https://www.google.com/maps/search/etablissement+wellness+Brinay%2BFrance/,traité (2026-08-22 17:18)
https://www.google.com/maps/search/etablissement+wellness+Brinckheim%2BFrance/,traité (2026-08-22 17:18)
https://www.google.com/maps/search/etablissement+wellness+Brindas%2BFrance/,traité (2026-08-22 17:18)
https://www.google.com/maps/search/etablissement+wellness+Bringolo%2BFrance/,traité (2026-08-22 17:18)
https://www.google.com/maps/search/etablissement+wellness+Brinon-sur-Beuvron%2BFrance/,traité (2026-08-22 17:18)
https://www.google.com/maps/search/etablissement+wellness+Brinon-sur-Sauldre%2BFrance/,traité (2026-08-22 17:18)
https://www.google.com/maps/search/etablissement+wellness+Briod%2BFrance/,traité (2026-08-22 17:18)
https://www.google.com/maps/search/etablissement+wellness+Briollay%2BFrance/,traité (2026-08-22 17:18)
https://www.google.com/maps/search/etablissement+wellness+Brion%2BFrance/,traité (2026-08-22 17:21)
https://www.google.com/maps/search/etablissement+wellness+Brion%2BFrance/,traité (2026-08-22 17:21)
https://www.google.com/maps/search/etablissement+wellness+Brion%2BFrance/,traité (2026-08-22 17:21)
https://www.google.com/maps/search/etablissement+wellness+Brion%2BFrance/,traité (2026-08-22 17:21)
https://www.google.com/maps/search/etablissement+wellness+Brion%2BFrance/,traité (2026-08-22 17:21)
https://www.google.com/maps/search/etablissement+wellness+Brion%2BFrance/,traité (2026-08-22 17:21)
https://www.google.com/maps/search/etablissement+wellness+Brion%2BFrance/,traité (2026-08-22 17:21)
https://www.google.com/maps/search/etablissement+wellness+Brion-près-Thouet%2BFrance/,traité (2026-08-22 17:21)
https://www.google.com/maps/search/etablissement+wellness+Brion-sur-Ource%2BFrance/,traité (2026-08-22 17:21)
https://www.google.com/maps/search/etablissement+wellness+La Brionne%2BFrance/,traité (2026-08-22 17:22)
https://www.google.com/maps/search/etablissement+wellness+Brionne%2BFrance/,traité (2026-08-22 17:22)
https://www.google.com/maps/search/etablissement+wellness+Briord%2BFrance/,traité (2026-08-22 17:22)
https://www.google.com/maps/search/etablissement+wellness+Briosne-lès-Sables%2BFrance/,traité (2026-08-22 17:24)
https://www.google.com/maps/search/etablissement+wellness+Briot%2BFrance/,traité (2026-08-22 17:25)
https://www.google.com/maps/search/etablissement+wellness+Briou%2BFrance/,traité (2026-08-22 17:25)
https://www.google.com/maps/search/etablissement+wellness+Brioude%2BFrance/,traité (2026-08-22 17:25)
https://www.google.com/maps/search/etablissement+wellness+Brioux-sur-Boutonne%2BFrance/,traité (2026-08-22 17:25)
https://www.google.com/maps/search/etablissement+wellness+Briouze%2BFrance/,traité (2026-08-22 17:25)
https://www.google.com/maps/search/etablissement+wellness+Briquemesnil-Floxicourt%2BFrance/,traité (2026-08-22 17:25)
https://www.google.com/maps/search/etablissement+wellness+Briquenay%2BFrance/,traité (2026-08-22 17:25)
https://www.google.com/maps/search/etablissement+wellness+Briscous%2BFrance/,
https://www.google.com/maps/search/etablissement+wellness+Brison-Saint-Innocent%2BFrance/,
https://www.google.com/maps/search/etablissement+wellness+Brissac%2BFrance/,
https://www.google.com/maps/search/etablissement+wellness+Brissac Loire Aubance%2BFrance/,
https://www.google.com/maps/search/etablissement+wellness+Brissarthe%2BFrance/,
https://www.google.com/maps/search/etablissement+wellness+Brissay-Choigny%2BFrance/,
https://www.google.com/maps/search/etablissement+wellness+Brissy-Hamégicourt%2BFrance/,
https://www.google.com/maps/search/etablissement+wellness+Brive-la-Gaillarde%2BFrance/,
https://www.google.com/maps/search/etablissement+wellness+Brives%2BFrance/,
https://www.google.com/maps/search/etablissement+wellness+Brives-Charensac%2BFrance/,
https://www.google.com/maps/search/etablissement+wellness+Brives-sur-Charente%2BFrance/,
https://www.google.com/maps/search/etablissement+wellness+Brivezac%2BFrance/,
https://www.google.com/maps/search/etablissement+wellness+Brix%2BFrance/,
https://www.google.com/maps/search/etablissement+wellness+Brixey-aux-Chanoines%2BFrance/,
https://www.google.com/maps/search/etablissement+wellness+Brizambourg%2BFrance/,
https://www.google.com/maps/search/etablissement+wellness+Brizay%2BFrance/,
https://www.google.com/maps/search/etablissement+wellness+Brizeaux%2BFrance/,
https://www.google.com/maps/search/etablissement+wellness+Brizon%2BFrance/,
https://www.google.com/maps/search/etablissement+wellness+Le Broc%2BFrance/,
https://www.google.com/maps/search/etablissement+wellness+Broc%2BFrance/,
https://www.google.com/maps/search/etablissement+wellness+Le Broc%2BFrance/,
https://www.google.com/maps/search/etablissement+wellness+Brocas%2BFrance/,
https://www.google.com/maps/search/etablissement+wellness+Brochon%2BFrance/,
https://www.google.com/maps/search/etablissement+wellness+Brocourt%2BFrance/,
https://www.google.com/maps/search/etablissement+wellness+Brocourt-en-Argonne%2BFrance/,
https://www.google.com/maps/search/etablissement+wellness+Broglie%2BFrance/,
https://www.google.com/maps/search/etablissement+wellness+Brognard%2BFrance/,
https://www.google.com/maps/search/etablissement+wellness+Brognon%2BFrance/,
https://www.google.com/maps/search/etablissement+wellness+Brognon%2BFrance/,
https://www.google.com/maps/search/etablissement+wellness+Broin%2BFrance/,
https://www.google.com/maps/search/etablissement+wellness+Broindon%2BFrance/,
https://www.google.com/maps/search/etablissement+wellness+Broissia%2BFrance/,
https://www.google.com/maps/search/etablissement+wellness+Brombos%2BFrance/,
https://www.google.com/maps/search/etablissement+wellness+Bromeilles%2BFrance/,
https://www.google.com/maps/search/etablissement+wellness+Brommat%2BFrance/,
https://www.google.com/maps/search/etablissement+wellness+Bromont-Lamothe%2BFrance/,
https://www.google.com/maps/search/etablissement+wellness+Bron%2BFrance/,
https://www.google.com/maps/search/etablissement+wellness+Bronvaux%2BFrance/,
https://www.google.com/maps/search/etablissement+wellness+Broons%2BFrance/,
https://www.google.com/maps/search/etablissement+wellness+La Broque%2BFrance/,
https://www.google.com/maps/search/etablissement+wellness+Broquiers%2BFrance/,
https://www.google.com/maps/search/etablissement+wellness+Broquiès%2BFrance/,
https://www.google.com/maps/search/etablissement+wellness+Brossac%2BFrance/,
https://www.google.com/maps/search/etablissement+wellness+Brossainc%2BFrance/,
https://www.google.com/maps/search/etablissement+wellness+Brossay%2BFrance/,
https://www.google.com/maps/search/etablissement+wellness+La Brosse-Montceaux%2BFrance/,
https://www.google.com/maps/search/etablissement+wellness+Brosses%2BFrance/,
https://www.google.com/maps/search/etablissement+wellness+Brosville%2BFrance/,
https://www.google.com/maps/search/etablissement+wellness+Brotte-lès-Luxeuil%2BFrance/,
https://www.google.com/maps/search/etablissement+wellness+Brotte-lès-Ray%2BFrance/,
https://www.google.com/maps/search/etablissement+wellness+Brou%2BFrance/,
https://www.google.com/maps/search/etablissement+wellness+Brou-sur-Chantereine%2BFrance/,
https://www.google.com/maps/search/etablissement+wellness+Brouains%2BFrance/,
https://www.google.com/maps/search/etablissement+wellness+Broualan%2BFrance/,
https://www.google.com/maps/search/etablissement+wellness+Brouay%2BFrance/,
https://www.google.com/maps/search/etablissement+wellness+Brouchaud%2BFrance/,
https://www.google.com/maps/search/etablissement+wellness+Brouchy%2BFrance/,
https://www.google.com/maps/search/etablissement+wellness+Brouck%2BFrance/,
https://www.google.com/maps/search/etablissement+wellness+Brouckerque%2BFrance/,
https://www.google.com/maps/search/etablissement+wellness+Brouderdorff%2BFrance/,
https://www.google.com/maps/search/etablissement+wellness+Broué%2BFrance/,
https://www.google.com/maps/search/etablissement+wellness+Brouennes%2BFrance/,
https://www.google.com/maps/search/etablissement+wellness+Le Brouilh-Monbert%2BFrance/,
https://www.google.com/maps/search/etablissement+wellness+Brouilla%2BFrance/,
https://www.google.com/maps/search/etablissement+wellness+Brouillet%2BFrance/,
https://www.google.com/maps/search/etablissement+wellness+Brouqueyran%2BFrance/,
https://www.google.com/maps/search/etablissement+wellness+La Brousse%2BFrance/,
https://www.google.com/maps/search/etablissement+wellness+Brousse%2BFrance/,
https://www.google.com/maps/search/etablissement+wellness+Brousse%2BFrance/,
https://www.google.com/maps/search/etablissement+wellness+Brousse%2BFrance/,
https://www.google.com/maps/search/etablissement+wellness+Brousse-le-Château%2BFrance/,
https://www.google.com/maps/search/etablissement+wellness+Brousses-et-Villaret%2BFrance/,
https://www.google.com/maps/search/etablissement+wellness+Brousseval%2BFrance/,
https://www.google.com/maps/search/etablissement+wellness+Broussey-en-Blois%2BFrance/,
https://www.google.com/maps/search/etablissement+wellness+Broussey-Raulecourt%2BFrance/,
https://www.google.com/maps/search/etablissement+wellness+Broussy-le-Grand%2BFrance/,
https://www.google.com/maps/search/etablissement+wellness+Broussy-le-Petit%2BFrance/,
https://www.google.com/maps/search/etablissement+wellness+Broût-Vernet%2BFrance/,
https://www.google.com/maps/search/etablissement+wellness+Brouvelieures%2BFrance/,
https://www.google.com/maps/search/etablissement+wellness+Brouville%2BFrance/,
https://www.google.com/maps/search/etablissement+wellness+Brouviller%2BFrance/,
https://www.google.com/maps/search/etablissement+wellness+Brouy%2BFrance/,
https://www.google.com/maps/search/etablissement+wellness+Brouzet-lès-Alès%2BFrance/,
https://www.google.com/maps/search/etablissement+wellness+Brouzet-lès-Quissac%2BFrance/,
https://www.google.com/maps/search/etablissement+wellness+Les Brouzils%2BFrance/,
https://www.google.com/maps/search/etablissement+wellness+Broxeele%2BFrance/,
https://www.google.com/maps/search/etablissement+wellness+Broye%2BFrance/,
https://www.google.com/maps/search/etablissement+wellness+Broye-Aubigney-Montseugny%2BFrance/,
https://www.google.com/maps/search/etablissement+wellness+Broye-les-Loups-et-Verfontaine%2BFrance/,
https://www.google.com/maps/search/etablissement+wellness+Broyes%2BFrance/,
https://www.google.com/maps/search/etablissement+wellness+Broyes%2BFrance/,
https://www.google.com/maps/search/etablissement+wellness+Broze%2BFrance/,
https://www.google.com/maps/search/etablissement+wellness+Brû%2BFrance/,
https://www.google.com/maps/search/etablissement+wellness+Bruailles%2BFrance/,
https://www.google.com/maps/search/etablissement+wellness+Bruay-la-Buissière%2BFrance/,
https://www.google.com/maps/search/etablissement+wellness+Bruay-sur-l'Escaut%2BFrance/,
https://www.google.com/maps/search/etablissement+wellness+Bruc-sur-Aff%2BFrance/,
https://www.google.com/maps/search/etablissement+wellness+Brucamps%2BFrance/,
https://www.google.com/maps/search/etablissement+wellness+Bruch%2BFrance/,
https://www.google.com/maps/search/etablissement+wellness+Brucheville%2BFrance/,
https://www.google.com/maps/search/etablissement+wellness+Brucourt%2BFrance/,
https://www.google.com/maps/search/etablissement+wellness+Brue-Auriac%2BFrance/,
https://www.google.com/maps/search/etablissement+wellness+Bruebach%2BFrance/,
https://www.google.com/maps/search/etablissement+wellness+Brueil-en-Vexin%2BFrance/,
https://www.google.com/maps/search/etablissement+wellness+Bruère-Allichamps%2BFrance/,
https://www.google.com/maps/search/etablissement+wellness+La Bruère-sur-Loir%2BFrance/,
https://www.google.com/maps/search/etablissement+wellness+La Bruffière%2BFrance/,
https://www.google.com/maps/search/etablissement+wellness+Brugairolles%2BFrance/,
https://www.google.com/maps/search/etablissement+wellness+Le Brugeron%2BFrance/,
https://www.google.com/maps/search/etablissement+wellness+Bruges%2BFrance/,
https://www.google.com/maps/search/etablissement+wellness+Bruges-Capbis-Mifaget%2BFrance/,
https://www.google.com/maps/search/etablissement+wellness+Brugheas%2BFrance/,
https://www.google.com/maps/search/etablissement+wellness+Brugnac%2BFrance/,
https://www.google.com/maps/search/etablissement+wellness+Brugnens%2BFrance/,
https://www.google.com/maps/search/etablissement+wellness+Brugny-Vaudancourt%2BFrance/,
https://www.google.com/maps/search/etablissement+wellness+La Bruguière%2BFrance/,
https://www.google.com/maps/search/etablissement+wellness+Bruguières%2BFrance/,
https://www.google.com/maps/search/etablissement+wellness+Bruille-lez-Marchiennes%2BFrance/,
https://www.google.com/maps/search/etablissement+wellness+Bruille-Saint-Amand%2BFrance/,
https://www.google.com/maps/search/etablissement+wellness+Brûlain%2BFrance/,
https://www.google.com/maps/search/etablissement+wellness+Les Brulais%2BFrance/,
https://www.google.com/maps/search/etablissement+wellness+Brulange%2BFrance/,
https://www.google.com/maps/search/etablissement+wellness+La Brûlatte%2BFrance/,
https://www.google.com/maps/search/etablissement+wellness+Bruley%2BFrance/,
https://www.google.com/maps/search/etablissement+wellness+Brullemail%2BFrance/,
https://www.google.com/maps/search/etablissement+wellness+Brullioles%2BFrance/,
https://www.google.com/maps/search/etablissement+wellness+Brûlon%2BFrance/,
https://www.google.com/maps/search/etablissement+wellness+Brumath%2BFrance/,
https://www.google.com/maps/search/etablissement+wellness+Brumetz%2BFrance/,
https://www.google.com/maps/search/etablissement+wellness+Brunehamel%2BFrance/,
https://www.google.com/maps/search/etablissement+wellness+Brunelles%2BFrance/,
https://www.google.com/maps/search/etablissement+wellness+Les Brunels%2BFrance/,
https://www.google.com/maps/search/etablissement+wellness+Brunembert%2BFrance/,
https://www.google.com/maps/search/etablissement+wellness+Brunémont%2BFrance/,
https://www.google.com/maps/search/etablissement+wellness+Brunet%2BFrance/,
https://www.google.com/maps/search/etablissement+wellness+Bruniquel%2BFrance/,
https://www.google.com/maps/search/etablissement+wellness+Brunoy%2BFrance/,
https://www.google.com/maps/search/etablissement+wellness+Brunstatt-Didenheim%2BFrance/,
https://www.google.com/maps/search/etablissement+wellness+Brunvillers-la-Motte%2BFrance/,
https://www.google.com/maps/search/etablissement+wellness+Brusque%2BFrance/,
https://www.google.com/maps/search/etablissement+wellness+Le Brusquet%2BFrance/,
https://www.google.com/maps/search/etablissement+wellness+Brussey%2BFrance/,
https://www.google.com/maps/search/etablissement+wellness+Brussieu%2BFrance/,
https://www.google.com/maps/search/etablissement+wellness+Brusson%2BFrance/,
https://www.google.com/maps/search/etablissement+wellness+Brusvily%2BFrance/,
https://www.google.com/maps/search/etablissement+wellness+Brutelles%2BFrance/,
https://www.google.com/maps/search/etablissement+wellness+Bruville%2BFrance/,
https://www.google.com/maps/search/etablissement+wellness+Brux%2BFrance/,
https://www.google.com/maps/search/etablissement+wellness+La Bruyère%2BFrance/,
https://www.google.com/maps/search/etablissement+wellness+Bruyères%2BFrance/,
https://www.google.com/maps/search/etablissement+wellness+Bruyères-et-Montbérault%2BFrance/,
https://www.google.com/maps/search/etablissement+wellness+Bruyères-le-Châtel%2BFrance/,
https://www.google.com/maps/search/etablissement+wellness+Bruyères-sur-Fère%2BFrance/,
https://www.google.com/maps/search/etablissement+wellness+Bruyères-sur-Oise%2BFrance/,
https://www.google.com/maps/search/etablissement+wellness+Bruys%2BFrance/,
https://www.google.com/maps/search/etablissement+wellness+Bruz%2BFrance/,
https://www.google.com/maps/search/etablissement+wellness+Bry%2BFrance/,
https://www.google.com/maps/search/etablissement+wellness+Bry-sur-Marne%2BFrance/,
https://www.google.com/maps/search/etablissement+wellness+Bû%2BFrance/,
https://www.google.com/maps/search/etablissement+wellness+Le Bû-sur-Rouvres%2BFrance/,
https://www.google.com/maps/search/etablissement+wellness+Buais-Les-Monts%2BFrance/,
https://www.google.com/maps/search/etablissement+wellness+Buanes%2BFrance/,
https://www.google.com/maps/search/etablissement+wellness+Bubry%2BFrance/,
https://www.google.com/maps/search/etablissement+wellness+Buc%2BFrance/,
https://www.google.com/maps/search/etablissement+wellness+Buc%2BFrance/,
https://www.google.com/maps/search/etablissement+wellness+Bucamps%2BFrance/,
https://www.google.com/maps/search/etablissement+wellness+Bucéels%2BFrance/,
https://www.google.com/maps/search/etablissement+wellness+Bucey-en-Othe%2BFrance/,
https://www.google.com/maps/search/etablissement+wellness+Bucey-lès-Gy%2BFrance/,
https://www.google.com/maps/search/etablissement+wellness+Bucey-lès-Traves%2BFrance/,
https://www.google.com/maps/search/etablissement+wellness+Buchelay%2BFrance/,
https://www.google.com/maps/search/etablissement+wellness+Buchères%2BFrance/,
https://www.google.com/maps/search/etablissement+wellness+Buchy%2BFrance/,
https://www.google.com/maps/search/etablissement+wellness+Buchy%2BFrance/,
https://www.google.com/maps/search/etablissement+wellness+Bucilly%2BFrance/,
https://www.google.com/maps/search/etablissement+wellness+Bucquoy%2BFrance/,
https://www.google.com/maps/search/etablissement+wellness+Bucy-le-Long%2BFrance/,
https://www.google.com/maps/search/etablissement+wellness+Bucy-le-Roi%2BFrance/,
https://www.google.com/maps/search/etablissement+wellness+Bucy-lès-Cerny%2BFrance/,
https://www.google.com/maps/search/etablissement+wellness+Bucy-lès-Pierrepont%2BFrance/,
https://www.google.com/maps/search/etablissement+wellness+Bucy-Saint-Liphard%2BFrance/,
https://www.google.com/maps/search/etablissement+wellness+Budelière%2BFrance/,
https://www.google.com/maps/search/etablissement+wellness+Buding%2BFrance/,
https://www.google.com/maps/search/etablissement+wellness+Budling%2BFrance/,
https://www.google.com/maps/search/etablissement+wellness+Budos%2BFrance/,
https://www.google.com/maps/search/etablissement+wellness+Bué%2BFrance/,
https://www.google.com/maps/search/etablissement+wellness+Bueil%2BFrance/,
https://www.google.com/maps/search/etablissement+wellness+Bueil-en-Touraine%2BFrance/,
https://www.google.com/maps/search/etablissement+wellness+Buellas%2BFrance/,
https://www.google.com/maps/search/etablissement+wellness+Buethwiller%2BFrance/,
https://www.google.com/maps/search/etablissement+wellness+Buffard%2BFrance/,
https://www.google.com/maps/search/etablissement+wellness+Buffières%2BFrance/,
https://www.google.com/maps/search/etablissement+wellness+Buffignécourt%2BFrance/,
https://www.google.com/maps/search/etablissement+wellness+Buffon%2BFrance/,
https://www.google.com/maps/search/etablissement+wellness+Bugarach%2BFrance/,
https://www.google.com/maps/search/etablissement+wellness+Bugard%2BFrance/,
https://www.google.com/maps/search/etablissement+wellness+Bugeat%2BFrance/,
https://www.google.com/maps/search/etablissement+wellness+Bugnein%2BFrance/,
https://www.google.com/maps/search/etablissement+wellness+Bugnicourt%2BFrance/,
https://www.google.com/maps/search/etablissement+wellness+Bugnières%2BFrance/,
https://www.google.com/maps/search/etablissement+wellness+Bugny%2BFrance/,
https://www.google.com/maps/search/etablissement+wellness+Le Bugue%2BFrance/,
https://www.google.com/maps/search/etablissement+wellness+Buhl%2BFrance/,
https://www.google.com/maps/search/etablissement+wellness+Buhl%2BFrance/,
https://www.google.com/maps/search/etablissement+wellness+Buhl-Lorraine%2BFrance/,
https://www.google.com/maps/search/etablissement+wellness+Buhy%2BFrance/,
https://www.google.com/maps/search/etablissement+wellness+Buicourt%2BFrance/,
https://www.google.com/maps/search/etablissement+wellness+Buigny-l'Abbé%2BFrance/,
https://www.google.com/maps/search/etablissement+wellness+Buigny-lès-Gamaches%2BFrance/,
https://www.google.com/maps/search/etablissement+wellness+Buigny-Saint-Maclou%2BFrance/,
https://www.google.com/maps/search/etablissement+wellness+Buire%2BFrance/,
https://www.google.com/maps/search/etablissement+wellness+Buire-au-Bois%2BFrance/,
https://www.google.com/maps/search/etablissement+wellness+Buire-Courcelles%2BFrance/,
https://www.google.com/maps/search/etablissement+wellness+Buire-le-Sec%2BFrance/,
https://www.google.com/maps/search/etablissement+wellness+Buire-sur-l'Ancre%2BFrance/,
https://www.google.com/maps/search/etablissement+wellness+Buironfosse%2BFrance/,
https://www.google.com/maps/search/etablissement+wellness+Le Buis%2BFrance/,
https://www.google.com/maps/search/etablissement+wellness+Buis-les-Baronnies%2BFrance/,
https://www.google.com/maps/search/etablissement+wellness+Buis-sur-Damville%2BFrance/,
https://www.google.com/maps/search/etablissement+wellness+Buissard%2BFrance/,
https://www.google.com/maps/search/etablissement+wellness+La Buisse%2BFrance/,
https://www.google.com/maps/search/etablissement+wellness+La Buissière%2BFrance/,
https://www.google.com/maps/search/etablissement+wellness+Le Buisson%2BFrance/,
https://www.google.com/maps/search/etablissement+wellness+Le Buisson%2BFrance/,
https://www.google.com/maps/search/etablissement+wellness+Buisson%2BFrance/,
https://www.google.com/maps/search/etablissement+wellness+Le Buisson-de-Cadouin%2BFrance/,
https://www.google.com/maps/search/etablissement+wellness+Buissoncourt%2BFrance/,
https://www.google.com/maps/search/etablissement+wellness+Buissy%2BFrance/,
https://www.google.com/maps/search/etablissement+wellness+Bujaleuf%2BFrance/,
https://www.google.com/maps/search/etablissement+wellness+Bulan%2BFrance/,
https://www.google.com/maps/search/etablissement+wellness+Bulat-Pestivien%2BFrance/,
https://www.google.com/maps/search/etablissement+wellness+Bulcy%2BFrance/,
https://www.google.com/maps/search/etablissement+wellness+Buléon%2BFrance/,
https://www.google.com/maps/search/etablissement+wellness+Bulgnéville%2BFrance/,
https://www.google.com/maps/search/etablissement+wellness+Bulhon%2BFrance/,
https://www.google.com/maps/search/etablissement+wellness+Bullainville%2BFrance/,
https://www.google.com/maps/search/etablissement+wellness+Bulle%2BFrance/,
https://www.google.com/maps/search/etablissement+wellness+Bullecourt%2BFrance/,
https://www.google.com/maps/search/etablissement+wellness+Bulles%2BFrance/,
https://www.google.com/maps/search/etablissement+wellness+Bulligny%2BFrance/,
https://www.google.com/maps/search/etablissement+wellness+Bullion%2BFrance/,
https://www.google.com/maps/search/etablissement+wellness+Bullou%2BFrance/,
https://www.google.com/maps/search/etablissement+wellness+Bully%2BFrance/,
https://www.google.com/maps/search/etablissement+wellness+Bully%2BFrance/,
https://www.google.com/maps/search/etablissement+wellness+Bully%2BFrance/,
https://www.google.com/maps/search/etablissement+wellness+Bully-les-Mines%2BFrance/,
https://www.google.com/maps/search/etablissement+wellness+Bulson%2BFrance/,
https://www.google.com/maps/search/etablissement+wellness+Bult%2BFrance/,
https://www.google.com/maps/search/etablissement+wellness+Bun%2BFrance/,
https://www.google.com/maps/search/etablissement+wellness+Buncey%2BFrance/,
https://www.google.com/maps/search/etablissement+wellness+Buneville%2BFrance/,
https://www.google.com/maps/search/etablissement+wellness+Buno-Bonnevaux%2BFrance/,
https://www.google.com/maps/search/etablissement+wellness+Bunus%2BFrance/,
https://www.google.com/maps/search/etablissement+wellness+Bunzac%2BFrance/,
https://www.google.com/maps/search/etablissement+wellness+Buoux%2BFrance/,
https://www.google.com/maps/search/etablissement+wellness+Burbach%2BFrance/,
https://www.google.com/maps/search/etablissement+wellness+La Burbanche%2BFrance/,
https://www.google.com/maps/search/etablissement+wellness+Burbure%2BFrance/,
https://www.google.com/maps/search/etablissement+wellness+Burcin%2BFrance/,
https://www.google.com/maps/search/etablissement+wellness+Burcy%2BFrance/,
https://www.google.com/maps/search/etablissement+wellness+Burdignes%2BFrance/,
https://www.google.com/maps/search/etablissement+wellness+Burdignin%2BFrance/,
https://www.google.com/maps/search/etablissement+wellness+Bure%2BFrance/,
https://www.google.com/maps/search/etablissement+wellness+Buré%2BFrance/,
https://www.google.com/maps/search/etablissement+wellness+Bure-les-Templiers%2BFrance/,
https://www.google.com/maps/search/etablissement+wellness+Burelles%2BFrance/,
https://www.google.com/maps/search/etablissement+wellness+Bures%2BFrance/,
https://www.google.com/maps/search/etablissement+wellness+Bures%2BFrance/,
https://www.google.com/maps/search/etablissement+wellness+Bures-en-Bray%2BFrance/,
https://www.google.com/maps/search/etablissement+wellness+Bures-sur-Yvette%2BFrance/,
https://www.google.com/maps/search/etablissement+wellness+Le Buret%2BFrance/,
https://www.google.com/maps/search/etablissement+wellness+Burey%2BFrance/,
https://www.google.com/maps/search/etablissement+wellness+Burey-en-Vaux%2BFrance/,
https://www.google.com/maps/search/etablissement+wellness+Burey-la-Côte%2BFrance/,
https://www.google.com/maps/search/etablissement+wellness+Burg%2BFrance/,
https://www.google.com/maps/search/etablissement+wellness+Burgalays%2BFrance/,
https://www.google.com/maps/search/etablissement+wellness+Burgaronne%2BFrance/,
https://www.google.com/maps/search/etablissement+wellness+Le Burgaud%2BFrance/,
https://www.google.com/maps/search/etablissement+wellness+Burgille%2BFrance/,
https://www.google.com/maps/search/etablissement+wellness+Burgnac%2BFrance/,
https://www.google.com/maps/search/etablissement+wellness+Burgy%2BFrance/,
https://www.google.com/maps/search/etablissement+wellness+Burie%2BFrance/,
https://www.google.com/maps/search/etablissement+wellness+Buriville%2BFrance/,
https://www.google.com/maps/search/etablissement+wellness+Burlats%2BFrance/,
https://www.google.com/maps/search/etablissement+wellness+Burlioncourt%2BFrance/,
https://www.google.com/maps/search/etablissement+wellness+Burnand%2BFrance/,
https://www.google.com/maps/search/etablissement+wellness+Burnevillers%2BFrance/,
https://www.google.com/maps/search/etablissement+wellness+Burnhaupt-le-Bas%2BFrance/,
https://www.google.com/maps/search/etablissement+wellness+Burnhaupt-le-Haut%2BFrance/,
https://www.google.com/maps/search/etablissement+wellness+Buros%2BFrance/,
https://www.google.com/maps/search/etablissement+wellness+Burosse-Mendousse%2BFrance/,
https://www.google.com/maps/search/etablissement+wellness+Burret%2BFrance/,
https://www.google.com/maps/search/etablissement+wellness+Bursard%2BFrance/,
https://www.google.com/maps/search/etablissement+wellness+Burthecourt-aux-Chênes%2BFrance/,
https://www.google.com/maps/search/etablissement+wellness+Burtoncourt%2BFrance/,
https://www.google.com/maps/search/etablissement+wellness+Bury%2BFrance/,
https://www.google.com/maps/search/etablissement+wellness+Burzet%2BFrance/,
https://www.google.com/maps/search/etablissement+wellness+Burzy%2BFrance/,
https://www.google.com/maps/search/etablissement+wellness+Bus%2BFrance/,
https://www.google.com/maps/search/etablissement+wellness+Bus-la-Mésière%2BFrance/,
https://www.google.com/maps/search/etablissement+wellness+Bus-lès-Artois%2BFrance/,
https://www.google.com/maps/search/etablissement+wellness+Buschwiller%2BFrance/,
https://www.google.com/maps/search/etablissement+wellness+Busigny%2BFrance/,
https://www.google.com/maps/search/etablissement+wellness+Busloup%2BFrance/,
https://www.google.com/maps/search/etablissement+wellness+Busnes%2BFrance/,
https://www.google.com/maps/search/etablissement+wellness+Busque%2BFrance/,
https://www.google.com/maps/search/etablissement+wellness+Bussac%2BFrance/,
https://www.google.com/maps/search/etablissement+wellness+Bussac-Forêt%2BFrance/,
https://www.google.com/maps/search/etablissement+wellness+Bussac-sur-Charente%2BFrance/,
https://www.google.com/maps/search/etablissement+wellness+Bussang%2BFrance/,
https://www.google.com/maps/search/etablissement+wellness+Le Busseau%2BFrance/,
https://www.google.com/maps/search/etablissement+wellness+Busseaut%2BFrance/,
https://www.google.com/maps/search/etablissement+wellness+Busséol%2BFrance/,
https://www.google.com/maps/search/etablissement+wellness+Busserolles%2BFrance/,
https://www.google.com/maps/search/etablissement+wellness+Busserotte-et-Montenaille%2BFrance/,
https://www.google.com/maps/search/etablissement+wellness+Busset%2BFrance/,
https://www.google.com/maps/search/etablissement+wellness+Bussiares%2BFrance/,
https://www.google.com/maps/search/etablissement+wellness+La Bussière%2BFrance/,
https://www.google.com/maps/search/etablissement+wellness+La Bussière%2BFrance/,
https://www.google.com/maps/search/etablissement+wellness+Bussière-Badil%2BFrance/,
https://www.google.com/maps/search/etablissement+wellness+Bussière-Dunoise%2BFrance/,
https://www.google.com/maps/search/etablissement+wellness+Bussière-Galant%2BFrance/,
https://www.google.com/maps/search/etablissement+wellness+Bussière-Nouvelle%2BFrance/,
https://www.google.com/maps/search/etablissement+wellness+Bussière-Poitevine%2BFrance/,
https://www.google.com/maps/search/etablissement+wellness+Bussière-Saint-Georges%2BFrance/,
https://www.google.com/maps/search/etablissement+wellness+La Bussière-sur-Ouche%2BFrance/,
https://www.google.com/maps/search/etablissement+wellness+Bussières%2BFrance/,
https://www.google.com/maps/search/etablissement+wellness+Bussières%2BFrance/,
https://www.google.com/maps/search/etablissement+wellness+Bussières%2BFrance/,
https://www.google.com/maps/search/etablissement+wellness+Bussières%2BFrance/,
https://www.google.com/maps/search/etablissement+wellness+Bussières%2BFrance/,
https://www.google.com/maps/search/etablissement+wellness+Bussières%2BFrance/,
https://www.google.com/maps/search/etablissement+wellness+Bussières%2BFrance/,
https://www.google.com/maps/search/etablissement+wellness+Bussières-et-Pruns%2BFrance/,
https://www.google.com/maps/search/etablissement+wellness+Busson%2BFrance/,
https://www.google.com/maps/search/etablissement+wellness+Bussu%2BFrance/,
https://www.google.com/maps/search/etablissement+wellness+Bussunarits-Sarrasquette%2BFrance/,
https://www.google.com/maps/search/etablissement+wellness+Bussus-Bussuel%2BFrance/,
https://www.google.com/maps/search/etablissement+wellness+Bussy%2BFrance/,
https://www.google.com/maps/search/etablissement+wellness+Bussy%2BFrance/,
https://www.google.com/maps/search/etablissement+wellness+Bussy-Albieux%2BFrance/,
https://www.google.com/maps/search/etablissement+wellness+Bussy-en-Othe%2BFrance/,
https://www.google.com/maps/search/etablissement+wellness+Bussy-la-Pesle%2BFrance/,
https://www.google.com/maps/search/etablissement+wellness+Bussy-la-Pesle%2BFrance/,
https://www.google.com/maps/search/etablissement+wellness+Bussy-le-Château%2BFrance/,
https://www.google.com/maps/search/etablissement+wellness+Bussy-le-Grand%2BFrance/,
https://www.google.com/maps/search/etablissement+wellness+Bussy-le-Repos%2BFrance/,
https://www.google.com/maps/search/etablissement+wellness+Bussy-le-Repos%2BFrance/,
https://www.google.com/maps/search/etablissement+wellness+Bussy-lès-Daours%2BFrance/,
https://www.google.com/maps/search/etablissement+wellness+Bussy-lès-Poix%2BFrance/,
https://www.google.com/maps/search/etablissement+wellness+Bussy-Lettrée%2BFrance/,
https://www.google.com/maps/search/etablissement+wellness+Bussy-Saint-Georges%2BFrance/,
https://www.google.com/maps/search/etablissement+wellness+Bussy-Saint-Martin%2BFrance/,
https://www.google.com/maps/search/etablissement+wellness+Bust%2BFrance/,
https://www.google.com/maps/search/etablissement+wellness+Bustanico%2BFrance/,
https://www.google.com/maps/search/etablissement+wellness+Bustince-Iriberry%2BFrance/,
https://www.google.com/maps/search/etablissement+wellness+Buswiller%2BFrance/,
https://www.google.com/maps/search/etablissement+wellness+Busy%2BFrance/,
https://www.google.com/maps/search/etablissement+wellness+Buthiers%2BFrance/,
https://www.google.com/maps/search/etablissement+wellness+Buthiers%2BFrance/,
https://www.google.com/maps/search/etablissement+wellness+Butot%2BFrance/,
https://www.google.com/maps/search/etablissement+wellness+Butot-Vénesville%2BFrance/,
https://www.google.com/maps/search/etablissement+wellness+Butry-sur-Oise%2BFrance/,
https://www.google.com/maps/search/etablissement+wellness+Butteaux%2BFrance/,
https://www.google.com/maps/search/etablissement+wellness+Butten%2BFrance/,
https://www.google.com/maps/search/etablissement+wellness+Buverchy%2BFrance/,
https://www.google.com/maps/search/etablissement+wellness+Buvilly%2BFrance/,
https://www.google.com/maps/search/etablissement+wellness+La Buxerette%2BFrance/,
https://www.google.com/maps/search/etablissement+wellness+Buxerolles%2BFrance/,
https://www.google.com/maps/search/etablissement+wellness+Buxerolles%2BFrance/,
https://www.google.com/maps/search/etablissement+wellness+Buxeuil%2BFrance/,
https://www.google.com/maps/search/etablissement+wellness+Buxeuil%2BFrance/,
https://www.google.com/maps/search/etablissement+wellness+Buxeuil%2BFrance/,
https://www.google.com/maps/search/etablissement+wellness+Buxières-d'Aillac%2BFrance/,
https://www.google.com/maps/search/etablissement+wellness+Buxières-lès-Clefmont%2BFrance/,
https://www.google.com/maps/search/etablissement+wellness+Buxières-les-Mines%2BFrance/,
https://www.google.com/maps/search/etablissement+wellness+Buxières-lès-Villiers%2BFrance/,
https://www.google.com/maps/search/etablissement+wellness+Buxières-sous-les-Côtes%2BFrance/,
https://www.google.com/maps/search/etablissement+wellness+Buxières-sous-Montaigut%2BFrance/,
https://www.google.com/maps/search/etablissement+wellness+Buxières-sur-Arce%2BFrance/,
https://www.google.com/maps/search/etablissement+wellness+Buxy%2BFrance/,
https://www.google.com/maps/search/etablissement+wellness+Buysscheure%2BFrance/,
https://www.google.com/maps/search/etablissement+wellness+Buzan%2BFrance/,
https://www.google.com/maps/search/etablissement+wellness+Buzançais%2BFrance/,
https://www.google.com/maps/search/etablissement+wellness+Buzancy%2BFrance/,
https://www.google.com/maps/search/etablissement+wellness+Buzancy%2BFrance/,
https://www.google.com/maps/search/etablissement+wellness+Buzet-sur-Baïse%2BFrance/,
https://www.google.com/maps/search/etablissement+wellness+Buzet-sur-Tarn%2BFrance/,
https://www.google.com/maps/search/etablissement+wellness+Buziet%2BFrance/,
https://www.google.com/maps/search/etablissement+wellness+Buzignargues%2BFrance/,
https://www.google.com/maps/search/etablissement+wellness+Buzon%2BFrance/,
https://www.google.com/maps/search/etablissement+wellness+Buzy%2BFrance/,
https://www.google.com/maps/search/etablissement+wellness+Buzy-Darmont%2BFrance/,
https://www.google.com/maps/search/etablissement+wellness+By%2BFrance/,
https://www.google.com/maps/search/etablissement+wellness+Byans-sur-Doubs%2BFrance/,
https://www.google.com/maps/search/etablissement+wellness+Cabanac%2BFrance/,
https://www.google.com/maps/search/etablissement+wellness+Cabanac-Cazaux%2BFrance/,
https://www.google.com/maps/search/etablissement+wellness+Cabanac-et-Villagrains%2BFrance/,
https://www.google.com/maps/search/etablissement+wellness+Cabanac-Séguenville%2BFrance/,
https://www.google.com/maps/search/etablissement+wellness+La Cabanasse%2BFrance/,
https://www.google.com/maps/search/etablissement+wellness+Cabanès%2BFrance/,
https://www.google.com/maps/search/etablissement+wellness+Cabanès%2BFrance/,
https://www.google.com/maps/search/etablissement+wellness+Le Cabanial%2BFrance/,
https://www.google.com/maps/search/etablissement+wellness+Les Cabannes%2BFrance/,
https://www.google.com/maps/search/etablissement+wellness+Cabannes%2BFrance/,
https://www.google.com/maps/search/etablissement+wellness+Les Cabannes%2BFrance/,
https://www.google.com/maps/search/etablissement+wellness+Cabara%2BFrance/,
https://www.google.com/maps/search/etablissement+wellness+Cabariot%2BFrance/,
https://www.google.com/maps/search/etablissement+wellness+Cabas-Loumassès%2BFrance/,
https://www.google.com/maps/search/etablissement+wellness+Cabasse%2BFrance/,
https://www.google.com/maps/search/etablissement+wellness+Cabestany%2BFrance/,
https://www.google.com/maps/search/etablissement+wellness+Cabidos%2BFrance/,
https://www.google.com/maps/search/etablissement+wellness+Cabourg%2BFrance/,
https://www.google.com/maps/search/etablissement+wellness+Cabrerets%2BFrance/,
https://www.google.com/maps/search/etablissement+wellness+Cabrerolles%2BFrance/,
https://www.google.com/maps/search/etablissement+wellness+Cabrespine%2BFrance/,
https://www.google.com/maps/search/etablissement+wellness+Cabrières%2BFrance/,
https://www.google.com/maps/search/etablissement+wellness+Cabrières%2BFrance/,
https://www.google.com/maps/search/etablissement+wellness+Cabrières-d'Aigues%2BFrance/,
https://www.google.com/maps/search/etablissement+wellness+Cabrières-d'Avignon%2BFrance/,
https://www.google.com/maps/search/etablissement+wellness+Cabriès%2BFrance/,
https://www.google.com/maps/search/etablissement+wellness+Cabris%2BFrance/,
https://www.google.com/maps/search/etablissement+wellness+Cachan%2BFrance/,
https://www.google.com/maps/search/etablissement+wellness+Cachen%2BFrance/,
https://www.google.com/maps/search/etablissement+wellness+Cachy%2BFrance/,
https://www.google.com/maps/search/etablissement+wellness+Cadalen%2BFrance/,
https://www.google.com/maps/search/etablissement+wellness+Cadarcet%2BFrance/,
https://www.google.com/maps/search/etablissement+wellness+Cadarsac%2BFrance/,
https://www.google.com/maps/search/etablissement+wellness+Cadaujac%2BFrance/,
https://www.google.com/maps/search/etablissement+wellness+Cadéac%2BFrance/,
https://www.google.com/maps/search/etablissement+wellness+Cadeilhan%2BFrance/,
https://www.google.com/maps/search/etablissement+wellness+Cadeilhan-Trachère%2BFrance/,
https://www.google.com/maps/search/etablissement+wellness+Cadeillan%2BFrance/,
https://www.google.com/maps/search/etablissement+wellness+Cademène%2BFrance/,
https://www.google.com/maps/search/etablissement+wellness+Caden%2BFrance/,
https://www.google.com/maps/search/etablissement+wellness+Cadenet%2BFrance/,
https://www.google.com/maps/search/etablissement+wellness+Caderousse%2BFrance/,
https://www.google.com/maps/search/etablissement+wellness+La Cadière-d'Azur%2BFrance/,
https://www.google.com/maps/search/etablissement+wellness+La Cadière-et-Cambo%2BFrance/,
https://www.google.com/maps/search/etablissement+wellness+Cadillac%2BFrance/,
https://www.google.com/maps/search/etablissement+wellness+Cadillac-en-Fronsadais%2BFrance/,
https://www.google.com/maps/search/etablissement+wellness+Cadillon%2BFrance/,
https://www.google.com/maps/search/etablissement+wellness+Cadix%2BFrance/,
https://www.google.com/maps/search/etablissement+wellness+Cadolive%2BFrance/,
https://www.google.com/maps/search/etablissement+wellness+Cadours%2BFrance/,
https://www.google.com/maps/search/etablissement+wellness+Cadrieu%2BFrance/,
https://www.google.com/maps/search/etablissement+wellness+Caen%2BFrance/,
https://www.google.com/maps/search/etablissement+wellness+Caëstre%2BFrance/,
https://www.google.com/maps/search/etablissement+wellness+Caffiers%2BFrance/,
https://www.google.com/maps/search/etablissement+wellness+Cagnac-les-Mines%2BFrance/,
https://www.google.com/maps/search/etablissement+wellness+Cagnano%2BFrance/,
https://www.google.com/maps/search/etablissement+wellness+Cagnes-sur-Mer%2BFrance/,
https://www.google.com/maps/search/etablissement+wellness+Cagnicourt%2BFrance/,
https://www.google.com/maps/search/etablissement+wellness+Cagnoncles%2BFrance/,
https://www.google.com/maps/search/etablissement+wellness+Cagnotte%2BFrance/,
https://www.google.com/maps/search/etablissement+wellness+Cagny%2BFrance/,
https://www.google.com/maps/search/etablissement+wellness+Cagny%2BFrance/,
https://www.google.com/maps/search/etablissement+wellness+Cahagnes%2BFrance/,
https://www.google.com/maps/search/etablissement+wellness+Cahagnolles%2BFrance/,
https://www.google.com/maps/search/etablissement+wellness+Cahan%2BFrance/,
https://www.google.com/maps/search/etablissement+wellness+Caharet%2BFrance/,
https://www.google.com/maps/search/etablissement+wellness+Cahon%2BFrance/,
https://www.google.com/maps/search/etablissement+wellness+Cahors%2BFrance/,
https://www.google.com/maps/search/etablissement+wellness+Cahus%2BFrance/,
https://www.google.com/maps/search/etablissement+wellness+Cahuzac%2BFrance/,
https://www.google.com/maps/search/etablissement+wellness+Cahuzac%2BFrance/,
https://www.google.com/maps/search/etablissement+wellness+Cahuzac%2BFrance/,
https://www.google.com/maps/search/etablissement+wellness+Cahuzac-sur-Adour%2BFrance/,
https://www.google.com/maps/search/etablissement+wellness+Cahuzac-sur-Vère%2BFrance/,
https://www.google.com/maps/search/etablissement+wellness+Caignac%2BFrance/,
https://www.google.com/maps/search/etablissement+wellness+Le Cailar%2BFrance/,
https://www.google.com/maps/search/etablissement+wellness+Cailhau%2BFrance/,
https://www.google.com/maps/search/etablissement+wellness+Cailhavel%2BFrance/,
https://www.google.com/maps/search/etablissement+wellness+Cailla%2BFrance/,
https://www.google.com/maps/search/etablissement+wellness+Caillac%2BFrance/,
https://www.google.com/maps/search/etablissement+wellness+Caillavet%2BFrance/,
https://www.google.com/maps/search/etablissement+wellness+Caille%2BFrance/,
https://www.google.com/maps/search/etablissement+wellness+La Caillère-Saint-Hilaire%2BFrance/,
https://www.google.com/maps/search/etablissement+wellness+Cailleville%2BFrance/,
https://www.google.com/maps/search/etablissement+wellness+Caillouël-Crépigny%2BFrance/,
https://www.google.com/maps/search/etablissement+wellness+Caillouet-Orgeville%2BFrance/,
https://www.google.com/maps/search/etablissement+wellness+Cailloux-sur-Fontaines%2BFrance/,
https://www.google.com/maps/search/etablissement+wellness+Cailly%2BFrance/,
https://www.google.com/maps/search/etablissement+wellness+Cailly-sur-Eure%2BFrance/,
https://www.google.com/maps/search/etablissement+wellness+La Caine%2BFrance/,
https://www.google.com/maps/search/etablissement+wellness+Cairanne%2BFrance/,
https://www.google.com/maps/search/etablissement+wellness+Le Caire%2BFrance/,
https://www.google.com/maps/search/etablissement+wellness+Cairon%2BFrance/,
https://www.google.com/maps/search/etablissement+wellness+Caisnes%2BFrance/,
https://www.google.com/maps/search/etablissement+wellness+Caissargues%2BFrance/,
https://www.google.com/maps/search/etablissement+wellness+Caix%2BFrance/,
https://www.google.com/maps/search/etablissement+wellness+Caixas%2BFrance/,
https://www.google.com/maps/search/etablissement+wellness+Caixon%2BFrance/,
https://www.google.com/maps/search/etablissement+wellness+Cajarc%2BFrance/,
https://www.google.com/maps/search/etablissement+wellness+Calacuccia%2BFrance/,
https://www.google.com/maps/search/etablissement+wellness+Calais%2BFrance/,
https://www.google.com/maps/search/etablissement+wellness+Calamane%2BFrance/,
https://www.google.com/maps/search/etablissement+wellness+Calan%2BFrance/,
https://www.google.com/maps/search/etablissement+wellness+Calanhel%2BFrance/,
https://www.google.com/maps/search/etablissement+wellness+Calavanté%2BFrance/,
https://www.google.com/maps/search/etablissement+wellness+Calcatoggio%2BFrance/,
https://www.google.com/maps/search/etablissement+wellness+Calce%2BFrance/,
https://www.google.com/maps/search/etablissement+wellness+Calenzana%2BFrance/,
https://www.google.com/maps/search/etablissement+wellness+Calès%2BFrance/,
https://www.google.com/maps/search/etablissement+wellness+Calès%2BFrance/,
https://www.google.com/maps/search/etablissement+wellness+Calignac%2BFrance/,
https://www.google.com/maps/search/etablissement+wellness+Caligny%2BFrance/,
https://www.google.com/maps/search/etablissement+wellness+Callac%2BFrance/,
https://www.google.com/maps/search/etablissement+wellness+Callas%2BFrance/,
https://www.google.com/maps/search/etablissement+wellness+Callen%2BFrance/,
https://www.google.com/maps/search/etablissement+wellness+Callengeville%2BFrance/,
https://www.google.com/maps/search/etablissement+wellness+Calleville%2BFrance/,
https://www.google.com/maps/search/etablissement+wellness+Calleville-les-Deux-Églises%2BFrance/,
https://www.google.com/maps/search/etablissement+wellness+Callian%2BFrance/,
https://www.google.com/maps/search/etablissement+wellness+Callian%2BFrance/,
https://www.google.com/maps/search/etablissement+wellness+Calmeilles%2BFrance/,
https://www.google.com/maps/search/etablissement+wellness+Calmels-et-le-Viala%2BFrance/,
https://www.google.com/maps/search/etablissement+wellness+La Calmette%2BFrance/,
https://www.google.com/maps/search/etablissement+wellness+Calmont%2BFrance/,
https://www.google.com/maps/search/etablissement+wellness+Calmont%2BFrance/,
https://www.google.com/maps/search/etablissement+wellness+Calmoutier%2BFrance/,
https://www.google.com/maps/search/etablissement+wellness+Caloire%2BFrance/,
https://www.google.com/maps/search/etablissement+wellness+Calonges%2BFrance/,
https://www.google.com/maps/search/etablissement+wellness+Calonne-Ricouart%2BFrance/,
https://www.google.com/maps/search/etablissement+wellness+Calonne-sur-la-Lys%2BFrance/,
https://www.google.com/maps/search/etablissement+wellness+Calorguen%2BFrance/,
https://www.google.com/maps/search/etablissement+wellness+La Calotterie%2BFrance/,
https://www.google.com/maps/search/etablissement+wellness+Caluire-et-Cuire%2BFrance/,
https://www.google.com/maps/search/etablissement+wellness+Calvi%2BFrance/,
https://www.google.com/maps/search/etablissement+wellness+Calviac-en-Périgord%2BFrance/,
https://www.google.com/maps/search/etablissement+wellness+Calvignac%2BFrance/,
https://www.google.com/maps/search/etablissement+wellness+Calvinet%2BFrance/,
https://www.google.com/maps/search/etablissement+wellness+Calvisson%2BFrance/,
https://www.google.com/maps/search/etablissement+wellness+Calzan%2BFrance/,
https://www.google.com/maps/search/etablissement+wellness+Camalès%2BFrance/,
https://www.google.com/maps/search/etablissement+wellness+Camarade%2BFrance/,
https://www.google.com/maps/search/etablissement+wellness+Camarès%2BFrance/,
https://www.google.com/maps/search/etablissement+wellness+Camaret-sur-Aigues%2BFrance/,
https://www.google.com/maps/search/etablissement+wellness+Camaret-sur-Mer%2BFrance/,
https://www.google.com/maps/search/etablissement+wellness+Camarsac%2BFrance/,
https://www.google.com/maps/search/etablissement+wellness+Cambayrac%2BFrance/,
https://www.google.com/maps/search/etablissement+wellness+La Cambe%2BFrance/,
https://www.google.com/maps/search/etablissement+wellness+Cambernard%2BFrance/,
https://www.google.com/maps/search/etablissement+wellness+Cambernon%2BFrance/,
https://www.google.com/maps/search/etablissement+wellness+Cambes%2BFrance/,
https://www.google.com/maps/search/etablissement+wellness+Cambes%2BFrance/,
https://www.google.com/maps/search/etablissement+wellness+Cambes%2BFrance/,
https://www.google.com/maps/search/etablissement+wellness+Cambes-en-Plaine%2BFrance/,
https://www.google.com/maps/search/etablissement+wellness+Cambia%2BFrance/,
https://www.google.com/maps/search/etablissement+wellness+Cambiac%2BFrance/,
https://www.google.com/maps/search/etablissement+wellness+Cambieure%2BFrance/,
https://www.google.com/maps/search/etablissement+wellness+Camblain-Châtelain%2BFrance/,
https://www.google.com/maps/search/etablissement+wellness+Camblain-l'Abbé%2BFrance/,
https://www.google.com/maps/search/etablissement+wellness+Camblanes-et-Meynac%2BFrance/,
https://www.google.com/maps/search/etablissement+wellness+Cambligneul%2BFrance/,
https://www.google.com/maps/search/etablissement+wellness+Cambo-les-Bains%2BFrance/,
https://www.google.com/maps/search/etablissement+wellness+Cambon%2BFrance/,
https://www.google.com/maps/search/etablissement+wellness+Cambon-et-Salvergues%2BFrance/,
https://www.google.com/maps/search/etablissement+wellness+Cambon-lès-Lavaur%2BFrance/,
https://www.google.com/maps/search/etablissement+wellness+Camboulazet%2BFrance/,
https://www.google.com/maps/search/etablissement+wellness+Camboulit%2BFrance/,
https://www.google.com/maps/search/etablissement+wellness+Cambounès%2BFrance/,
https://www.google.com/maps/search/etablissement+wellness+Cambounet-sur-le-Sor%2BFrance/,
https://www.google.com/maps/search/etablissement+wellness+Le Cambout%2BFrance/,
https://www.google.com/maps/search/etablissement+wellness+Cambrai%2BFrance/,
https://www.google.com/maps/search/etablissement+wellness+Cambremer%2BFrance/,
https://www.google.com/maps/search/etablissement+wellness+Cambrin%2BFrance/,
https://www.google.com/maps/search/etablissement+wellness+Cambron%2BFrance/,
https://www.google.com/maps/search/etablissement+wellness+Cambronne-lès-Clermont%2BFrance/,
https://www.google.com/maps/search/etablissement+wellness+Cambronne-lès-Ribécourt%2BFrance/,
https://www.google.com/maps/search/etablissement+wellness+Camburat%2BFrance/,
https://www.google.com/maps/search/etablissement+wellness+Came%2BFrance/,
https://www.google.com/maps/search/etablissement+wellness+Camélas%2BFrance/,
https://www.google.com/maps/search/etablissement+wellness+Camelin%2BFrance/,
https://www.google.com/maps/search/etablissement+wellness+Camembert%2BFrance/,
https://www.google.com/maps/search/etablissement+wellness+Cametours%2BFrance/,
https://www.google.com/maps/search/etablissement+wellness+Camiac-et-Saint-Denis%2BFrance/,
https://www.google.com/maps/search/etablissement+wellness+Camiers%2BFrance/,
https://www.google.com/maps/search/etablissement+wellness+Camiran%2BFrance/,
https://www.google.com/maps/search/etablissement+wellness+Camjac%2BFrance/,
https://www.google.com/maps/search/etablissement+wellness+Camlez%2BFrance/,
https://www.google.com/maps/search/etablissement+wellness+Les Cammazes%2BFrance/,
https://www.google.com/maps/search/etablissement+wellness+Camoël%2BFrance/,
https://www.google.com/maps/search/etablissement+wellness+Camon%2BFrance/,
https://www.google.com/maps/search/etablissement+wellness+Camon%2BFrance/,
https://www.google.com/maps/search/etablissement+wellness+Camopi%2BFrance/,
https://www.google.com/maps/search/etablissement+wellness+Camors%2BFrance/,
https://www.google.com/maps/search/etablissement+wellness+Camou-Cihigue%2BFrance/,
https://www.google.com/maps/search/etablissement+wellness+Camous%2BFrance/,
https://www.google.com/maps/search/etablissement+wellness+Campagna-de-Sault%2BFrance/,
https://www.google.com/maps/search/etablissement+wellness+Campagnac%2BFrance/,
https://www.google.com/maps/search/etablissement+wellness+Campagnac%2BFrance/,
https://www.google.com/maps/search/etablissement+wellness+Campagnac-lès-Quercy%2BFrance/,
https://www.google.com/maps/search/etablissement+wellness+Campagnan%2BFrance/,
https://www.google.com/maps/search/etablissement+wellness+Campagne%2BFrance/,
https://www.google.com/maps/search/etablissement+wellness+Campagne%2BFrance/,
https://www.google.com/maps/search/etablissement+wellness+Campagne%2BFrance/,
https://www.google.com/maps/search/etablissement+wellness+Campagne%2BFrance/,
https://www.google.com/maps/search/etablissement+wellness+Campagne-d'Armagnac%2BFrance/,
https://www.google.com/maps/search/etablissement+wellness+Campagne-lès-Boulonnais%2BFrance/,
https://www.google.com/maps/search/etablissement+wellness+Campagne-lès-Guines%2BFrance/,
https://www.google.com/maps/search/etablissement+wellness+Campagne-lès-Hesdin%2BFrance/,
https://www.google.com/maps/search/etablissement+wellness+Campagne-lès-Wardrecques%2BFrance/,
https://www.google.com/maps/search/etablissement+wellness+Campagne-sur-Arize%2BFrance/,
https://www.google.com/maps/search/etablissement+wellness+Campagne-sur-Aude%2BFrance/,
https://www.google.com/maps/search/etablissement+wellness+Campagnolles%2BFrance/,
https://www.google.com/maps/search/etablissement+wellness+Campan%2BFrance/,
https://www.google.com/maps/search/etablissement+wellness+Campana%2BFrance/,
https://www.google.com/maps/search/etablissement+wellness+Campandré-Valcongrain%2BFrance/,
https://www.google.com/maps/search/etablissement+wellness+Camparan%2BFrance/,
https://www.google.com/maps/search/etablissement+wellness+Campbon%2BFrance/,
https://www.google.com/maps/search/etablissement+wellness+Campeaux%2BFrance/,
https://www.google.com/maps/search/etablissement+wellness+Campel%2BFrance/,
https://www.google.com/maps/search/etablissement+wellness+Campénéac%2BFrance/,
https://www.google.com/maps/search/etablissement+wellness+Campestre-et-Luc%2BFrance/,
https://www.google.com/maps/search/etablissement+wellness+Campet-et-Lamolère%2BFrance/,
https://www.google.com/maps/search/etablissement+wellness+Camphin-en-Carembault%2BFrance/,
https://www.google.com/maps/search/etablissement+wellness+Camphin-en-Pévèle%2BFrance/,
https://www.google.com/maps/search/etablissement+wellness+Campi%2BFrance/,
https://www.google.com/maps/search/etablissement+wellness+Campigneulles-les-Grandes%2BFrance/,
https://www.google.com/maps/search/etablissement+wellness+Campigneulles-les-Petites%2BFrance/,
https://www.google.com/maps/search/etablissement+wellness+Campigny%2BFrance/,
https://www.google.com/maps/search/etablissement+wellness+Campigny%2BFrance/,
https://www.google.com/maps/search/etablissement+wellness+Campile%2BFrance/,
https://www.google.com/maps/search/etablissement+wellness+Campistrous%2BFrance/,
https://www.google.com/maps/search/etablissement+wellness+Campitello%2BFrance/,
https://www.google.com/maps/search/etablissement+wellness+Camplong%2BFrance/,
https://www.google.com/maps/search/etablissement+wellness+Camplong-d'Aude%2BFrance/,
https://www.google.com/maps/search/etablissement+wellness+Campneuseville%2BFrance/,
https://www.google.com/maps/search/etablissement+wellness+Campo%2BFrance/,
https://www.google.com/maps/search/etablissement+wellness+Campôme%2BFrance/,
https://www.google.com/maps/search/etablissement+wellness+Campouriez%2BFrance/,
https://www.google.com/maps/search/etablissement+wellness+Campoussy%2BFrance/,
https://www.google.com/maps/search/etablissement+wellness+Campremy%2BFrance/,
https://www.google.com/maps/search/etablissement+wellness+Camprond%2BFrance/,
https://www.google.com/maps/search/etablissement+wellness+Camps-en-Amiénois%2BFrance/,
https://www.google.com/maps/search/etablissement+wellness+Camps-la-Source%2BFrance/,
https://www.google.com/maps/search/etablissement+wellness+Camps-Saint-Mathurin-Léobazel%2BFrance/,
https://www.google.com/maps/search/etablissement+wellness+Camps-sur-l'Agly%2BFrance/,
https://www.google.com/maps/search/etablissement+wellness+Camps-sur-l'Isle%2BFrance/,
https://www.google.com/maps/search/etablissement+wellness+Campsas%2BFrance/,
https://www.google.com/maps/search/etablissement+wellness+Campsegret%2BFrance/,
https://www.google.com/maps/search/etablissement+wellness+Campuac%2BFrance/,
https://www.google.com/maps/search/etablissement+wellness+Campugnan%2BFrance/,
https://www.google.com/maps/search/etablissement+wellness+Campuzan%2BFrance/,
https://www.google.com/maps/search/etablissement+wellness+Camurac%2BFrance/,
https://www.google.com/maps/search/etablissement+wellness+Canale-di-Verde%2BFrance/,
https://www.google.com/maps/search/etablissement+wellness+Canals%2BFrance/,
https://www.google.com/maps/search/etablissement+wellness+Canaples%2BFrance/,
https://www.google.com/maps/search/etablissement+wellness+Canappeville%2BFrance/,
https://www.google.com/maps/search/etablissement+wellness+Canapville%2BFrance/,
https://www.google.com/maps/search/etablissement+wellness+Canapville%2BFrance/,
https://www.google.com/maps/search/etablissement+wellness+Canari%2BFrance/,
https://www.google.com/maps/search/etablissement+wellness+Canaules-et-Argentières%2BFrance/,
https://www.google.com/maps/search/etablissement+wellness+Canavaggia%2BFrance/,
https://www.google.com/maps/search/etablissement+wellness+Canaveilles%2BFrance/,
https://www.google.com/maps/search/etablissement+wellness+Cancale%2BFrance/,
https://www.google.com/maps/search/etablissement+wellness+Canchy%2BFrance/,
https://www.google.com/maps/search/etablissement+wellness+Canchy%2BFrance/,
https://www.google.com/maps/search/etablissement+wellness+Cancon%2BFrance/,
https://www.google.com/maps/search/etablissement+wellness+Candas%2BFrance/,
https://www.google.com/maps/search/etablissement+wellness+Candé%2BFrance/,
https://www.google.com/maps/search/etablissement+wellness+Candé-sur-Beuvron%2BFrance/,
https://www.google.com/maps/search/etablissement+wellness+Candes-Saint-Martin%2BFrance/,
https://www.google.com/maps/search/etablissement+wellness+Candillargues%2BFrance/,
https://www.google.com/maps/search/etablissement+wellness+Candor%2BFrance/,
https://www.google.com/maps/search/etablissement+wellness+Candresse%2BFrance/,
https://www.google.com/maps/search/etablissement+wellness+Canehan%2BFrance/,
https://www.google.com/maps/search/etablissement+wellness+Canéjan%2BFrance/,
https://www.google.com/maps/search/etablissement+wellness+Canens%2BFrance/,
https://www.google.com/maps/search/etablissement+wellness+Canenx-et-Réaut%2BFrance/,
https://www.google.com/maps/search/etablissement+wellness+Canet%2BFrance/,
https://www.google.com/maps/search/etablissement+wellness+Canet%2BFrance/,
https://www.google.com/maps/search/etablissement+wellness+Canet-de-Salars%2BFrance/,
https://www.google.com/maps/search/etablissement+wellness+Canet-en-Roussillon%2BFrance/,
https://www.google.com/maps/search/etablissement+wellness+Canettemont%2BFrance/,
https://www.google.com/maps/search/etablissement+wellness+Cangey%2BFrance/,
https://www.google.com/maps/search/etablissement+wellness+Caniac-du-Causse%2BFrance/,
https://www.google.com/maps/search/etablissement+wellness+Canihuel%2BFrance/,
https://www.google.com/maps/search/etablissement+wellness+Canisy%2BFrance/,
https://www.google.com/maps/search/etablissement+wellness+Canlers%2BFrance/,
https://www.google.com/maps/search/etablissement+wellness+Canly%2BFrance/,
https://www.google.com/maps/search/etablissement+wellness+Cannectancourt%2BFrance/,
https://www.google.com/maps/search/etablissement+wellness+Cannelle%2BFrance/,
https://www.google.com/maps/search/etablissement+wellness+Cannes%2BFrance/,
https://www.google.com/maps/search/etablissement+wellness+Cannes-Écluse%2BFrance/,
https://www.google.com/maps/search/etablissement+wellness+Cannes-et-Clairan%2BFrance/,
https://www.google.com/maps/search/etablissement+wellness+Cannessières%2BFrance/,
https://www.google.com/maps/search/etablissement+wellness+Le Cannet%2BFrance/,
https://www.google.com/maps/search/etablissement+wellness+Cannet%2BFrance/,
https://www.google.com/maps/search/etablissement+wellness+Le Cannet-des-Maures%2BFrance/,
https://www.google.com/maps/search/etablissement+wellness+Canny-sur-Matz%2BFrance/,
https://www.google.com/maps/search/etablissement+wellness+Canny-sur-Thérain%2BFrance/,
https://www.google.com/maps/search/etablissement+wellness+Canohès%2BFrance/,
https://www.google.com/maps/search/etablissement+wellness+La Canourgue%2BFrance/,
https://www.google.com/maps/search/etablissement+wellness+Canouville%2BFrance/,
https://www.google.com/maps/search/etablissement+wellness+Cantaing-sur-Escaut%2BFrance/,
https://www.google.com/maps/search/etablissement+wellness+Cantaous%2BFrance/,
https://www.google.com/maps/search/etablissement+wellness+Cantaron%2BFrance/,
https://www.google.com/maps/search/etablissement+wellness+Canté%2BFrance/,
https://www.google.com/maps/search/etablissement+wellness+Canteleu%2BFrance/,
https://www.google.com/maps/search/etablissement+wellness+Canteleux%2BFrance/,
https://www.google.com/maps/search/etablissement+wellness+Canteloup%2BFrance/,
https://www.google.com/maps/search/etablissement+wellness+Canteloup%2BFrance/,
https://www.google.com/maps/search/etablissement+wellness+Cantenac%2BFrance/,
https://www.google.com/maps/search/etablissement+wellness+Cantenay-Épinard%2BFrance/,
https://www.google.com/maps/search/etablissement+wellness+Cantigny%2BFrance/,
https://www.google.com/maps/search/etablissement+wellness+Cantillac%2BFrance/,
https://www.google.com/maps/search/etablissement+wellness+Cantin%2BFrance/,
https://www.google.com/maps/search/etablissement+wellness+Cantoin%2BFrance/,
https://www.google.com/maps/search/etablissement+wellness+Cantois%2BFrance/,
https://www.google.com/maps/search/etablissement+wellness+Canville-la-Rocque%2BFrance/,
https://www.google.com/maps/search/etablissement+wellness+Canville-les-Deux-Églises%2BFrance/,
https://www.google.com/maps/search/etablissement+wellness+Cany-Barville%2BFrance/,
https://www.google.com/maps/search/etablissement+wellness+Caorches-Saint-Nicolas%2BFrance/,
https://www.google.com/maps/search/etablissement+wellness+Caouënnec-Lanvézéac%2BFrance/,
https://www.google.com/maps/search/etablissement+wellness+Caours%2BFrance/,
https://www.google.com/maps/search/etablissement+wellness+Cap-d'Ail%2BFrance/,
https://www.google.com/maps/search/etablissement+wellness+Capavenir Vosges%2BFrance/,
https://www.google.com/maps/search/etablissement+wellness+Capbreton%2BFrance/,
https://www.google.com/maps/search/etablissement+wellness+Capdenac%2BFrance/,
https://www.google.com/maps/search/etablissement+wellness+Capdenac-Gare%2BFrance/,
https://www.google.com/maps/search/etablissement+wellness+Capdrot%2BFrance/,
https://www.google.com/maps/search/etablissement+wellness+La Capelle%2BFrance/,
https://www.google.com/maps/search/etablissement+wellness+Capelle%2BFrance/,
https://www.google.com/maps/search/etablissement+wellness+La Capelle-Balaguier%2BFrance/,
https://www.google.com/maps/search/etablissement+wellness+La Capelle-Bleys%2BFrance/,
https://www.google.com/maps/search/etablissement+wellness+La Capelle-Bonance%2BFrance/,
https://www.google.com/maps/search/etablissement+wellness+La Capelle-et-Masmolène%2BFrance/,
https://www.google.com/maps/search/etablissement+wellness+Capelle-Fermont%2BFrance/,
https://www.google.com/maps/search/etablissement+wellness+La Capelle-lès-Boulogne%2BFrance/,
https://www.google.com/maps/search/etablissement+wellness+Capelle-les-Grands%2BFrance/,
https://www.google.com/maps/search/etablissement+wellness+Capelle-lès-Hesdin%2BFrance/,
https://www.google.com/maps/search/etablissement+wellness+Capendu%2BFrance/,
https://www.google.com/maps/search/etablissement+wellness+Capens%2BFrance/,
https://www.google.com/maps/search/etablissement+wellness+Capestang%2BFrance/,
https://www.google.com/maps/search/etablissement+wellness+Capesterre-Belle-Eau%2BFrance/,
https://www.google.com/maps/search/etablissement+wellness+Capesterre-de-Marie-Galante%2BFrance/,
https://www.google.com/maps/search/etablissement+wellness+Capian%2BFrance/,
https://www.google.com/maps/search/etablissement+wellness+Capinghem%2BFrance/,
https://www.google.com/maps/search/etablissement+wellness+Caplong%2BFrance/,
https://www.google.com/maps/search/etablissement+wellness+Capoulet-et-Junac%2BFrance/,
https://www.google.com/maps/search/etablissement+wellness+Cappel%2BFrance/,
https://www.google.com/maps/search/etablissement+wellness+Cappelle-Brouck%2BFrance/,
https://www.google.com/maps/search/etablissement+wellness+Cappelle-en-Pévèle%2BFrance/,
https://www.google.com/maps/search/etablissement+wellness+Cappelle-la-Grande%2BFrance/,
https://www.google.com/maps/search/etablissement+wellness+Cappy%2BFrance/,
https://www.google.com/maps/search/etablissement+wellness+Captieux%2BFrance/,
https://www.google.com/maps/search/etablissement+wellness+Capvern%2BFrance/,
https://www.google.com/maps/search/etablissement+wellness+Caragoudes%2BFrance/,
https://www.google.com/maps/search/etablissement+wellness+Caraman%2BFrance/,
https://www.google.com/maps/search/etablissement+wellness+Caramany%2BFrance/,
https://www.google.com/maps/search/etablissement+wellness+Carantec%2BFrance/,
https://www.google.com/maps/search/etablissement+wellness+Carantilly%2BFrance/,
https://www.google.com/maps/search/etablissement+wellness+Carayac%2BFrance/,
https://www.google.com/maps/search/etablissement+wellness+Carbay%2BFrance/,
https://www.google.com/maps/search/etablissement+wellness+Carbes%2BFrance/,
https://www.google.com/maps/search/etablissement+wellness+Le Carbet%2BFrance/,
https://www.google.com/maps/search/etablissement+wellness+Carbini%2BFrance/,
https://www.google.com/maps/search/etablissement+wellness+Carbon-Blanc%2BFrance/,
https://www.google.com/maps/search/etablissement+wellness+Carbonne%2BFrance/,
https://www.google.com/maps/search/etablissement+wellness+Carbuccia%2BFrance/,
https://www.google.com/maps/search/etablissement+wellness+Carcagny%2BFrance/,
https://www.google.com/maps/search/etablissement+wellness+Carcanières%2BFrance/,
https://www.google.com/maps/search/etablissement+wellness+Carcans%2BFrance/,
https://www.google.com/maps/search/etablissement+wellness+Carcarès-Sainte-Croix%2BFrance/,
https://www.google.com/maps/search/etablissement+wellness+Carcassonne%2BFrance/,
https://www.google.com/maps/search/etablissement+wellness+Carcen-Ponson%2BFrance/,
https://www.google.com/maps/search/etablissement+wellness+Carcès%2BFrance/,
https://www.google.com/maps/search/etablissement+wellness+Carcheto-Brustico%2BFrance/,
https://www.google.com/maps/search/etablissement+wellness+Cardaillac%2BFrance/,
https://www.google.com/maps/search/etablissement+wellness+Cardan%2BFrance/,
https://www.google.com/maps/search/etablissement+wellness+Cardeilhac%2BFrance/,
https://www.google.com/maps/search/etablissement+wellness+Cardesse%2BFrance/,
https://www.google.com/maps/search/etablissement+wellness+Cardet%2BFrance/,
https://www.google.com/maps/search/etablissement+wellness+Cardo-Torgia%2BFrance/,
https://www.google.com/maps/search/etablissement+wellness+Cardonnette%2BFrance/,
https://www.google.com/maps/search/etablissement+wellness+Le Cardonnois%2BFrance/,
https://www.google.com/maps/search/etablissement+wellness+Cardonville%2BFrance/,
https://www.google.com/maps/search/etablissement+wellness+Cardroc%2BFrance/,
https://www.google.com/maps/search/etablissement+wellness+Carelles%2BFrance/,
https://www.google.com/maps/search/etablissement+wellness+Carency%2BFrance/,
https://www.google.com/maps/search/etablissement+wellness+Carennac%2BFrance/,
https://www.google.com/maps/search/etablissement+wellness+Carentan les Marais%2BFrance/,
https://www.google.com/maps/search/etablissement+wellness+Carentoir%2BFrance/,
https://www.google.com/maps/search/etablissement+wellness+Cargèse%2BFrance/,
https://www.google.com/maps/search/etablissement+wellness+Cargiaca%2BFrance/,
https://www.google.com/maps/search/etablissement+wellness+Carhaix-Plouguer%2BFrance/,
https://www.google.com/maps/search/etablissement+wellness+Carignan%2BFrance/,
https://www.google.com/maps/search/etablissement+wellness+Carignan-de-Bordeaux%2BFrance/,
https://www.google.com/maps/search/etablissement+wellness+Carisey%2BFrance/,
https://www.google.com/maps/search/etablissement+wellness+Carla-Bayle%2BFrance/,
https://www.google.com/maps/search/etablissement+wellness+Carla-de-Roquefort%2BFrance/,
https://www.google.com/maps/search/etablissement+wellness+Le Carlaret%2BFrance/,
https://www.google.com/maps/search/etablissement+wellness+Carlat%2BFrance/,
https://www.google.com/maps/search/etablissement+wellness+Carlencas-et-Levas%2BFrance/,
https://www.google.com/maps/search/etablissement+wellness+Carlepont%2BFrance/,
https://www.google.com/maps/search/etablissement+wellness+Carling%2BFrance/,
https://www.google.com/maps/search/etablissement+wellness+Carlipa%2BFrance/,
https://www.google.com/maps/search/etablissement+wellness+Carlucet%2BFrance/,
https://www.google.com/maps/search/etablissement+wellness+Carlus%2BFrance/,
https://www.google.com/maps/search/etablissement+wellness+Carlux%2BFrance/,
https://www.google.com/maps/search/etablissement+wellness+Carly%2BFrance/,
https://www.google.com/maps/search/etablissement+wellness+Carmaux%2BFrance/,
https://www.google.com/maps/search/etablissement+wellness+Carnac%2BFrance/,
https://www.google.com/maps/search/etablissement+wellness+Carnac-Rouffiac%2BFrance/,
https://www.google.com/maps/search/etablissement+wellness+Carnas%2BFrance/,
https://www.google.com/maps/search/etablissement+wellness+Carnet%2BFrance/,
https://www.google.com/maps/search/etablissement+wellness+Carnetin%2BFrance/,
https://www.google.com/maps/search/etablissement+wellness+Carneville%2BFrance/,
https://www.google.com/maps/search/etablissement+wellness+Carnières%2BFrance/,
https://www.google.com/maps/search/etablissement+wellness+Carnin%2BFrance/,
https://www.google.com/maps/search/etablissement+wellness+Carnoët%2BFrance/,
https://www.google.com/maps/search/etablissement+wellness+Carnoules%2BFrance/,
https://www.google.com/maps/search/etablissement+wellness+Carnoux-en-Provence%2BFrance/,
https://www.google.com/maps/search/etablissement+wellness+Carnoy%2BFrance/,
https://www.google.com/maps/search/etablissement+wellness+Caro%2BFrance/,
https://www.google.com/maps/search/etablissement+wellness+Caro%2BFrance/,
https://www.google.com/maps/search/etablissement+wellness+Carolles%2BFrance/,
https://www.google.com/maps/search/etablissement+wellness+Caromb%2BFrance/,
https://www.google.com/maps/search/etablissement+wellness+Carpentras%2BFrance/,
https://www.google.com/maps/search/etablissement+wellness+Carpineto%2BFrance/,
https://www.google.com/maps/search/etablissement+wellness+Carpiquet%2BFrance/,
https://www.google.com/maps/search/etablissement+wellness+Carquebut%2BFrance/,
https://www.google.com/maps/search/etablissement+wellness+Carquefou%2BFrance/,
https://www.google.com/maps/search/etablissement+wellness+Carqueiranne%2BFrance/,
https://www.google.com/maps/search/etablissement+wellness+Carrépuis%2BFrance/,
https://www.google.com/maps/search/etablissement+wellness+Carrère%2BFrance/,
https://www.google.com/maps/search/etablissement+wellness+Carresse-Cassaber%2BFrance/,
https://www.google.com/maps/search/etablissement+wellness+Carrières-sous-Poissy%2BFrance/,
https://www.google.com/maps/search/etablissement+wellness+Carrières-sur-Seine%2BFrance/,
https://www.google.com/maps/search/etablissement+wellness+Carros%2BFrance/,
https://www.google.com/maps/search/etablissement+wellness+Carrouges%2BFrance/,
https://www.google.com/maps/search/etablissement+wellness+Carry-le-Rouet%2BFrance/,
https://www.google.com/maps/search/etablissement+wellness+Cars%2BFrance/,
https://www.google.com/maps/search/etablissement+wellness+Les Cars%2BFrance/,
https://www.google.com/maps/search/etablissement+wellness+Carsac-Aillac%2BFrance/,
https://www.google.com/maps/search/etablissement+wellness+Carsac-de-Gurson%2BFrance/,
https://www.google.com/maps/search/etablissement+wellness+Carsan%2BFrance/,
https://www.google.com/maps/search/etablissement+wellness+Carsix%2BFrance/,
https://www.google.com/maps/search/etablissement+wellness+Carspach%2BFrance/,
https://www.google.com/maps/search/etablissement+wellness+Cartelègue%2BFrance/,
https://www.google.com/maps/search/etablissement+wellness+Carticasi%2BFrance/,
https://www.google.com/maps/search/etablissement+wellness+Cartignies%2BFrance/,
https://www.google.com/maps/search/etablissement+wellness+Cartigny%2BFrance/,
https://www.google.com/maps/search/etablissement+wellness+Cartigny-l'Épinay%2BFrance/,
https://www.google.com/maps/search/etablissement+wellness+Carves%2BFrance/,
https://www.google.com/maps/search/etablissement+wellness+Carville-la-Folletière%2BFrance/,
https://www.google.com/maps/search/etablissement+wellness+Carville-Pot-de-Fer%2BFrance/,
https://www.google.com/maps/search/etablissement+wellness+Carvin%2BFrance/,
https://www.google.com/maps/search/etablissement+wellness+Casabianca%2BFrance/,
https://www.google.com/maps/search/etablissement+wellness+Casaglione%2BFrance/,
https://www.google.com/maps/search/etablissement+wellness+Casalabriva%2BFrance/,
https://www.google.com/maps/search/etablissement+wellness+Casalta%2BFrance/,
https://www.google.com/maps/search/etablissement+wellness+Casamaccioli%2BFrance/,
https://www.google.com/maps/search/etablissement+wellness+Casanova%2BFrance/,
https://www.google.com/maps/search/etablissement+wellness+Cascastel-des-Corbières%2BFrance/,
https://www.google.com/maps/search/etablissement+wellness+Case-Pilote%2BFrance/,
https://www.google.com/maps/search/etablissement+wellness+Casefabre%2BFrance/,
https://www.google.com/maps/search/etablissement+wellness+Caseneuve%2BFrance/,
https://www.google.com/maps/search/etablissement+wellness+Cases-de-Pène%2BFrance/,
https://www.google.com/maps/search/etablissement+wellness+Casevecchie%2BFrance/,
https://www.google.com/maps/search/etablissement+wellness+Cassagnabère-Tournas%2BFrance/,
https://www.google.com/maps/search/etablissement+wellness+Cassagnas%2BFrance/,
https://www.google.com/maps/search/etablissement+wellness+La Cassagne%2BFrance/,
https://www.google.com/maps/search/etablissement+wellness+Cassagne%2BFrance/,
https://www.google.com/maps/search/etablissement+wellness+Cassagnes%2BFrance/,
https://www.google.com/maps/search/etablissement+wellness+Cassagnes%2BFrance/,
https://www.google.com/maps/search/etablissement+wellness+Cassagnes-Bégonhès%2BFrance/,
https://www.google.com/maps/search/etablissement+wellness+Cassagnoles%2BFrance/,
https://www.google.com/maps/search/etablissement+wellness+Cassagnoles%2BFrance/,
https://www.google.com/maps/search/etablissement+wellness+La Cassaigne%2BFrance/,
https://www.google.com/maps/search/etablissement+wellness+Cassaigne%2BFrance/,
https://www.google.com/maps/search/etablissement+wellness+Cassaignes%2BFrance/,
https://www.google.com/maps/search/etablissement+wellness+Cassaniouze%2BFrance/,
https://www.google.com/maps/search/etablissement+wellness+Cassel%2BFrance/,
https://www.google.com/maps/search/etablissement+wellness+Cassen%2BFrance/,
https://www.google.com/maps/search/etablissement+wellness+Casseneuil%2BFrance/,
https://www.google.com/maps/search/etablissement+wellness+Les Cassés%2BFrance/,
https://www.google.com/maps/search/etablissement+wellness+Casseuil%2BFrance/,
https://www.google.com/maps/search/etablissement+wellness+Cassignas%2BFrance/,
https://www.google.com/maps/search/etablissement+wellness+Cassis%2BFrance/,
https://www.google.com/maps/search/etablissement+wellness+Casson%2BFrance/,
https://www.google.com/maps/search/etablissement+wellness+Cassuéjouls%2BFrance/,
https://www.google.com/maps/search/etablissement+wellness+Cast%2BFrance/,
https://www.google.com/maps/search/etablissement+wellness+Castagnac%2BFrance/,
https://www.google.com/maps/search/etablissement+wellness+Castagnède%2BFrance/,
https://www.google.com/maps/search/etablissement+wellness+Castagnède%2BFrance/,
https://www.google.com/maps/search/etablissement+wellness+Castagniers%2BFrance/,
https://www.google.com/maps/search/etablissement+wellness+Castaignos-Souslens%2BFrance/,
https://www.google.com/maps/search/etablissement+wellness+Castandet%2BFrance/,
https://www.google.com/maps/search/etablissement+wellness+Castanet%2BFrance/,
https://www.google.com/maps/search/etablissement+wellness+Castanet%2BFrance/,
https://www.google.com/maps/search/etablissement+wellness+Castanet%2BFrance/,
https://www.google.com/maps/search/etablissement+wellness+Castanet-le-Haut%2BFrance/,
https://www.google.com/maps/search/etablissement+wellness+Castanet-Tolosan%2BFrance/,
https://www.google.com/maps/search/etablissement+wellness+Castans%2BFrance/,
https://www.google.com/maps/search/etablissement+wellness+Casteide-Cami%2BFrance/,
https://www.google.com/maps/search/etablissement+wellness+Casteide-Candau%2BFrance/,
https://www.google.com/maps/search/etablissement+wellness+Casteide-Doat%2BFrance/,
https://www.google.com/maps/search/etablissement+wellness+Casteil%2BFrance/,
https://www.google.com/maps/search/etablissement+wellness+Castel-Sarrazin%2BFrance/,
https://www.google.com/maps/search/etablissement+wellness+Castelbajac%2BFrance/,
https://www.google.com/maps/search/etablissement+wellness+Castelbiague%2BFrance/,
https://www.google.com/maps/search/etablissement+wellness+Castelculier%2BFrance/,
https://www.google.com/maps/search/etablissement+wellness+Castelferrus%2BFrance/,
https://www.google.com/maps/search/etablissement+wellness+Castelfranc%2BFrance/,
https://www.google.com/maps/search/etablissement+wellness+Castelgaillard%2BFrance/,
https://www.google.com/maps/search/etablissement+wellness+Castelginest%2BFrance/,
https://www.google.com/maps/search/etablissement+wellness+Casteljaloux%2BFrance/,
https://www.google.com/maps/search/etablissement+wellness+Castella%2BFrance/,
https://www.google.com/maps/search/etablissement+wellness+Castellane%2BFrance/,
https://www.google.com/maps/search/etablissement+wellness+Castellar%2BFrance/,
https://www.google.com/maps/search/etablissement+wellness+Le Castellard-Mélan%2BFrance/,
https://www.google.com/maps/search/etablissement+wellness+Castellare-di-Casinca%2BFrance/,
https://www.google.com/maps/search/etablissement+wellness+Castellare-di-Mercurio%2BFrance/,
https://www.google.com/maps/search/etablissement+wellness+Le Castellet%2BFrance/,
https://www.google.com/maps/search/etablissement+wellness+Le Castellet%2BFrance/,
https://www.google.com/maps/search/etablissement+wellness+Castellet%2BFrance/,
https://www.google.com/maps/search/etablissement+wellness+Castellet-lès-Sausses%2BFrance/,
https://www.google.com/maps/search/etablissement+wellness+Castello-di-Rostino%2BFrance/,
https://www.google.com/maps/search/etablissement+wellness+Castelmary%2BFrance/,
https://www.google.com/maps/search/etablissement+wellness+Castelmaurou%2BFrance/,
https://www.google.com/maps/search/etablissement+wellness+Castelmayran%2BFrance/,
https://www.google.com/maps/search/etablissement+wellness+Castelmoron-d'Albret%2BFrance/,
https://www.google.com/maps/search/etablissement+wellness+Castelmoron-sur-Lot%2BFrance/,
https://www.google.com/maps/search/etablissement+wellness+Castelnau d'Auzan Labarrère%2BFrance/,
https://www.google.com/maps/search/etablissement+wellness+Castelnau Montratier-Sainte Alauzie%2BFrance/,
https://www.google.com/maps/search/etablissement+wellness+Castelnau-Barbarens%2BFrance/,
https://www.google.com/maps/search/etablissement+wellness+Castelnau-Chalosse%2BFrance/,
https://www.google.com/maps/search/etablissement+wellness+Castelnau-d'Anglès%2BFrance/,
https://www.google.com/maps/search/etablissement+wellness+Castelnau-d'Arbieu%2BFrance/,
https://www.google.com/maps/search/etablissement+wellness+Castelnau-d'Aude%2BFrance/,
https://www.google.com/maps/search/etablissement+wellness+Castelnau-d'Estrétefonds%2BFrance/,
https://www.google.com/maps/search/etablissement+wellness+Castelnau-de-Guers%2BFrance/,
https://www.google.com/maps/search/etablissement+wellness+Castelnau-de-Lévis%2BFrance/,
https://www.google.com/maps/search/etablissement+wellness+Castelnau-de-Mandailles%2BFrance/,
https://www.google.com/maps/search/etablissement+wellness+Castelnau-de-Médoc%2BFrance/,
https://www.google.com/maps/search/etablissement+wellness+Castelnau-de-Montmiral%2BFrance/,
https://www.google.com/maps/search/etablissement+wellness+Castelnau-Durban%2BFrance/,
https://www.google.com/maps/search/etablissement+wellness+Castelnau-le-Lez%2BFrance/,
https://www.google.com/maps/search/etablissement+wellness+Castelnau-Magnoac%2BFrance/,
https://www.google.com/maps/search/etablissement+wellness+Castelnau-Pégayrols%2BFrance/,
https://www.google.com/maps/search/etablissement+wellness+Castelnau-Picampeau%2BFrance/,
https://www.google.com/maps/search/etablissement+wellness+Castelnau-Rivière-Basse%2BFrance/,
https://www.google.com/maps/search/etablissement+wellness+Castelnau-sur-Gupie%2BFrance/,
https://www.google.com/maps/search/etablissement+wellness+Castelnau-sur-l'Auvignon%2BFrance/,
https://www.google.com/maps/search/etablissement+wellness+Castelnau-Tursan%2BFrance/,
https://www.google.com/maps/search/etablissement+wellness+Castelnau-Valence%2BFrance/,
https://www.google.com/maps/search/etablissement+wellness+Castelnaud-de-Gratecambe%2BFrance/,
https://www.google.com/maps/search/etablissement+wellness+Castelnaud-la-Chapelle%2BFrance/,
https://www.google.com/maps/search/etablissement+wellness+Castelnaudary%2BFrance/,
https://www.google.com/maps/search/etablissement+wellness+Castelnavet%2BFrance/,
https://www.google.com/maps/search/etablissement+wellness+Castelner%2BFrance/,
https://www.google.com/maps/search/etablissement+wellness+Castelnou%2BFrance/,
https://www.google.com/maps/search/etablissement+wellness+Castelreng%2BFrance/,
https://www.google.com/maps/search/etablissement+wellness+Castels et Bézenac%2BFrance/,
https://www.google.com/maps/search/etablissement+wellness+Castelsagrat%2BFrance/,
https://www.google.com/maps/search/etablissement+wellness+Castelsarrasin%2BFrance/,
https://www.google.com/maps/search/etablissement+wellness+Castelvieilh%2BFrance/,
https://www.google.com/maps/search/etablissement+wellness+Castelviel%2BFrance/,
https://www.google.com/maps/search/etablissement+wellness+Le Castéra%2BFrance/,
https://www.google.com/maps/search/etablissement+wellness+Castéra-Bouzet%2BFrance/,
https://www.google.com/maps/search/etablissement+wellness+Castéra-Lanusse%2BFrance/,
https://www.google.com/maps/search/etablissement+wellness+Castéra-Lectourois%2BFrance/,
https://www.google.com/maps/search/etablissement+wellness+Castéra-Lou%2BFrance/,
https://www.google.com/maps/search/etablissement+wellness+Castéra-Loubix%2BFrance/,
https://www.google.com/maps/search/etablissement+wellness+Castéra-Verduzan%2BFrance/,
https://www.google.com/maps/search/etablissement+wellness+Castéra-Vignoles%2BFrance/,
https://www.google.com/maps/search/etablissement+wellness+Castéras%2BFrance/,
https://www.google.com/maps/search/etablissement+wellness+Casterets%2BFrance/,
https://www.google.com/maps/search/etablissement+wellness+Castéron%2BFrance/,
https://www.google.com/maps/search/etablissement+wellness+Castet%2BFrance/,
https://www.google.com/maps/search/etablissement+wellness+Castet-Arrouy%2BFrance/,
https://www.google.com/maps/search/etablissement+wellness+Castetbon%2BFrance/,
https://www.google.com/maps/search/etablissement+wellness+Castétis%2BFrance/,
https://www.google.com/maps/search/etablissement+wellness+Castetnau-Camblong%2BFrance/,
https://www.google.com/maps/search/etablissement+wellness+Castetner%2BFrance/,
https://www.google.com/maps/search/etablissement+wellness+Castetpugon%2BFrance/,
https://www.google.com/maps/search/etablissement+wellness+Castets%2BFrance/,
https://www.google.com/maps/search/etablissement+wellness+Castets et Castillon%2BFrance/,
https://www.google.com/maps/search/etablissement+wellness+Castex%2BFrance/,
https://www.google.com/maps/search/etablissement+wellness+Castex%2BFrance/,
https://www.google.com/maps/search/etablissement+wellness+Castex-d'Armagnac%2BFrance/,
https://www.google.com/maps/search/etablissement+wellness+Casties-Labrande%2BFrance/,
https://www.google.com/maps/search/etablissement+wellness+Castifao%2BFrance/,
https://www.google.com/maps/search/etablissement+wellness+Castiglione%2BFrance/,
https://www.google.com/maps/search/etablissement+wellness+Castillon%2BFrance/,
https://www.google.com/maps/search/etablissement+wellness+Castillon%2BFrance/,
https://www.google.com/maps/search/etablissement+wellness+Castillon%2BFrance/,
https://www.google.com/maps/search/etablissement+wellness+Castillon Canton d'Arthez-de-Béarn%2BFrance/,
https://www.google.com/maps/search/etablissement+wellness+Castillon Canton de Lembeye%2BFrance/,
https://www.google.com/maps/search/etablissement+wellness+Castillon-de-Castets%2BFrance/,
https://www.google.com/maps/search/etablissement+wellness+Castillon-de-Larboust%2BFrance/,
https://www.google.com/maps/search/etablissement+wellness+Castillon-de-Saint-Martory%2BFrance/,
https://www.google.com/maps/search/etablissement+wellness+Castillon-Debats%2BFrance/,
https://www.google.com/maps/search/etablissement+wellness+Castillon-du-Gard%2BFrance/,
https://www.google.com/maps/search/etablissement+wellness+Castillon-en-Auge%2BFrance/,
https://www.google.com/maps/search/etablissement+wellness+Castillon-en-Couserans%2BFrance/,
https://www.google.com/maps/search/etablissement+wellness+Castillon-la-Bataille%2BFrance/,
https://www.google.com/maps/search/etablissement+wellness+Castillon-Massas%2BFrance/,
https://www.google.com/maps/search/etablissement+wellness+Castillon-Savès%2BFrance/,
https://www.google.com/maps/search/etablissement+wellness+Castillonnès%2BFrance/,
https://www.google.com/maps/search/etablissement+wellness+Castilly%2BFrance/,
https://www.google.com/maps/search/etablissement+wellness+Castin%2BFrance/,
https://www.google.com/maps/search/etablissement+wellness+Castineta%2BFrance/,
https://www.google.com/maps/search/etablissement+wellness+Castirla%2BFrance/,
https://www.google.com/maps/search/etablissement+wellness+Castres%2BFrance/,
https://www.google.com/maps/search/etablissement+wellness+Castres%2BFrance/,
https://www.google.com/maps/search/etablissement+wellness+Castres-Gironde%2BFrance/,
https://www.google.com/maps/search/etablissement+wellness+Castries%2BFrance/,
https://www.google.com/maps/search/etablissement+wellness+Le Cateau-Cambrésis%2BFrance/,
https://www.google.com/maps/search/etablissement+wellness+Le Catelet%2BFrance/,
https://www.google.com/maps/search/etablissement+wellness+Le Catelier%2BFrance/,
https://www.google.com/maps/search/etablissement+wellness+Catenay%2BFrance/,
https://www.google.com/maps/search/etablissement+wellness+Catenoy%2BFrance/,
https://www.google.com/maps/search/etablissement+wellness+Cateri%2BFrance/,
https://www.google.com/maps/search/etablissement+wellness+Cathervielle%2BFrance/,
https://www.google.com/maps/search/etablissement+wellness+Catheux%2BFrance/,
https://www.google.com/maps/search/etablissement+wellness+Catigny%2BFrance/,
https://www.google.com/maps/search/etablissement+wellness+Catillon-Fumechon%2BFrance/,
https://www.google.com/maps/search/etablissement+wellness+Catillon-sur-Sambre%2BFrance/,
https://www.google.com/maps/search/etablissement+wellness+Catllar%2BFrance/,
https://www.google.com/maps/search/etablissement+wellness+Catonvielle%2BFrance/,
https://www.google.com/maps/search/etablissement+wellness+Cattenières%2BFrance/,
https://www.google.com/maps/search/etablissement+wellness+Cattenom%2BFrance/,
https://www.google.com/maps/search/etablissement+wellness+Catteville%2BFrance/,
https://www.google.com/maps/search/etablissement+wellness+Catus%2BFrance/,
https://www.google.com/maps/search/etablissement+wellness+Catz%2BFrance/,
https://www.google.com/maps/search/etablissement+wellness+Caubeyres%2BFrance/,
https://www.google.com/maps/search/etablissement+wellness+Caubiac%2BFrance/,
https://www.google.com/maps/search/etablissement+wellness+Caubios-Loos%2BFrance/,
https://www.google.com/maps/search/etablissement+wellness+Caubon-Saint-Sauveur%2BFrance/,
https://www.google.com/maps/search/etablissement+wellness+Caubous%2BFrance/,
https://www.google.com/maps/search/etablissement+wellness+Caubous%2BFrance/,
https://www.google.com/maps/search/etablissement+wellness+Caucalières%2BFrance/,
https://www.google.com/maps/search/etablissement+wellness+La Cauchie%2BFrance/,
https://www.google.com/maps/search/etablissement+wellness+Cauchy-à-la-Tour%2BFrance/,
https://www.google.com/maps/search/etablissement+wellness+Caucourt%2BFrance/,
https://www.google.com/maps/search/etablissement+wellness+Caudan%2BFrance/,
https://www.google.com/maps/search/etablissement+wellness+Caudebec-lès-Elbeuf%2BFrance/,
https://www.google.com/maps/search/etablissement+wellness+Caudebronde%2BFrance/,
https://www.google.com/maps/search/etablissement+wellness+Caudecoste%2BFrance/,
https://www.google.com/maps/search/etablissement+wellness+Caudiès-de-Conflent%2BFrance/,
https://www.google.com/maps/search/etablissement+wellness+Caudiès-de-Fenouillèdes%2BFrance/,
https://www.google.com/maps/search/etablissement+wellness+Caudrot%2BFrance/,
https://www.google.com/maps/search/etablissement+wellness+Caudry%2BFrance/,
https://www.google.com/maps/search/etablissement+wellness+Cauffry%2BFrance/,
https://www.google.com/maps/search/etablissement+wellness+Caugé%2BFrance/,
https://www.google.com/maps/search/etablissement+wellness+Caujac%2BFrance/,
https://www.google.com/maps/search/etablissement+wellness+Caulaincourt%2BFrance/,
https://www.google.com/maps/search/etablissement+wellness+Le Caule-Sainte-Beuve%2BFrance/,
https://www.google.com/maps/search/etablissement+wellness+Caulières%2BFrance/,
https://www.google.com/maps/search/etablissement+wellness+Caullery%2BFrance/,
https://www.google.com/maps/search/etablissement+wellness+Caulnes%2BFrance/,
https://www.google.com/maps/search/etablissement+wellness+Caumont%2BFrance/,
https://www.google.com/maps/search/etablissement+wellness+Caumont%2BFrance/,
https://www.google.com/maps/search/etablissement+wellness+Caumont%2BFrance/,
https://www.google.com/maps/search/etablissement+wellness+Caumont%2BFrance/,
https://www.google.com/maps/search/etablissement+wellness+Caumont%2BFrance/,
https://www.google.com/maps/search/etablissement+wellness+Caumont%2BFrance/,
https://www.google.com/maps/search/etablissement+wellness+Caumont%2BFrance/,
https://www.google.com/maps/search/etablissement+wellness+Caumont-sur-Aure%2BFrance/,
https://www.google.com/maps/search/etablissement+wellness+Caumont-sur-Durance%2BFrance/,
https://www.google.com/maps/search/etablissement+wellness+Caumont-sur-Garonne%2BFrance/,
https://www.google.com/maps/search/etablissement+wellness+Cauna%2BFrance/,
https://www.google.com/maps/search/etablissement+wellness+Caunay%2BFrance/,
https://www.google.com/maps/search/etablissement+wellness+Cauneille%2BFrance/,
https://www.google.com/maps/search/etablissement+wellness+Caunes-Minervois%2BFrance/,
https://www.google.com/maps/search/etablissement+wellness+La Caunette%2BFrance/,
https://www.google.com/maps/search/etablissement+wellness+Caunette-sur-Lauquet%2BFrance/,
https://www.google.com/maps/search/etablissement+wellness+Caunettes-en-Val%2BFrance/,
https://www.google.com/maps/search/etablissement+wellness+Caupenne%2BFrance/,
https://www.google.com/maps/search/etablissement+wellness+Caupenne-d'Armagnac%2BFrance/,
https://www.google.com/maps/search/etablissement+wellness+La Caure%2BFrance/,
https://www.google.com/maps/search/etablissement+wellness+Caurel%2BFrance/,
https://www.google.com/maps/search/etablissement+wellness+Caurel%2BFrance/,
https://www.google.com/maps/search/etablissement+wellness+Cauro%2BFrance/,
https://www.google.com/maps/search/etablissement+wellness+Cauroir%2BFrance/,
https://www.google.com/maps/search/etablissement+wellness+Cauroy%2BFrance/,
https://www.google.com/maps/search/etablissement+wellness+Cauroy-lès-Hermonville%2BFrance/,
https://www.google.com/maps/search/etablissement+wellness+Le Causé%2BFrance/,
https://www.google.com/maps/search/etablissement+wellness+Cause-de-Clérans%2BFrance/,
https://www.google.com/maps/search/etablissement+wellness+Caussade%2BFrance/,
https://www.google.com/maps/search/etablissement+wellness+Caussade-Rivière%2BFrance/,
https://www.google.com/maps/search/etablissement+wellness+Causse-Bégon%2BFrance/,
https://www.google.com/maps/search/etablissement+wellness+Causse-de-la-Selle%2BFrance/,
https://www.google.com/maps/search/etablissement+wellness+Causse-et-Diège%2BFrance/,
https://www.google.com/maps/search/etablissement+wellness+Caussens%2BFrance/,
https://www.google.com/maps/search/etablissement+wellness+Causses-et-Veyran%2BFrance/,
https://www.google.com/maps/search/etablissement+wellness+Caussiniojouls%2BFrance/,
https://www.google.com/maps/search/etablissement+wellness+Caussols%2BFrance/,
https://www.google.com/maps/search/etablissement+wellness+Caussou%2BFrance/,
https://www.google.com/maps/search/etablissement+wellness+Cauterets%2BFrance/,
https://www.google.com/maps/search/etablissement+wellness+Cauverville-en-Roumois%2BFrance/,
https://www.google.com/maps/search/etablissement+wellness+Cauvicourt%2BFrance/,
https://www.google.com/maps/search/etablissement+wellness+Cauvignac%2BFrance/,
https://www.google.com/maps/search/etablissement+wellness+Cauvigny%2BFrance/,
https://www.google.com/maps/search/etablissement+wellness+Cauville%2BFrance/,
https://www.google.com/maps/search/etablissement+wellness+Cauville-sur-Mer%2BFrance/,
https://www.google.com/maps/search/etablissement+wellness+Caux%2BFrance/,
https://www.google.com/maps/search/etablissement+wellness+Caux-et-Sauzens%2BFrance/,
https://www.google.com/maps/search/etablissement+wellness+Cauzac%2BFrance/,
https://www.google.com/maps/search/etablissement+wellness+Cavagnac%2BFrance/,
https://www.google.com/maps/search/etablissement+wellness+Cavaillon%2BFrance/,
https://www.google.com/maps/search/etablissement+wellness+Cavalaire-sur-Mer%2BFrance/,
https://www.google.com/maps/search/etablissement+wellness+La Cavalerie%2BFrance/,
https://www.google.com/maps/search/etablissement+wellness+Cavan%2BFrance/,
https://www.google.com/maps/search/etablissement+wellness+Cavanac%2BFrance/,
https://www.google.com/maps/search/etablissement+wellness+Cavarc%2BFrance/,
https://www.google.com/maps/search/etablissement+wellness+Caveirac%2BFrance/,
https://www.google.com/maps/search/etablissement+wellness+Caves%2BFrance/,
https://www.google.com/maps/search/etablissement+wellness+Cavignac%2BFrance/,
https://www.google.com/maps/search/etablissement+wellness+Cavigny%2BFrance/,
https://www.google.com/maps/search/etablissement+wellness+Cavillargues%2BFrance/,
https://www.google.com/maps/search/etablissement+wellness+Cavillon%2BFrance/,
https://www.google.com/maps/search/etablissement+wellness+Cavron-Saint-Martin%2BFrance/,
https://www.google.com/maps/search/etablissement+wellness+Caychax%2BFrance/,
https://www.google.com/maps/search/etablissement+wellness+Cayenne%2BFrance/,
https://www.google.com/maps/search/etablissement+wellness+Cayeux-en-Santerre%2BFrance/,
https://www.google.com/maps/search/etablissement+wellness+Cayeux-sur-Mer%2BFrance/,
https://www.google.com/maps/search/etablissement+wellness+Le Caylar%2BFrance/,
https://www.google.com/maps/search/etablissement+wellness+Caylus%2BFrance/,
https://www.google.com/maps/search/etablissement+wellness+Cayrac%2BFrance/,
https://www.google.com/maps/search/etablissement+wellness+Cayres%2BFrance/,
https://www.google.com/maps/search/etablissement+wellness+Cayriech%2BFrance/,
https://www.google.com/maps/search/etablissement+wellness+Le Cayrol%2BFrance/,
https://www.google.com/maps/search/etablissement+wellness+Cayrols%2BFrance/,
https://www.google.com/maps/search/etablissement+wellness+Cazac%2BFrance/,
https://www.google.com/maps/search/etablissement+wellness+Cazalis%2BFrance/,
https://www.google.com/maps/search/etablissement+wellness+Cazalis%2BFrance/,
https://www.google.com/maps/search/etablissement+wellness+Cazalrenoux%2BFrance/,
https://www.google.com/maps/search/etablissement+wellness+Cazals%2BFrance/,
https://www.google.com/maps/search/etablissement+wellness+Cazals%2BFrance/,
https://www.google.com/maps/search/etablissement+wellness+Cazals-des-Baylès%2BFrance/,
https://www.google.com/maps/search/etablissement+wellness+Cazaril-Tambourès%2BFrance/,
https://www.google.com/maps/search/etablissement+wellness+Cazarilh%2BFrance/,
https://www.google.com/maps/search/etablissement+wellness+Cazarilh-Laspènes%2BFrance/,
https://www.google.com/maps/search/etablissement+wellness+Cazats%2BFrance/,
https://www.google.com/maps/search/etablissement+wellness+Cazaubon%2BFrance/,
https://www.google.com/maps/search/etablissement+wellness+Cazaugitat%2BFrance/,
https://www.google.com/maps/search/etablissement+wellness+Cazaunous%2BFrance/,
https://www.google.com/maps/search/etablissement+wellness+Cazaux%2BFrance/,
https://www.google.com/maps/search/etablissement+wellness+Cazaux-d'Anglès%2BFrance/,
https://www.google.com/maps/search/etablissement+wellness+Cazaux-Debat%2BFrance/,
https://www.google.com/maps/search/etablissement+wellness+Cazaux-Fréchet-Anéran-Camors%2BFrance/,
https://www.google.com/maps/search/etablissement+wellness+Cazaux-Layrisse%2BFrance/,
https://www.google.com/maps/search/etablissement+wellness+Cazaux-Savès%2BFrance/,
https://www.google.com/maps/search/etablissement+wellness+Cazaux-Villecomtal%2BFrance/,
https://www.google.com/maps/search/etablissement+wellness+Cazavet%2BFrance/,
https://www.google.com/maps/search/etablissement+wellness+Cazeaux-de-Larboust%2BFrance/,
https://www.google.com/maps/search/etablissement+wellness+Cazedarnes%2BFrance/,
https://www.google.com/maps/search/etablissement+wellness+Cazenave-Serres-et-Allens%2BFrance/,
https://www.google.com/maps/search/etablissement+wellness+Cazeneuve%2BFrance/,
https://www.google.com/maps/search/etablissement+wellness+Cazeneuve-Montaut%2BFrance/,
https://www.google.com/maps/search/etablissement+wellness+Cazères%2BFrance/,
https://www.google.com/maps/search/etablissement+wellness+Cazères-sur-l'Adour%2BFrance/,
https://www.google.com/maps/search/etablissement+wellness+Cazes-Mondenard%2BFrance/,
https://www.google.com/maps/search/etablissement+wellness+Cazevieille%2BFrance/,
https://www.google.com/maps/search/etablissement+wellness+Cazideroque%2BFrance/,
https://www.google.com/maps/search/etablissement+wellness+Cazilhac%2BFrance/,
https://www.google.com/maps/search/etablissement+wellness+Cazilhac%2BFrance/,
https://www.google.com/maps/search/etablissement+wellness+Cazillac%2BFrance/,
https://www.google.com/maps/search/etablissement+wellness+Cazoulès%2BFrance/,
https://www.google.com/maps/search/etablissement+wellness+Cazouls-d'Hérault%2BFrance/,
https://www.google.com/maps/search/etablissement+wellness+Cazouls-lès-Béziers%2BFrance/,
https://www.google.com/maps/search/etablissement+wellness+Ceaucé%2BFrance/,
https://www.google.com/maps/search/etablissement+wellness+Ceaulmont%2BFrance/,
https://www.google.com/maps/search/etablissement+wellness+Céaux%2BFrance/,
https://www.google.com/maps/search/etablissement+wellness+Céaux-d'Allègre%2BFrance/,
https://www.google.com/maps/search/etablissement+wellness+Ceaux-en-Couhé%2BFrance/,
https://www.google.com/maps/search/etablissement+wellness+Ceaux-en-Loudun%2BFrance/,
https://www.google.com/maps/search/etablissement+wellness+Cébazan%2BFrance/,
https://www.google.com/maps/search/etablissement+wellness+Cébazat%2BFrance/,
https://www.google.com/maps/search/etablissement+wellness+Ceffonds%2BFrance/,
https://www.google.com/maps/search/etablissement+wellness+Ceignes%2BFrance/,
https://www.google.com/maps/search/etablissement+wellness+Ceilhes-et-Rocozels%2BFrance/,
https://www.google.com/maps/search/etablissement+wellness+Ceillac%2BFrance/,
https://www.google.com/maps/search/etablissement+wellness+Ceilloux%2BFrance/,
https://www.google.com/maps/search/etablissement+wellness+Ceintrey%2BFrance/,
https://www.google.com/maps/search/etablissement+wellness+La Celette%2BFrance/,
https://www.google.com/maps/search/etablissement+wellness+La Celle%2BFrance/,
https://www.google.com/maps/search/etablissement+wellness+La Celle%2BFrance/,
https://www.google.com/maps/search/etablissement+wellness+La Celle%2BFrance/,
https://www.google.com/maps/search/etablissement+wellness+La Celle%2BFrance/,
https://www.google.com/maps/search/etablissement+wellness+Cellé%2BFrance/,
https://www.google.com/maps/search/etablissement+wellness+La Celle-Condé%2BFrance/,
https://www.google.com/maps/search/etablissement+wellness+La Celle-Dunoise%2BFrance/,
https://www.google.com/maps/search/etablissement+wellness+La Celle-en-Morvan%2BFrance/,
https://www.google.com/maps/search/etablissement+wellness+La Celle-Guenand%2BFrance/,
https://www.google.com/maps/search/etablissement+wellness+La Celle-les-Bordes%2BFrance/,
https://www.google.com/maps/search/etablissement+wellness+Celle-Lévescault%2BFrance/,
https://www.google.com/maps/search/etablissement+wellness+La Celle-Saint-Avant%2BFrance/,
https://www.google.com/maps/search/etablissement+wellness+La Celle-Saint-Cloud%2BFrance/,
https://www.google.com/maps/search/etablissement+wellness+La Celle-Saint-Cyr%2BFrance/,
https://www.google.com/maps/search/etablissement+wellness+La Celle-sous-Chantemerle%2BFrance/,
https://www.google.com/maps/search/etablissement+wellness+La Celle-sous-Gouzon%2BFrance/,
https://www.google.com/maps/search/etablissement+wellness+La Celle-sur-Loire%2BFrance/,
https://www.google.com/maps/search/etablissement+wellness+La Celle-sur-Morin%2BFrance/,
https://www.google.com/maps/search/etablissement+wellness+La Celle-sur-Nièvre%2BFrance/,
https://www.google.com/maps/search/etablissement+wellness+Cellefrouin%2BFrance/,
https://www.google.com/maps/search/etablissement+wellness+Celles%2BFrance/,
https://www.google.com/maps/search/etablissement+wellness+Celles%2BFrance/,
https://www.google.com/maps/search/etablissement+wellness+Celles%2BFrance/,
https://www.google.com/maps/search/etablissement+wellness+Celles%2BFrance/,
https://www.google.com/maps/search/etablissement+wellness+Celles%2BFrance/,
https://www.google.com/maps/search/etablissement+wellness+Celles-en-Bassigny%2BFrance/,
https://www.google.com/maps/search/etablissement+wellness+Celles-lès-Condé%2BFrance/,
https://www.google.com/maps/search/etablissement+wellness+Celles-sur-Aisne%2BFrance/,
https://www.google.com/maps/search/etablissement+wellness+Celles-sur-Belle%2BFrance/,
https://www.google.com/maps/search/etablissement+wellness+Celles-sur-Durolle%2BFrance/,
https://www.google.com/maps/search/etablissement+wellness+Celles-sur-Ource%2BFrance/,
https://www.google.com/maps/search/etablissement+wellness+Celles-sur-Plaine%2BFrance/,
https://www.google.com/maps/search/etablissement+wellness+La Cellette%2BFrance/,
https://www.google.com/maps/search/etablissement+wellness+La Cellette%2BFrance/,
https://www.google.com/maps/search/etablissement+wellness+Cellettes%2BFrance/,
https://www.google.com/maps/search/etablissement+wellness+Cellettes%2BFrance/,
https://www.google.com/maps/search/etablissement+wellness+Le Cellier%2BFrance/,
https://www.google.com/maps/search/etablissement+wellness+Cellier-du-Luc%2BFrance/,
https://www.google.com/maps/search/etablissement+wellness+Cellieu%2BFrance/,
https://www.google.com/maps/search/etablissement+wellness+Celon%2BFrance/,
https://www.google.com/maps/search/etablissement+wellness+Celoux%2BFrance/,
https://www.google.com/maps/search/etablissement+wellness+Celsoy%2BFrance/,
https://www.google.com/maps/search/etablissement+wellness+Cély%2BFrance/,
https://www.google.com/maps/search/etablissement+wellness+Cemboing%2BFrance/,
https://www.google.com/maps/search/etablissement+wellness+Cempuis%2BFrance/,
https://www.google.com/maps/search/etablissement+wellness+Cénac%2BFrance/,
https://www.google.com/maps/search/etablissement+wellness+Cénac-et-Saint-Julien%2BFrance/,
https://www.google.com/maps/search/etablissement+wellness+Cenans%2BFrance/,
https://www.google.com/maps/search/etablissement+wellness+Cendras%2BFrance/,
https://www.google.com/maps/search/etablissement+wellness+Le Cendre%2BFrance/,
https://www.google.com/maps/search/etablissement+wellness+Cendrecourt%2BFrance/,
https://www.google.com/maps/search/etablissement+wellness+Cendrey%2BFrance/,
https://www.google.com/maps/search/etablissement+wellness+Cendrieux%2BFrance/,
https://www.google.com/maps/search/etablissement+wellness+Cénevières%2BFrance/,
https://www.google.com/maps/search/etablissement+wellness+Cenne-Monestiés%2BFrance/,
https://www.google.com/maps/search/etablissement+wellness+Cenon%2BFrance/,
https://www.google.com/maps/search/etablissement+wellness+Cenon-sur-Vienne%2BFrance/,
https://www.google.com/maps/search/etablissement+wellness+Censeau%2BFrance/,
https://www.google.com/maps/search/etablissement+wellness+Censerey%2BFrance/,
https://www.google.com/maps/search/etablissement+wellness+Censy%2BFrance/,
https://www.google.com/maps/search/etablissement+wellness+Les Cent-Acres%2BFrance/,
https://www.google.com/maps/search/etablissement+wellness+Centrès%2BFrance/,
https://www.google.com/maps/search/etablissement+wellness+Centuri%2BFrance/,
https://www.google.com/maps/search/etablissement+wellness+Cenves%2BFrance/,
https://www.google.com/maps/search/etablissement+wellness+Cépet%2BFrance/,
https://www.google.com/maps/search/etablissement+wellness+Cépie%2BFrance/,
https://www.google.com/maps/search/etablissement+wellness+Cepoy%2BFrance/,
https://www.google.com/maps/search/etablissement+wellness+Céran%2BFrance/,
https://www.google.com/maps/search/etablissement+wellness+Cérans-Foulletourte%2BFrance/,
https://www.google.com/maps/search/etablissement+wellness+Cerbère%2BFrance/,
https://www.google.com/maps/search/etablissement+wellness+Cerbois%2BFrance/,
https://www.google.com/maps/search/etablissement+wellness+Cercié%2BFrance/,
https://www.google.com/maps/search/etablissement+wellness+Cercier%2BFrance/,
https://www.google.com/maps/search/etablissement+wellness+Cercles%2BFrance/,
https://www.google.com/maps/search/etablissement+wellness+Cercottes%2BFrance/,
https://www.google.com/maps/search/etablissement+wellness+Cercoux%2BFrance/,
https://www.google.com/maps/search/etablissement+wellness+Le Cercueil%2BFrance/,
https://www.google.com/maps/search/etablissement+wellness+Cercy-la-Tour%2BFrance/,
https://www.google.com/maps/search/etablissement+wellness+Cerdon%2BFrance/,
https://www.google.com/maps/search/etablissement+wellness+Cerdon%2BFrance/,
https://www.google.com/maps/search/etablissement+wellness+Cère%2BFrance/,
https://www.google.com/maps/search/etablissement+wellness+Céré-la-Ronde%2BFrance/,
https://www.google.com/maps/search/etablissement+wellness+Cerelles%2BFrance/,
https://www.google.com/maps/search/etablissement+wellness+Cérences%2BFrance/,
https://www.google.com/maps/search/etablissement+wellness+Céreste%2BFrance/,
https://www.google.com/maps/search/etablissement+wellness+Céret%2BFrance/,
https://www.google.com/maps/search/etablissement+wellness+Cerfontaine%2BFrance/,
https://www.google.com/maps/search/etablissement+wellness+Le Cergne%2BFrance/,
https://www.google.com/maps/search/etablissement+wellness+Cergy%2BFrance/,
https://www.google.com/maps/search/etablissement+wellness+Cérilly%2BFrance/,
https://www.google.com/maps/search/etablissement+wellness+Cérilly%2BFrance/,
https://www.google.com/maps/search/etablissement+wellness+Cérilly%2BFrance/,
https://www.google.com/maps/search/etablissement+wellness+Cerisé%2BFrance/,
https://www.google.com/maps/search/etablissement+wellness+Cerisières%2BFrance/,
https://www.google.com/maps/search/etablissement+wellness+Cerisiers%2BFrance/,
https://www.google.com/maps/search/etablissement+wellness+Cerisy%2BFrance/,
https://www.google.com/maps/search/etablissement+wellness+Cerisy-Belle-Étoile%2BFrance/,
https://www.google.com/maps/search/etablissement+wellness+Cerisy-Buleux%2BFrance/,
https://www.google.com/maps/search/etablissement+wellness+Cerisy-la-Forêt%2BFrance/,
https://www.google.com/maps/search/etablissement+wellness+Cerisy-la-Salle%2BFrance/,
https://www.google.com/maps/search/etablissement+wellness+Cerizay%2BFrance/,
https://www.google.com/maps/search/etablissement+wellness+Cérizols%2BFrance/,
https://www.google.com/maps/search/etablissement+wellness+Cerizy%2BFrance/,
https://www.google.com/maps/search/etablissement+wellness+La Cerlangue%2BFrance/,
https://www.google.com/maps/search/etablissement+wellness+Cernans%2BFrance/,
https://www.google.com/maps/search/etablissement+wellness+Cernay%2BFrance/,
https://www.google.com/maps/search/etablissement+wellness+Cernay%2BFrance/,
https://www.google.com/maps/search/etablissement+wellness+Cernay%2BFrance/,
https://www.google.com/maps/search/etablissement+wellness+Cernay%2BFrance/,
https://www.google.com/maps/search/etablissement+wellness+Cernay-en-Dormois%2BFrance/,
https://www.google.com/maps/search/etablissement+wellness+Cernay-l'Église%2BFrance/,
https://www.google.com/maps/search/etablissement+wellness+Cernay-la-Ville%2BFrance/,
https://www.google.com/maps/search/etablissement+wellness+Cernay-lès-Reims%2BFrance/,
https://www.google.com/maps/search/etablissement+wellness+Cerneux%2BFrance/,
https://www.google.com/maps/search/etablissement+wellness+Cernex%2BFrance/,
https://www.google.com/maps/search/etablissement+wellness+Cerniébaud%2BFrance/,
https://www.google.com/maps/search/etablissement+wellness+Cernion%2BFrance/,
https://www.google.com/maps/search/etablissement+wellness+Cernon%2BFrance/,
https://www.google.com/maps/search/etablissement+wellness+Cernon%2BFrance/,
https://www.google.com/maps/search/etablissement+wellness+Cernoy%2BFrance/,
https://www.google.com/maps/search/etablissement+wellness+Cernoy-en-Berry%2BFrance/,
https://www.google.com/maps/search/etablissement+wellness+Cernusson%2BFrance/,
https://www.google.com/maps/search/etablissement+wellness+Cerny%2BFrance/,
https://www.google.com/maps/search/etablissement+wellness+Cerny-en-Laonnois%2BFrance/,
https://www.google.com/maps/search/etablissement+wellness+Cerny-lès-Bucy%2BFrance/,
https://www.google.com/maps/search/etablissement+wellness+Céron%2BFrance/,
https://www.google.com/maps/search/etablissement+wellness+Cérons%2BFrance/,
https://www.google.com/maps/search/etablissement+wellness+Les Cerqueux%2BFrance/,
https://www.google.com/maps/search/etablissement+wellness+Cerre-lès-Noroy%2BFrance/,
https://www.google.com/maps/search/etablissement+wellness+Cers%2BFrance/,
https://www.google.com/maps/search/etablissement+wellness+Cerseuil%2BFrance/,
https://www.google.com/maps/search/etablissement+wellness+Cersot%2BFrance/,
https://www.google.com/maps/search/etablissement+wellness+Certilleux%2BFrance/,
https://www.google.com/maps/search/etablissement+wellness+Certines%2BFrance/,
https://www.google.com/maps/search/etablissement+wellness+Cervens%2BFrance/,
https://www.google.com/maps/search/etablissement+wellness+Cervières%2BFrance/,
https://www.google.com/maps/search/etablissement+wellness+Cervières%2BFrance/,
https://www.google.com/maps/search/etablissement+wellness+Cerville%2BFrance/,
https://www.google.com/maps/search/etablissement+wellness+Cervione%2BFrance/,
https://www.google.com/maps/search/etablissement+wellness+Cervon%2BFrance/,
https://www.google.com/maps/search/etablissement+wellness+Cerzat%2BFrance/,
https://www.google.com/maps/search/etablissement+wellness+Cesancey%2BFrance/,
https://www.google.com/maps/search/etablissement+wellness+Césarches%2BFrance/,
https://www.google.com/maps/search/etablissement+wellness+Césarville-Dossainville%2BFrance/,
https://www.google.com/maps/search/etablissement+wellness+Cescau%2BFrance/,
https://www.google.com/maps/search/etablissement+wellness+Cescau%2BFrance/,
https://www.google.com/maps/search/etablissement+wellness+Cesny-aux-Vignes%2BFrance/,
https://www.google.com/maps/search/etablissement+wellness+Cesny-Bois-Halbout%2BFrance/,
https://www.google.com/maps/search/etablissement+wellness+Cessac%2BFrance/,
https://www.google.com/maps/search/etablissement+wellness+Cessales%2BFrance/,
https://www.google.com/maps/search/etablissement+wellness+Cesse%2BFrance/,
https://www.google.com/maps/search/etablissement+wellness+Cessenon-sur-Orb%2BFrance/,
https://www.google.com/maps/search/etablissement+wellness+Cesseras%2BFrance/,
https://www.google.com/maps/search/etablissement+wellness+Cesset%2BFrance/,
https://www.google.com/maps/search/etablissement+wellness+Cesseville%2BFrance/,
https://www.google.com/maps/search/etablissement+wellness+Cessey%2BFrance/,
https://www.google.com/maps/search/etablissement+wellness+Cessey-sur-Tille%2BFrance/,
https://www.google.com/maps/search/etablissement+wellness+Cessières%2BFrance/,
https://www.google.com/maps/search/etablissement+wellness+Cessieu%2BFrance/,
https://www.google.com/maps/search/etablissement+wellness+Cesson%2BFrance/,
https://www.google.com/maps/search/etablissement+wellness+Cesson-Sévigné%2BFrance/,
https://www.google.com/maps/search/etablissement+wellness+Cessoy-en-Montois%2BFrance/,
https://www.google.com/maps/search/etablissement+wellness+Cessy%2BFrance/,
https://www.google.com/maps/search/etablissement+wellness+Cessy-les-Bois%2BFrance/,
https://www.google.com/maps/search/etablissement+wellness+Cestas%2BFrance/,
https://www.google.com/maps/search/etablissement+wellness+Cestayrols%2BFrance/,
https://www.google.com/maps/search/etablissement+wellness+Ceton%2BFrance/,
https://www.google.com/maps/search/etablissement+wellness+Cette-Eygun%2BFrance/,
https://www.google.com/maps/search/etablissement+wellness+Cevins%2BFrance/,
https://www.google.com/maps/search/etablissement+wellness+Ceyras%2BFrance/,
https://www.google.com/maps/search/etablissement+wellness+Ceyrat%2BFrance/,
https://www.google.com/maps/search/etablissement+wellness+Ceyreste%2BFrance/,
https://www.google.com/maps/search/etablissement+wellness+Ceyroux%2BFrance/,
https://www.google.com/maps/search/etablissement+wellness+Ceyssac%2BFrance/,
https://www.google.com/maps/search/etablissement+wellness+Ceyssat%2BFrance/,
https://www.google.com/maps/search/etablissement+wellness+Ceyzériat%2BFrance/,
https://www.google.com/maps/search/etablissement+wellness+Ceyzérieu%2BFrance/,
https://www.google.com/maps/search/etablissement+wellness+Cézac%2BFrance/,
https://www.google.com/maps/search/etablissement+wellness+Cézac%2BFrance/,
https://www.google.com/maps/search/etablissement+wellness+Cezais%2BFrance/,
https://www.google.com/maps/search/etablissement+wellness+Cézan%2BFrance/,
https://www.google.com/maps/search/etablissement+wellness+Cezay%2BFrance/,
https://www.google.com/maps/search/etablissement+wellness+Cézens%2BFrance/,
https://www.google.com/maps/search/etablissement+wellness+Cézia%2BFrance/,
https://www.google.com/maps/search/etablissement+wellness+Cézy%2BFrance/,
https://www.google.com/maps/search/etablissement+wellness+Chabanais%2BFrance/,
https://www.google.com/maps/search/etablissement+wellness+Chabanière%2BFrance/,
https://www.google.com/maps/search/etablissement+wellness+La Chabanne%2BFrance/,
https://www.google.com/maps/search/etablissement+wellness+Chabestan%2BFrance/,
https://www.google.com/maps/search/etablissement+wellness+Chabeuil%2BFrance/,
https://www.google.com/maps/search/etablissement+wellness+Chablis%2BFrance/,
https://www.google.com/maps/search/etablissement+wellness+Châbons%2BFrance/,
https://www.google.com/maps/search/etablissement+wellness+Chabottes%2BFrance/,traité (2026-08-22 16:18)
https://www.google.com/maps/search/etablissement+wellness+Chabournay%2BFrance/,traité (2026-08-22 16:19)
https://www.google.com/maps/search/etablissement+wellness+Chabrac%2BFrance/,traité (2026-08-22 16:19)
https://www.google.com/maps/search/etablissement+wellness+Chabreloche%2BFrance/,traité (2026-08-22 16:19)
https://www.google.com/maps/search/etablissement+wellness+Chabrignac%2BFrance/,traité (2026-08-22 16:20)
https://www.google.com/maps/search/etablissement+wellness+Chabrillan%2BFrance/,traité (2026-08-22 16:20)
https://www.google.com/maps/search/etablissement+wellness+Chabris%2BFrance/,traité (2026-08-22 16:20)
https://www.google.com/maps/search/etablissement+wellness+Chacé%2BFrance/,traité (2026-08-22 16:20)
https://www.google.com/maps/search/etablissement+wellness+Chacenay%2BFrance/,traité (2026-08-22 16:21)
https://www.google.com/maps/search/etablissement+wellness+Chacrise%2BFrance/,traité (2026-08-22 16:21)
https://www.google.com/maps/search/etablissement+wellness+Chadeleuf%2BFrance/,traité (2026-08-22 16:21)
https://www.google.com/maps/search/etablissement+wellness+Chadenac%2BFrance/,traité (2026-08-22 16:21)
https://www.google.com/maps/search/etablissement+wellness+Chadenet%2BFrance/,traité (2026-08-22 16:24)
https://www.google.com/maps/search/etablissement+wellness+Chadrac%2BFrance/,traité (2026-08-22 16:24)
https://www.google.com/maps/search/etablissement+wellness+Chadron%2BFrance/,traité (2026-08-22 16:24)
https://www.google.com/maps/search/etablissement+wellness+Chadurie%2BFrance/,traité (2026-08-22 16:24)
https://www.google.com/maps/search/etablissement+wellness+Le Chaffal%2BFrance/,traité (2026-08-22 16:24)
https://www.google.com/maps/search/etablissement+wellness+Le Chaffaut-Saint-Jurson%2BFrance/,traité (2026-08-22 16:24)
https://www.google.com/maps/search/etablissement+wellness+Chaffois%2BFrance/,traité (2026-08-22 16:24)
https://www.google.com/maps/search/etablissement+wellness+Chagey%2BFrance/,traité (2026-08-22 16:24)
https://www.google.com/maps/search/etablissement+wellness+Chagnon%2BFrance/,traité (2026-08-22 16:24)
https://www.google.com/maps/search/etablissement+wellness+Chagny%2BFrance/,traité (2026-08-22 16:25)
https://www.google.com/maps/search/etablissement+wellness+Chagny%2BFrance/,traité (2026-08-22 16:25)
https://www.google.com/maps/search/etablissement+wellness+Chahaignes%2BFrance/,traité (2026-08-22 16:25)
https://www.google.com/maps/search/etablissement+wellness+Chahains%2BFrance/,traité (2026-08-22 16:27)
https://www.google.com/maps/search/etablissement+wellness+Chaignay%2BFrance/,traité (2026-08-22 16:27)
https://www.google.com/maps/search/etablissement+wellness+Chaignes%2BFrance/,traité (2026-08-22 16:27)
https://www.google.com/maps/search/etablissement+wellness+Chail%2BFrance/,traité (2026-08-22 16:27)
https://www.google.com/maps/search/etablissement+wellness+Chaillac%2BFrance/,traité (2026-08-22 16:27)
https://www.google.com/maps/search/etablissement+wellness+Chaillac-sur-Vienne%2BFrance/,traité (2026-08-22 16:27)
https://www.google.com/maps/search/etablissement+wellness+Chailland%2BFrance/,traité (2026-08-22 16:28)
https://www.google.com/maps/search/etablissement+wellness+Chaillé-les-Marais%2BFrance/,traité (2026-08-22 16:28)
https://www.google.com/maps/search/etablissement+wellness+Chailles%2BFrance/,traité (2026-08-22 16:28)
https://www.google.com/maps/search/etablissement+wellness+La Chailleuse%2BFrance/,traité (2026-08-22 16:28)
https://www.google.com/maps/search/etablissement+wellness+Chaillevette%2BFrance/,traité (2026-08-22 16:28)
https://www.google.com/maps/search/etablissement+wellness+Chaillevois%2BFrance/,traité (2026-08-22 16:28)
https://www.google.com/maps/search/etablissement+wellness+Chailley%2BFrance/,traité (2026-08-22 16:28)
https://www.google.com/maps/search/etablissement+wellness+Chaillon%2BFrance/,traité (2026-08-22 16:31)
https://www.google.com/maps/search/etablissement+wellness+Chailloué%2BFrance/,traité (2026-08-22 16:31)
https://www.google.com/maps/search/etablissement+wellness+Chailly-en-Bière%2BFrance/,traité (2026-08-22 16:31)
https://www.google.com/maps/search/etablissement+wellness+Chailly-en-Brie%2BFrance/,traité (2026-08-22 16:31)
https://www.google.com/maps/search/etablissement+wellness+Chailly-en-Gâtinais%2BFrance/,traité (2026-08-22 16:31)
https://www.google.com/maps/search/etablissement+wellness+Chailly-lès-Ennery%2BFrance/,traité (2026-08-22 16:31)
https://www.google.com/maps/search/etablissement+wellness+Chailly-sur-Armançon%2BFrance/,traité (2026-08-22 16:31)
https://www.google.com/maps/search/etablissement+wellness+Chainaz-les-Frasses%2BFrance/,traité (2026-08-22 16:31)
https://www.google.com/maps/search/etablissement+wellness+Chaînée-des-Coupis%2BFrance/,traité (2026-08-22 16:31)
https://www.google.com/maps/search/etablissement+wellness+Chaingy%2BFrance/,traité (2026-08-22 16:31)
https://www.google.com/maps/search/etablissement+wellness+Chaintré%2BFrance/,traité (2026-08-22 16:31)
https://www.google.com/maps/search/etablissement+wellness+Chaintreaux%2BFrance/,traité (2026-08-22 16:32)
https://www.google.com/maps/search/etablissement+wellness+Chaintrix-Bierges%2BFrance/,traité (2026-08-22 16:34)
https://www.google.com/maps/search/etablissement+wellness+La Chaise%2BFrance/,traité (2026-08-22 16:34)
https://www.google.com/maps/search/etablissement+wellness+La Chaise-Baudouin%2BFrance/,traité (2026-08-22 16:34)
https://www.google.com/maps/search/etablissement+wellness+La Chaise-Dieu%2BFrance/,traité (2026-08-22 16:34)
https://www.google.com/maps/search/etablissement+wellness+Chaise-Dieu-du-Theil%2BFrance/,traité (2026-08-22 16:34)
https://www.google.com/maps/search/etablissement+wellness+Chaix%2BFrance/,traité (2026-08-22 16:34)
https://www.google.com/maps/search/etablissement+wellness+La Chaize-Giraud%2BFrance/,traité (2026-08-22 16:34)
https://www.google.com/maps/search/etablissement+wellness+La Chaize-le-Vicomte%2BFrance/,traité (2026-08-22 16:34)
https://www.google.com/maps/search/etablissement+wellness+Chalabre%2BFrance/,traité (2026-08-22 16:34)
https://www.google.com/maps/search/etablissement+wellness+Chalagnac%2BFrance/,traité (2026-08-22 16:34)
https://www.google.com/maps/search/etablissement+wellness+Chalain-d'Uzore%2BFrance/,traité (2026-08-22 16:35)
https://www.google.com/maps/search/etablissement+wellness+Chalain-le-Comtal%2BFrance/,traité (2026-08-22 16:35)
https://www.google.com/maps/search/etablissement+wellness+Chalaines%2BFrance/,traité (2026-08-22 16:35)
https://www.google.com/maps/search/etablissement+wellness+Chalais%2BFrance/,traité (2026-08-22 16:37)
https://www.google.com/maps/search/etablissement+wellness+Chalais%2BFrance/,traité (2026-08-22 16:37)
https://www.google.com/maps/search/etablissement+wellness+Chalais%2BFrance/,traité (2026-08-22 16:37)
https://www.google.com/maps/search/etablissement+wellness+Chalais%2BFrance/,traité (2026-08-22 16:37)
https://www.google.com/maps/search/etablissement+wellness+Chalamont%2BFrance/,traité (2026-08-22 16:37)
https://www.google.com/maps/search/etablissement+wellness+Chalampé%2BFrance/,traité (2026-08-22 16:37)
https://www.google.com/maps/search/etablissement+wellness+Chalancey%2BFrance/,traité (2026-08-22 16:37)
https://www.google.com/maps/search/etablissement+wellness+Chalancon%2BFrance/,traité (2026-08-22 16:37)
https://www.google.com/maps/search/etablissement+wellness+Chalandray%2BFrance/,traité (2026-08-22 16:37)
https://www.google.com/maps/search/etablissement+wellness+Chalandry%2BFrance/,traité (2026-08-22 16:38)
https://www.google.com/maps/search/etablissement+wellness+Chalandry-Elaire%2BFrance/,traité (2026-08-22 16:38)
https://www.google.com/maps/search/etablissement+wellness+Le Chalange%2BFrance/,traité (2026-08-22 16:38)
https://www.google.com/maps/search/etablissement+wellness+Le Chalard%2BFrance/,traité (2026-08-22 16:40)
https://www.google.com/maps/search/etablissement+wellness+Chalautre-la-Grande%2BFrance/,traité (2026-08-22 16:40)
https://www.google.com/maps/search/etablissement+wellness+Chalautre-la-Petite%2BFrance/,traité (2026-08-22 16:40)
https://www.google.com/maps/search/etablissement+wellness+Chalaux%2BFrance/,traité (2026-08-22 16:40)
https://www.google.com/maps/search/etablissement+wellness+Chaleins%2BFrance/,traité (2026-08-22 16:40)
https://www.google.com/maps/search/etablissement+wellness+Chalencon%2BFrance/,traité (2026-08-22 16:40)
https://www.google.com/maps/search/etablissement+wellness+Les Chalesmes%2BFrance/,traité (2026-08-22 16:40)
https://www.google.com/maps/search/etablissement+wellness+Châlette-sur-Loing%2BFrance/,traité (2026-08-22 16:40)
https://www.google.com/maps/search/etablissement+wellness+Chalette-sur-Voire%2BFrance/,traité (2026-08-22 16:40)
https://www.google.com/maps/search/etablissement+wellness+Chaley%2BFrance/,traité (2026-08-22 16:41)
https://www.google.com/maps/search/etablissement+wellness+Chalèze%2BFrance/,traité (2026-08-22 16:41)
https://www.google.com/maps/search/etablissement+wellness+Chalezeule%2BFrance/,traité (2026-08-22 16:41)
https://www.google.com/maps/search/etablissement+wellness+Chaliers%2BFrance/,traité (2026-08-22 16:42)
https://www.google.com/maps/search/etablissement+wellness+Chalifert%2BFrance/,traité (2026-08-22 16:44)
https://www.google.com/maps/search/etablissement+wellness+Chaligny%2BFrance/,traité (2026-08-22 16:44)
https://www.google.com/maps/search/etablissement+wellness+Chalinargues%2BFrance/,traité (2026-08-22 16:44)
https://www.google.com/maps/search/etablissement+wellness+Chalindrey%2BFrance/,traité (2026-08-22 16:44)
https://www.google.com/maps/search/etablissement+wellness+Chalivoy-Milon%2BFrance/,traité (2026-08-22 16:44)
https://www.google.com/maps/search/etablissement+wellness+Challain-la-Potherie%2BFrance/,traité (2026-08-22 16:44)
https://www.google.com/maps/search/etablissement+wellness+Challans%2BFrance/,traité (2026-08-22 16:44)
https://www.google.com/maps/search/etablissement+wellness+Challement%2BFrance/,traité (2026-08-22 16:45)
https://www.google.com/maps/search/etablissement+wellness+Challerange%2BFrance/,traité (2026-08-22 16:45)
https://www.google.com/maps/search/etablissement+wellness+Challes%2BFrance/,traité (2026-08-22 16:45)
https://www.google.com/maps/search/etablissement+wellness+Challes-la-Montagne%2BFrance/,traité (2026-08-22 16:45)
https://www.google.com/maps/search/etablissement+wellness+Challes-les-Eaux%2BFrance/,traité (2026-08-22 16:46)
https://www.google.com/maps/search/etablissement+wellness+Challet%2BFrance/,traité (2026-08-22 16:46)
https://www.google.com/maps/search/etablissement+wellness+Challex%2BFrance/,traité (2026-08-22 16:48)
https://www.google.com/maps/search/etablissement+wellness+Challignac%2BFrance/,traité (2026-08-22 16:48)
https://www.google.com/maps/search/etablissement+wellness+Challonges%2BFrance/,traité (2026-08-22 16:48)
https://www.google.com/maps/search/etablissement+wellness+Challuy%2BFrance/,traité (2026-08-22 16:48)
https://www.google.com/maps/search/etablissement+wellness+Chalmaison%2BFrance/,traité (2026-08-22 16:48)
https://www.google.com/maps/search/etablissement+wellness+Chalmazel-Jeansagnière%2BFrance/,traité (2026-08-22 16:48)
https://www.google.com/maps/search/etablissement+wellness+Chalmoux%2BFrance/,traité (2026-08-22 16:49)
https://www.google.com/maps/search/etablissement+wellness+Chalo-Saint-Mars%2BFrance/,traité (2026-08-22 16:49)
https://www.google.com/maps/search/etablissement+wellness+Le Chalon%2BFrance/,traité (2026-08-22 16:50)
https://www.google.com/maps/search/etablissement+wellness+Chalon%2BFrance/,traité (2026-08-22 16:50)
https://www.google.com/maps/search/etablissement+wellness+Chalon-sur-Saône%2BFrance/,traité (2026-08-22 16:52)
https://www.google.com/maps/search/etablissement+wellness+Chalonnes-sous-le-Lude%2BFrance/,traité (2026-08-22 16:52)
https://www.google.com/maps/search/etablissement+wellness+Chalonnes-sur-Loire%2BFrance/,traité (2026-08-22 16:52)
https://www.google.com/maps/search/etablissement+wellness+Châlons-du-Maine%2BFrance/,traité (2026-08-22 16:52)
https://www.google.com/maps/search/etablissement+wellness+Châlons-en-Champagne%2BFrance/,traité (2026-08-22 16:52)
https://www.google.com/maps/search/etablissement+wellness+Châlons-sur-Vesle%2BFrance/,traité (2026-08-22 16:52)
https://www.google.com/maps/search/etablissement+wellness+Châlonvillars%2BFrance/,traité (2026-08-22 16:53)
https://www.google.com/maps/search/etablissement+wellness+Chalou-Moulineux%2BFrance/,traité (2026-08-22 16:53)
https://www.google.com/maps/search/etablissement+wellness+Chaltrait%2BFrance/,traité (2026-08-22 16:54)
https://www.google.com/maps/search/etablissement+wellness+Chalus%2BFrance/,traité (2026-08-22 16:54)
https://www.google.com/maps/search/etablissement+wellness+Châlus%2BFrance/,traité (2026-08-22 16:56)
https://www.google.com/maps/search/etablissement+wellness+Chalvignac%2BFrance/,traité (2026-08-22 16:56)
https://www.google.com/maps/search/etablissement+wellness+Chalvraines%2BFrance/,traité (2026-08-22 16:56)
https://www.google.com/maps/search/etablissement+wellness+Chamadelle%2BFrance/,traité (2026-08-22 16:56)
https://www.google.com/maps/search/etablissement+wellness+Chamagne%2BFrance/,traité (2026-08-22 16:56)
https://www.google.com/maps/search/etablissement+wellness+Chamagnieu%2BFrance/,traité (2026-08-22 16:56)
https://www.google.com/maps/search/etablissement+wellness+Chamalières%2BFrance/,traité (2026-08-22 16:56)
https://www.google.com/maps/search/etablissement+wellness+Chamalières-sur-Loire%2BFrance/,traité (2026-08-22 16:57)
https://www.google.com/maps/search/etablissement+wellness+Chamaloc%2BFrance/,traité (2026-08-22 16:57)
https://www.google.com/maps/search/etablissement+wellness+Chamant%2BFrance/,traité (2026-08-22 16:57)
https://www.google.com/maps/search/etablissement+wellness+Chamarande%2BFrance/,traité (2026-08-22 17:00)
https://www.google.com/maps/search/etablissement+wellness+Chamarandes-Choignes%2BFrance/,traité (2026-08-22 17:00)
https://www.google.com/maps/search/etablissement+wellness+Chamaret%2BFrance/,traité (2026-08-22 17:00)
https://www.google.com/maps/search/etablissement+wellness+La Chamba%2BFrance/,traité (2026-08-22 17:00)
https://www.google.com/maps/search/etablissement+wellness+Chambain%2BFrance/,traité (2026-08-22 17:00)
https://www.google.com/maps/search/etablissement+wellness+Chambaron sur Morge%2BFrance/,traité (2026-08-22 17:00)
https://www.google.com/maps/search/etablissement+wellness+Chambeire%2BFrance/,traité (2026-08-22 17:00)
https://www.google.com/maps/search/etablissement+wellness+Chambellay%2BFrance/,traité (2026-08-22 17:00)
https://www.google.com/maps/search/etablissement+wellness+Chambéon%2BFrance/,traité (2026-08-22 17:01)
https://www.google.com/maps/search/etablissement+wellness+Chambérat%2BFrance/,traité (2026-08-22 17:01)
https://www.google.com/maps/search/etablissement+wellness+Chamberaud%2BFrance/,traité (2026-08-22 17:03)
https://www.google.com/maps/search/etablissement+wellness+Chamberet%2BFrance/,traité (2026-08-22 17:03)
https://www.google.com/maps/search/etablissement+wellness+Chambéria%2BFrance/,traité (2026-08-22 17:03)
https://www.google.com/maps/search/etablissement+wellness+Chambéry%2BFrance/,traité (2026-08-22 17:03)
https://www.google.com/maps/search/etablissement+wellness+Chambezon%2BFrance/,traité (2026-08-22 17:03)
https://www.google.com/maps/search/etablissement+wellness+Chambilly%2BFrance/,traité (2026-08-22 17:03)
https://www.google.com/maps/search/etablissement+wellness+Chamblac%2BFrance/,traité (2026-08-22 17:03)
https://www.google.com/maps/search/etablissement+wellness+Chamblanc%2BFrance/,traité (2026-08-22 17:04)
https://www.google.com/maps/search/etablissement+wellness+Chamblay%2BFrance/,traité (2026-08-22 17:04)
https://www.google.com/maps/search/etablissement+wellness+Chambles%2BFrance/,traité (2026-08-22 17:04)
https://www.google.com/maps/search/etablissement+wellness+Chamblet%2BFrance/,traité (2026-08-22 17:06)
https://www.google.com/maps/search/etablissement+wellness+Chambley-Bussières%2BFrance/,traité (2026-08-22 17:06)
https://www.google.com/maps/search/etablissement+wellness+Chambly%2BFrance/,traité (2026-08-22 17:06)
https://www.google.com/maps/search/etablissement+wellness+Chambœuf%2BFrance/,traité (2026-08-22 17:06)
https://www.google.com/maps/search/etablissement+wellness+Chambœuf%2BFrance/,traité (2026-08-22 17:06)
https://www.google.com/maps/search/etablissement+wellness+Chambois%2BFrance/,traité (2026-08-22 17:07)
https://www.google.com/maps/search/etablissement+wellness+Chambois%2BFrance/,traité (2026-08-22 17:07)
https://www.google.com/maps/search/etablissement+wellness+Chambolle-Musigny%2BFrance/,traité (2026-08-22 17:08)
https://www.google.com/maps/search/etablissement+wellness+Le Chambon%2BFrance/,traité (2026-08-22 17:08)
https://www.google.com/maps/search/etablissement+wellness+Chambon%2BFrance/,traité (2026-08-22 17:11)
https://www.google.com/maps/search/etablissement+wellness+Chambon%2BFrance/,traité (2026-08-22 17:11)
https://www.google.com/maps/search/etablissement+wellness+Chambon%2BFrance/,traité (2026-08-22 17:11)
https://www.google.com/maps/search/etablissement+wellness+Chambon%2BFrance/,traité (2026-08-22 17:11)
https://www.google.com/maps/search/etablissement+wellness+Le Chambon-Feugerolles%2BFrance/,traité (2026-08-22 17:11)
https://www.google.com/maps/search/etablissement+wellness+Chambon-la-Forêt%2BFrance/,traité (2026-08-22 17:11)
https://www.google.com/maps/search/etablissement+wellness+Chambon-le-Château%2BFrance/,traité (2026-08-22 17:11)
https://www.google.com/maps/search/etablissement+wellness+Chambon-Sainte-Croix%2BFrance/,traité (2026-08-22 17:11)
https://www.google.com/maps/search/etablissement+wellness+Chambon-sur-Cisse%2BFrance/,traité (2026-08-22 17:11)
https://www.google.com/maps/search/etablissement+wellness+Chambon-sur-Dolore%2BFrance/,traité (2026-08-22 17:12)
https://www.google.com/maps/search/etablissement+wellness+Chambon-sur-Lac%2BFrance/,traité (2026-08-22 17:12)
https://www.google.com/maps/search/etablissement+wellness+Le Chambon-sur-Lignon%2BFrance/,traité (2026-08-22 17:14)
https://www.google.com/maps/search/etablissement+wellness+Chambon-sur-Voueize%2BFrance/,traité (2026-08-22 17:14)
https://www.google.com/maps/search/etablissement+wellness+Chambonas%2BFrance/,traité (2026-08-22 17:14)
https://www.google.com/maps/search/etablissement+wellness+Chambonchard%2BFrance/,traité (2026-08-22 17:14)
https://www.google.com/maps/search/etablissement+wellness+La Chambonie%2BFrance/,traité (2026-08-22 17:14)
https://www.google.com/maps/search/etablissement+wellness+Chamborand%2BFrance/,traité (2026-08-22 17:14)
https://www.google.com/maps/search/etablissement+wellness+Chambord%2BFrance/,traité (2026-08-22 17:15)
https://www.google.com/maps/search/etablissement+wellness+Chambord%2BFrance/,traité (2026-08-22 17:15)
https://www.google.com/maps/search/etablissement+wellness+Chamboret%2BFrance/,traité (2026-08-22 17:15)
https://www.google.com/maps/search/etablissement+wellness+Chamborigaud%2BFrance/,traité (2026-08-22 17:16)
https://www.google.com/maps/search/etablissement+wellness+Chambornay-lès-Bellevaux%2BFrance/,traité (2026-08-22 17:18)
https://www.google.com/maps/search/etablissement+wellness+Chambornay-lès-Pin%2BFrance/,traité (2026-08-22 17:18)
https://www.google.com/maps/search/etablissement+wellness+Chambors%2BFrance/,traité (2026-08-22 17:18)
https://www.google.com/maps/search/etablissement+wellness+Chambost-Allières%2BFrance/,traité (2026-08-22 17:18)
https://www.google.com/maps/search/etablissement+wellness+Chambost-Longessaigne%2BFrance/,traité (2026-08-22 17:18)
https://www.google.com/maps/search/etablissement+wellness+Chamboulive%2BFrance/,traité (2026-08-22 17:18)
https://www.google.com/maps/search/etablissement+wellness+Chambourcy%2BFrance/,traité (2026-08-22 17:18)
https://www.google.com/maps/search/etablissement+wellness+Chambourg-sur-Indre%2BFrance/,traité (2026-08-22 17:18)
https://www.google.com/maps/search/etablissement+wellness+Chambray%2BFrance/,traité (2026-08-22 17:18)
https://www.google.com/maps/search/etablissement+wellness+Chambray-lès-Tours%2BFrance/,traité (2026-08-22 17:19)
https://www.google.com/maps/search/etablissement+wellness+La Chambre%2BFrance/,traité (2026-08-22 17:21)
https://www.google.com/maps/search/etablissement+wellness+Chambrecy%2BFrance/,traité (2026-08-22 17:21)
https://www.google.com/maps/search/etablissement+wellness+Chambretaud%2BFrance/,traité (2026-08-22 17:21)
https://www.google.com/maps/search/etablissement+wellness+Chambrey%2BFrance/,traité (2026-08-22 17:21)
https://www.google.com/maps/search/etablissement+wellness+Chambroncourt%2BFrance/,traité (2026-08-22 17:21)
https://www.google.com/maps/search/etablissement+wellness+Chambry%2BFrance/,traité (2026-08-22 17:21)
https://www.google.com/maps/search/etablissement+wellness+Chambry%2BFrance/,traité (2026-08-22 17:21)
https://www.google.com/maps/search/etablissement+wellness+Chaméane%2BFrance/,traité (2026-08-22 17:22)
https://www.google.com/maps/search/etablissement+wellness+Chamelet%2BFrance/,traité (2026-08-22 17:22)
https://www.google.com/maps/search/etablissement+wellness+Chamery%2BFrance/,traité (2026-08-22 17:22)
https://www.google.com/maps/search/etablissement+wellness+Chamesey%2BFrance/,traité (2026-08-22 17:24)
https://www.google.com/maps/search/etablissement+wellness+Chamesol%2BFrance/,traité (2026-08-22 17:25)
https://www.google.com/maps/search/etablissement+wellness+Chamesson%2BFrance/,traité (2026-08-22 17:25)
https://www.google.com/maps/search/etablissement+wellness+Chameyrat%2BFrance/,traité (2026-08-22 17:25)
https://www.google.com/maps/search/etablissement+wellness+Chamigny%2BFrance/,traité (2026-08-22 17:25)
https://www.google.com/maps/search/etablissement+wellness+Chamilly%2BFrance/,traité (2026-08-22 17:25)
https://www.google.com/maps/search/etablissement+wellness+Chamole%2BFrance/,traité (2026-08-22 17:25)
https://www.google.com/maps/search/etablissement+wellness+Chamonix-Mont-Blanc%2BFrance/,traité (2026-08-22 17:26)
https://www.google.com/maps/search/etablissement+wellness+Chamouillac%2BFrance/,
https://www.google.com/maps/search/etablissement+wellness+Chamouille%2BFrance/,
https://www.google.com/maps/search/etablissement+wellness+Chamouilley%2BFrance/,
https://www.google.com/maps/search/etablissement+wellness+Chamousset%2BFrance/,
https://www.google.com/maps/search/etablissement+wellness+Chamoux%2BFrance/,
https://www.google.com/maps/search/etablissement+wellness+Chamoux-sur-Gelon%2BFrance/,
https://www.google.com/maps/search/etablissement+wellness+Chamoy%2BFrance/,
https://www.google.com/maps/search/etablissement+wellness+Champ-d'Oiseau%2BFrance/,
https://www.google.com/maps/search/etablissement+wellness+Le Champ-de-la-Pierre%2BFrance/,
https://www.google.com/maps/search/etablissement+wellness+Champ-Dolent%2BFrance/,
https://www.google.com/maps/search/etablissement+wellness+Champ-du-Boult%2BFrance/,
https://www.google.com/maps/search/etablissement+wellness+Champ-Haut%2BFrance/,
https://www.google.com/maps/search/etablissement+wellness+Champ-Laurent%2BFrance/,
https://www.google.com/maps/search/etablissement+wellness+Champ-le-Duc%2BFrance/,
https://www.google.com/maps/search/etablissement+wellness+Le Champ-près-Froges%2BFrance/,
https://www.google.com/maps/search/etablissement+wellness+Le Champ-Saint-Père%2BFrance/,
https://www.google.com/maps/search/etablissement+wellness+Champ-sur-Barse%2BFrance/,
https://www.google.com/maps/search/etablissement+wellness+Champ-sur-Drac%2BFrance/,
https://www.google.com/maps/search/etablissement+wellness+Champagnac%2BFrance/,
https://www.google.com/maps/search/etablissement+wellness+Champagnac%2BFrance/,
https://www.google.com/maps/search/etablissement+wellness+Champagnac-de-Belair%2BFrance/,
https://www.google.com/maps/search/etablissement+wellness+Champagnac-la-Noaille%2BFrance/,
https://www.google.com/maps/search/etablissement+wellness+Champagnac-la-Prune%2BFrance/,
https://www.google.com/maps/search/etablissement+wellness+Champagnac-la-Rivière%2BFrance/,
https://www.google.com/maps/search/etablissement+wellness+Champagnac-le-Vieux%2BFrance/,
https://www.google.com/maps/search/etablissement+wellness+Champagnat%2BFrance/,
https://www.google.com/maps/search/etablissement+wellness+Champagnat%2BFrance/,
https://www.google.com/maps/search/etablissement+wellness+Champagnat-le-Jeune%2BFrance/,
https://www.google.com/maps/search/etablissement+wellness+Champagne%2BFrance/,
https://www.google.com/maps/search/etablissement+wellness+Champagne%2BFrance/,
https://www.google.com/maps/search/etablissement+wellness+Champagné%2BFrance/,
https://www.google.com/maps/search/etablissement+wellness+Champagne-au-Mont-d'Or%2BFrance/,
https://www.google.com/maps/search/etablissement+wellness+Champagne-en-Valromey%2BFrance/,
https://www.google.com/maps/search/etablissement+wellness+Champagne-et-Fontaine%2BFrance/,
https://www.google.com/maps/search/etablissement+wellness+Champagné-le-Sec%2BFrance/,
https://www.google.com/maps/search/etablissement+wellness+Champagné-les-Marais%2BFrance/,
https://www.google.com/maps/search/etablissement+wellness+Champagne-Mouton%2BFrance/,
https://www.google.com/maps/search/etablissement+wellness+Champagné-Saint-Hilaire%2BFrance/,
https://www.google.com/maps/search/etablissement+wellness+Champagne-sur-Loue%2BFrance/,
https://www.google.com/maps/search/etablissement+wellness+Champagne-sur-Oise%2BFrance/,
https://www.google.com/maps/search/etablissement+wellness+Champagne-sur-Seine%2BFrance/,
https://www.google.com/maps/search/etablissement+wellness+Champagne-sur-Vingeanne%2BFrance/,
https://www.google.com/maps/search/etablissement+wellness+Champagne-Vigny%2BFrance/,
https://www.google.com/maps/search/etablissement+wellness+Champagneux%2BFrance/,
https://www.google.com/maps/search/etablissement+wellness+Champagney%2BFrance/,
https://www.google.com/maps/search/etablissement+wellness+Champagney%2BFrance/,
https://www.google.com/maps/search/etablissement+wellness+Champagney%2BFrance/,
https://www.google.com/maps/search/etablissement+wellness+Champagnier%2BFrance/,
https://www.google.com/maps/search/etablissement+wellness+Champagnole%2BFrance/,
https://www.google.com/maps/search/etablissement+wellness+Champagnolles%2BFrance/,
https://www.google.com/maps/search/etablissement+wellness+Champagny%2BFrance/,
https://www.google.com/maps/search/etablissement+wellness+Champagny-en-Vanoise%2BFrance/,
https://www.google.com/maps/search/etablissement+wellness+Champagny-sous-Uxelles%2BFrance/,
https://www.google.com/maps/search/etablissement+wellness+Champallement%2BFrance/,
https://www.google.com/maps/search/etablissement+wellness+Champanges%2BFrance/,
https://www.google.com/maps/search/etablissement+wellness+Champaubert%2BFrance/,
https://www.google.com/maps/search/etablissement+wellness+Champcella%2BFrance/,
https://www.google.com/maps/search/etablissement+wellness+Champcenest%2BFrance/,
https://www.google.com/maps/search/etablissement+wellness+Champcerie%2BFrance/,
https://www.google.com/maps/search/etablissement+wellness+Champcevinel%2BFrance/,
https://www.google.com/maps/search/etablissement+wellness+Champcevrais%2BFrance/,
https://www.google.com/maps/search/etablissement+wellness+Champclause%2BFrance/,
https://www.google.com/maps/search/etablissement+wellness+Champcueil%2BFrance/,
https://www.google.com/maps/search/etablissement+wellness+Champdeniers-Saint-Denis%2BFrance/,
https://www.google.com/maps/search/etablissement+wellness+Champdeuil%2BFrance/,
https://www.google.com/maps/search/etablissement+wellness+Champdieu%2BFrance/,
https://www.google.com/maps/search/etablissement+wellness+Champdivers%2BFrance/,
https://www.google.com/maps/search/etablissement+wellness+Champdolent%2BFrance/,
https://www.google.com/maps/search/etablissement+wellness+Champdor-Corcelles%2BFrance/,
https://www.google.com/maps/search/etablissement+wellness+Champdôtre%2BFrance/,
https://www.google.com/maps/search/etablissement+wellness+Champdray%2BFrance/,
https://www.google.com/maps/search/etablissement+wellness+Champeau-en-Morvan%2BFrance/,
https://www.google.com/maps/search/etablissement+wellness+Champeaux%2BFrance/,
https://www.google.com/maps/search/etablissement+wellness+Champeaux%2BFrance/,
https://www.google.com/maps/search/etablissement+wellness+Les Champeaux%2BFrance/,
https://www.google.com/maps/search/etablissement+wellness+Champeaux%2BFrance/,
https://www.google.com/maps/search/etablissement+wellness+Champeaux-et-la-Chapelle-Pommier%2BFrance/,
https://www.google.com/maps/search/etablissement+wellness+Champeaux-sur-Sarthe%2BFrance/,
https://www.google.com/maps/search/etablissement+wellness+Champeix%2BFrance/,
https://www.google.com/maps/search/etablissement+wellness+Champenard%2BFrance/,
https://www.google.com/maps/search/etablissement+wellness+La Champenoise%2BFrance/,
https://www.google.com/maps/search/etablissement+wellness+Champenoux%2BFrance/,
https://www.google.com/maps/search/etablissement+wellness+Champéon%2BFrance/,
https://www.google.com/maps/search/etablissement+wellness+Champétières%2BFrance/,
https://www.google.com/maps/search/etablissement+wellness+Champey%2BFrance/,
https://www.google.com/maps/search/etablissement+wellness+Champey-sur-Moselle%2BFrance/,
https://www.google.com/maps/search/etablissement+wellness+Champfleur%2BFrance/,
https://www.google.com/maps/search/etablissement+wellness+Champfleury%2BFrance/,
https://www.google.com/maps/search/etablissement+wellness+Champfleury%2BFrance/,
https://www.google.com/maps/search/etablissement+wellness+Champforgeuil%2BFrance/,
https://www.google.com/maps/search/etablissement+wellness+Champfrémont%2BFrance/,
https://www.google.com/maps/search/etablissement+wellness+Champfromier%2BFrance/,
https://www.google.com/maps/search/etablissement+wellness+Champgenéteux%2BFrance/,
https://www.google.com/maps/search/etablissement+wellness+Champguyon%2BFrance/,
https://www.google.com/maps/search/etablissement+wellness+Champhol%2BFrance/,
https://www.google.com/maps/search/etablissement+wellness+Champien%2BFrance/,
https://www.google.com/maps/search/etablissement+wellness+Champier%2BFrance/,
https://www.google.com/maps/search/etablissement+wellness+Champignelles%2BFrance/,
https://www.google.com/maps/search/etablissement+wellness+Champigneul-Champagne%2BFrance/,
https://www.google.com/maps/search/etablissement+wellness+Champigneul-sur-Vence%2BFrance/,
https://www.google.com/maps/search/etablissement+wellness+Champigneulle%2BFrance/,
https://www.google.com/maps/search/etablissement+wellness+Champigneulles%2BFrance/,
https://www.google.com/maps/search/etablissement+wellness+Champigneulles-en-Bassigny%2BFrance/,
https://www.google.com/maps/search/etablissement+wellness+Champignol-lez-Mondeville%2BFrance/,
https://www.google.com/maps/search/etablissement+wellness+Champignolles%2BFrance/,
https://www.google.com/maps/search/etablissement+wellness+Champignolles%2BFrance/,
https://www.google.com/maps/search/etablissement+wellness+Champigny%2BFrance/,
https://www.google.com/maps/search/etablissement+wellness+Champigny%2BFrance/,
https://www.google.com/maps/search/etablissement+wellness+Champigny en Rochereau%2BFrance/,
https://www.google.com/maps/search/etablissement+wellness+Champigny-en-Beauce%2BFrance/,
https://www.google.com/maps/search/etablissement+wellness+Champigny-la-Futelaye%2BFrance/,
https://www.google.com/maps/search/etablissement+wellness+Champigny-lès-Langres%2BFrance/,
https://www.google.com/maps/search/etablissement+wellness+Champigny-sous-Varennes%2BFrance/,
https://www.google.com/maps/search/etablissement+wellness+Champigny-sur-Aube%2BFrance/,
https://www.google.com/maps/search/etablissement+wellness+Champigny-sur-Marne%2BFrance/,
https://www.google.com/maps/search/etablissement+wellness+Champigny-sur-Veude%2BFrance/,
https://www.google.com/maps/search/etablissement+wellness+Champillet%2BFrance/,
https://www.google.com/maps/search/etablissement+wellness+Champillon%2BFrance/,
https://www.google.com/maps/search/etablissement+wellness+Champis%2BFrance/,
https://www.google.com/maps/search/etablissement+wellness+Champlan%2BFrance/,
https://www.google.com/maps/search/etablissement+wellness+Champlat-et-Boujacourt%2BFrance/,
https://www.google.com/maps/search/etablissement+wellness+Champlay%2BFrance/,
https://www.google.com/maps/search/etablissement+wellness+Champlecy%2BFrance/,
https://www.google.com/maps/search/etablissement+wellness+Champlemy%2BFrance/,
https://www.google.com/maps/search/etablissement+wellness+Champlin%2BFrance/,
https://www.google.com/maps/search/etablissement+wellness+Champlin%2BFrance/,
https://www.google.com/maps/search/etablissement+wellness+Champlitte%2BFrance/,
https://www.google.com/maps/search/etablissement+wellness+Champlive%2BFrance/,
https://www.google.com/maps/search/etablissement+wellness+Champlost%2BFrance/,
https://www.google.com/maps/search/etablissement+wellness+Champmillon%2BFrance/,
https://www.google.com/maps/search/etablissement+wellness+Champmotteux%2BFrance/,
https://www.google.com/maps/search/etablissement+wellness+Champnétery%2BFrance/,
https://www.google.com/maps/search/etablissement+wellness+Champneuville%2BFrance/,
https://www.google.com/maps/search/etablissement+wellness+Champniers%2BFrance/,
https://www.google.com/maps/search/etablissement+wellness+Champniers%2BFrance/,
https://www.google.com/maps/search/etablissement+wellness+Champniers-et-Reilhac%2BFrance/,
https://www.google.com/maps/search/etablissement+wellness+Champoléon%2BFrance/,
https://www.google.com/maps/search/etablissement+wellness+Champoly%2BFrance/,
https://www.google.com/maps/search/etablissement+wellness+Champosoult%2BFrance/,
https://www.google.com/maps/search/etablissement+wellness+Champougny%2BFrance/,
https://www.google.com/maps/search/etablissement+wellness+Champoulet%2BFrance/,
https://www.google.com/maps/search/etablissement+wellness+Champoux%2BFrance/,
https://www.google.com/maps/search/etablissement+wellness+Champrenault%2BFrance/,
https://www.google.com/maps/search/etablissement+wellness+Champrepus%2BFrance/,
https://www.google.com/maps/search/etablissement+wellness+Champrond%2BFrance/,
https://www.google.com/maps/search/etablissement+wellness+Champrond-en-Gâtine%2BFrance/,
https://www.google.com/maps/search/etablissement+wellness+Champrond-en-Perchet%2BFrance/,
https://www.google.com/maps/search/etablissement+wellness+Champrougier%2BFrance/,
https://www.google.com/maps/search/etablissement+wellness+Champs%2BFrance/,
https://www.google.com/maps/search/etablissement+wellness+Champs%2BFrance/,
https://www.google.com/maps/search/etablissement+wellness+Les Champs-de-Losque%2BFrance/,
https://www.google.com/maps/search/etablissement+wellness+Les Champs-Géraux%2BFrance/,
https://www.google.com/maps/search/etablissement+wellness+Champs-Romain%2BFrance/,
https://www.google.com/maps/search/etablissement+wellness+Champs-sur-Marne%2BFrance/,
https://www.google.com/maps/search/etablissement+wellness+Champs-sur-Tarentaine-Marchal%2BFrance/,
https://www.google.com/maps/search/etablissement+wellness+Champs-sur-Yonne%2BFrance/,
https://www.google.com/maps/search/etablissement+wellness+Champsac%2BFrance/,
https://www.google.com/maps/search/etablissement+wellness+Champsanglard%2BFrance/,
https://www.google.com/maps/search/etablissement+wellness+Champsecret%2BFrance/,
https://www.google.com/maps/search/etablissement+wellness+Champseru%2BFrance/,
https://www.google.com/maps/search/etablissement+wellness+Champsevraine%2BFrance/,
https://www.google.com/maps/search/etablissement+wellness+Champtercier%2BFrance/,
https://www.google.com/maps/search/etablissement+wellness+Champtocé-sur-Loire%2BFrance/,
https://www.google.com/maps/search/etablissement+wellness+Champtonnay%2BFrance/,
https://www.google.com/maps/search/etablissement+wellness+Champvallon%2BFrance/,
https://www.google.com/maps/search/etablissement+wellness+Champvans%2BFrance/,
https://www.google.com/maps/search/etablissement+wellness+Champvans%2BFrance/,
https://www.google.com/maps/search/etablissement+wellness+Champvans-les-Moulins%2BFrance/,
https://www.google.com/maps/search/etablissement+wellness+Champvert%2BFrance/,
https://www.google.com/maps/search/etablissement+wellness+Champvoisy%2BFrance/,
https://www.google.com/maps/search/etablissement+wellness+Champvoux%2BFrance/,
https://www.google.com/maps/search/etablissement+wellness+Chamrousse%2BFrance/,
https://www.google.com/maps/search/etablissement+wellness+Chamvres%2BFrance/,
https://www.google.com/maps/search/etablissement+wellness+Chanac%2BFrance/,
https://www.google.com/maps/search/etablissement+wellness+Chanac-les-Mines%2BFrance/,
https://www.google.com/maps/search/etablissement+wellness+Chanaleilles%2BFrance/,
https://www.google.com/maps/search/etablissement+wellness+Chanas%2BFrance/,
https://www.google.com/maps/search/etablissement+wellness+Chanat-la-Mouteyre%2BFrance/,
https://www.google.com/maps/search/etablissement+wellness+Chanay%2BFrance/,
https://www.google.com/maps/search/etablissement+wellness+Chanaz%2BFrance/,
https://www.google.com/maps/search/etablissement+wellness+Chançay%2BFrance/,
https://www.google.com/maps/search/etablissement+wellness+Chancé%2BFrance/,
https://www.google.com/maps/search/etablissement+wellness+Chanceaux%2BFrance/,
https://www.google.com/maps/search/etablissement+wellness+Chanceaux-près-Loches%2BFrance/,
https://www.google.com/maps/search/etablissement+wellness+Chanceaux-sur-Choisille%2BFrance/,
https://www.google.com/maps/search/etablissement+wellness+Chancelade%2BFrance/,
https://www.google.com/maps/search/etablissement+wellness+Chancenay%2BFrance/,
https://www.google.com/maps/search/etablissement+wellness+Chancey%2BFrance/,
https://www.google.com/maps/search/etablissement+wellness+Chancia%2BFrance/,
https://www.google.com/maps/search/etablissement+wellness+Chandai%2BFrance/,
https://www.google.com/maps/search/etablissement+wellness+Chandolas%2BFrance/,
https://www.google.com/maps/search/etablissement+wellness+Chandon%2BFrance/,
https://www.google.com/maps/search/etablissement+wellness+Chanéac%2BFrance/,
https://www.google.com/maps/search/etablissement+wellness+Chaneins%2BFrance/,
https://www.google.com/maps/search/etablissement+wellness+Chânes%2BFrance/,
https://www.google.com/maps/search/etablissement+wellness+Le Change%2BFrance/,
https://www.google.com/maps/search/etablissement+wellness+Change%2BFrance/,
https://www.google.com/maps/search/etablissement+wellness+Changé%2BFrance/,
https://www.google.com/maps/search/etablissement+wellness+Changé%2BFrance/,
https://www.google.com/maps/search/etablissement+wellness+Changey%2BFrance/,
https://www.google.com/maps/search/etablissement+wellness+Changis-sur-Marne%2BFrance/,
https://www.google.com/maps/search/etablissement+wellness+Changy%2BFrance/,
https://www.google.com/maps/search/etablissement+wellness+Changy%2BFrance/,
https://www.google.com/maps/search/etablissement+wellness+Changy%2BFrance/,
https://www.google.com/maps/search/etablissement+wellness+Chaniat%2BFrance/,
https://www.google.com/maps/search/etablissement+wellness+Chaniers%2BFrance/,
https://www.google.com/maps/search/etablissement+wellness+Channay%2BFrance/,
https://www.google.com/maps/search/etablissement+wellness+Channay-sur-Lathan%2BFrance/,
https://www.google.com/maps/search/etablissement+wellness+Channes%2BFrance/,
https://www.google.com/maps/search/etablissement+wellness+Chanonat%2BFrance/,
https://www.google.com/maps/search/etablissement+wellness+Chanos-Curson%2BFrance/,
https://www.google.com/maps/search/etablissement+wellness+Chanousse%2BFrance/,
https://www.google.com/maps/search/etablissement+wellness+Chanoy%2BFrance/,
https://www.google.com/maps/search/etablissement+wellness+Chanoz-Châtenay%2BFrance/,
https://www.google.com/maps/search/etablissement+wellness+Chanteau%2BFrance/,
https://www.google.com/maps/search/etablissement+wellness+Chantecoq%2BFrance/,
https://www.google.com/maps/search/etablissement+wellness+Chantecorps%2BFrance/,
https://www.google.com/maps/search/etablissement+wellness+Chanteheux%2BFrance/,
https://www.google.com/maps/search/etablissement+wellness+Chanteix%2BFrance/,
https://www.google.com/maps/search/etablissement+wellness+Chantelle%2BFrance/,
https://www.google.com/maps/search/etablissement+wellness+Chanteloup%2BFrance/,
https://www.google.com/maps/search/etablissement+wellness+Chanteloup%2BFrance/,
https://www.google.com/maps/search/etablissement+wellness+Chanteloup%2BFrance/,
https://www.google.com/maps/search/etablissement+wellness+Chanteloup-en-Brie%2BFrance/,
https://www.google.com/maps/search/etablissement+wellness+Chanteloup-les-Bois%2BFrance/,
https://www.google.com/maps/search/etablissement+wellness+Chanteloup-les-Vignes%2BFrance/,
https://www.google.com/maps/search/etablissement+wellness+Chantelouve%2BFrance/,
https://www.google.com/maps/search/etablissement+wellness+Chantemerle%2BFrance/,
https://www.google.com/maps/search/etablissement+wellness+Chantemerle-les-Blés%2BFrance/,
https://www.google.com/maps/search/etablissement+wellness+Chantemerle-lès-Grignan%2BFrance/,
https://www.google.com/maps/search/etablissement+wellness+Chantemerle-sur-la-Soie%2BFrance/,
https://www.google.com/maps/search/etablissement+wellness+Chantenay-Saint-Imbert%2BFrance/,
https://www.google.com/maps/search/etablissement+wellness+Chantenay-Villedieu%2BFrance/,
https://www.google.com/maps/search/etablissement+wellness+Chantepie%2BFrance/,
https://www.google.com/maps/search/etablissement+wellness+Chantérac%2BFrance/,
https://www.google.com/maps/search/etablissement+wellness+Chanteraine%2BFrance/,
https://www.google.com/maps/search/etablissement+wellness+Chanterelle%2BFrance/,
https://www.google.com/maps/search/etablissement+wellness+Chantes%2BFrance/,
https://www.google.com/maps/search/etablissement+wellness+Chantesse%2BFrance/,
https://www.google.com/maps/search/etablissement+wellness+Chanteuges%2BFrance/,
https://www.google.com/maps/search/etablissement+wellness+Chantillac%2BFrance/,
https://www.google.com/maps/search/etablissement+wellness+Chantilly%2BFrance/,
https://www.google.com/maps/search/etablissement+wellness+Chantonnay%2BFrance/,
https://www.google.com/maps/search/etablissement+wellness+Chantraine%2BFrance/,
https://www.google.com/maps/search/etablissement+wellness+Chantraines%2BFrance/,
https://www.google.com/maps/search/etablissement+wellness+Chantrans%2BFrance/,
https://www.google.com/maps/search/etablissement+wellness+Chantrigné%2BFrance/,
https://www.google.com/maps/search/etablissement+wellness+Chanu%2BFrance/,
https://www.google.com/maps/search/etablissement+wellness+Chanville%2BFrance/,
https://www.google.com/maps/search/etablissement+wellness+Chaon%2BFrance/,
https://www.google.com/maps/search/etablissement+wellness+Chaouilley%2BFrance/,
https://www.google.com/maps/search/etablissement+wellness+Chaource%2BFrance/,
https://www.google.com/maps/search/etablissement+wellness+Chaourse%2BFrance/,
https://www.google.com/maps/search/etablissement+wellness+Chapaize%2BFrance/,
https://www.google.com/maps/search/etablissement+wellness+Chapareillan%2BFrance/,
https://www.google.com/maps/search/etablissement+wellness+Chapdes-Beaufort%2BFrance/,
https://www.google.com/maps/search/etablissement+wellness+Chapdeuil%2BFrance/,
https://www.google.com/maps/search/etablissement+wellness+Chapeau%2BFrance/,
https://www.google.com/maps/search/etablissement+wellness+Chapeiry%2BFrance/,
https://www.google.com/maps/search/etablissement+wellness+Chapelaine%2BFrance/,
https://www.google.com/maps/search/etablissement+wellness+La Chapelaude%2BFrance/,
https://www.google.com/maps/search/etablissement+wellness+La Chapelle%2BFrance/,
https://www.google.com/maps/search/etablissement+wellness+La Chapelle%2BFrance/,
https://www.google.com/maps/search/etablissement+wellness+La Chapelle%2BFrance/,
https://www.google.com/maps/search/etablissement+wellness+La Chapelle%2BFrance/,
https://www.google.com/maps/search/etablissement+wellness+La Chapelle du Lou du Lac%2BFrance/,
https://www.google.com/maps/search/etablissement+wellness+La Chapelle-Achard%2BFrance/,
https://www.google.com/maps/search/etablissement+wellness+La Chapelle-Agnon%2BFrance/,
https://www.google.com/maps/search/etablissement+wellness+La Chapelle-Anthenaise%2BFrance/,
https://www.google.com/maps/search/etablissement+wellness+La Chapelle-au-Mans%2BFrance/,
https://www.google.com/maps/search/etablissement+wellness+La Chapelle-au-Moine%2BFrance/,
https://www.google.com/maps/search/etablissement+wellness+La Chapelle-au-Riboul%2BFrance/,
https://www.google.com/maps/search/etablissement+wellness+La Chapelle-Aubareil%2BFrance/,
https://www.google.com/maps/search/etablissement+wellness+La Chapelle-aux-Bois%2BFrance/,
https://www.google.com/maps/search/etablissement+wellness+La Chapelle-aux-Brocs%2BFrance/,
https://www.google.com/maps/search/etablissement+wellness+La Chapelle-aux-Chasses%2BFrance/,
https://www.google.com/maps/search/etablissement+wellness+La Chapelle-aux-Choux%2BFrance/,
https://www.google.com/maps/search/etablissement+wellness+La Chapelle-aux-Filtzméens%2BFrance/,
https://www.google.com/maps/search/etablissement+wellness+La Chapelle-aux-Lys%2BFrance/,
https://www.google.com/maps/search/etablissement+wellness+La Chapelle-aux-Naux%2BFrance/,
https://www.google.com/maps/search/etablissement+wellness+La Chapelle-aux-Saints%2BFrance/,
https://www.google.com/maps/search/etablissement+wellness+La Chapelle-Baloue%2BFrance/,
https://www.google.com/maps/search/etablissement+wellness+La Chapelle-Bâton%2BFrance/,
https://www.google.com/maps/search/etablissement+wellness+La Chapelle-Bâton%2BFrance/,
https://www.google.com/maps/search/etablissement+wellness+La Chapelle-Bayvel%2BFrance/,
https://www.google.com/maps/search/etablissement+wellness+La Chapelle-Bertin%2BFrance/,
https://www.google.com/maps/search/etablissement+wellness+La Chapelle-Bertrand%2BFrance/,
https://www.google.com/maps/search/etablissement+wellness+La Chapelle-Biche%2BFrance/,
https://www.google.com/maps/search/etablissement+wellness+La Chapelle-Blanche%2BFrance/,
https://www.google.com/maps/search/etablissement+wellness+La Chapelle-Blanche%2BFrance/,
https://www.google.com/maps/search/etablissement+wellness+La Chapelle-Blanche-Saint-Martin%2BFrance/,
https://www.google.com/maps/search/etablissement+wellness+La Chapelle-Bouëxic%2BFrance/,
https://www.google.com/maps/search/etablissement+wellness+La Chapelle-Cécelin%2BFrance/,
https://www.google.com/maps/search/etablissement+wellness+La Chapelle-Chaussée%2BFrance/,
https://www.google.com/maps/search/etablissement+wellness+La Chapelle-Craonnaise%2BFrance/,
https://www.google.com/maps/search/etablissement+wellness+La Chapelle-d'Abondance%2BFrance/,
https://www.google.com/maps/search/etablissement+wellness+La Chapelle-d'Alagnon%2BFrance/,
https://www.google.com/maps/search/etablissement+wellness+La Chapelle-d'Aligné%2BFrance/,
https://www.google.com/maps/search/etablissement+wellness+La Chapelle-d'Angillon%2BFrance/,
https://www.google.com/maps/search/etablissement+wellness+La Chapelle-d'Armentières%2BFrance/,
https://www.google.com/maps/search/etablissement+wellness+La Chapelle-d'Aunainville%2BFrance/,
https://www.google.com/maps/search/etablissement+wellness+La Chapelle-d'Aurec%2BFrance/,
https://www.google.com/maps/search/etablissement+wellness+Chapelle-d'Huin%2BFrance/,
https://www.google.com/maps/search/etablissement+wellness+La Chapelle-de-Bragny%2BFrance/,
https://www.google.com/maps/search/etablissement+wellness+La Chapelle-de-Brain%2BFrance/,
https://www.google.com/maps/search/etablissement+wellness+La Chapelle-de-Guinchay%2BFrance/,
https://www.google.com/maps/search/etablissement+wellness+La Chapelle-de-la-Tour%2BFrance/,
https://www.google.com/maps/search/etablissement+wellness+La Chapelle-de-Surieu%2BFrance/,
https://www.google.com/maps/search/etablissement+wellness+Chapelle-des-Bois%2BFrance/,
https://www.google.com/maps/search/etablissement+wellness+La Chapelle-des-Fougeretz%2BFrance/,
https://www.google.com/maps/search/etablissement+wellness+La Chapelle-des-Marais%2BFrance/,
https://www.google.com/maps/search/etablissement+wellness+La Chapelle-des-Pots%2BFrance/,
https://www.google.com/maps/search/etablissement+wellness+La Chapelle-devant-Bruyères%2BFrance/,
https://www.google.com/maps/search/etablissement+wellness+La Chapelle-du-Bard%2BFrance/,
https://www.google.com/maps/search/etablissement+wellness+La Chapelle-du-Bois%2BFrance/,
https://www.google.com/maps/search/etablissement+wellness+La Chapelle-du-Bois-des-Faulx%2BFrance/,
https://www.google.com/maps/search/etablissement+wellness+La Chapelle-du-Bourgay%2BFrance/,
https://www.google.com/maps/search/etablissement+wellness+La Chapelle-du-Châtelard%2BFrance/,
https://www.google.com/maps/search/etablissement+wellness+La Chapelle-du-Mont-de-France%2BFrance/,
https://www.google.com/maps/search/etablissement+wellness+La Chapelle-du-Mont-du-Chat%2BFrance/,
https://www.google.com/maps/search/etablissement+wellness+La Chapelle-du-Noyer%2BFrance/,
https://www.google.com/maps/search/etablissement+wellness+La Chapelle-en-Lafaye%2BFrance/,
https://www.google.com/maps/search/etablissement+wellness+La Chapelle-en-Serval%2BFrance/,
https://www.google.com/maps/search/etablissement+wellness+La Chapelle-en-Valgaudémar%2BFrance/,
https://www.google.com/maps/search/etablissement+wellness+La Chapelle-en-Vercors%2BFrance/,
https://www.google.com/maps/search/etablissement+wellness+La Chapelle-en-Vexin%2BFrance/,
https://www.google.com/maps/search/etablissement+wellness+La Chapelle-Enchérie%2BFrance/,
https://www.google.com/maps/search/etablissement+wellness+La Chapelle-Erbrée%2BFrance/,
https://www.google.com/maps/search/etablissement+wellness+La Chapelle-Faucher%2BFrance/,
https://www.google.com/maps/search/etablissement+wellness+La Chapelle-Felcourt%2BFrance/,
https://www.google.com/maps/search/etablissement+wellness+La Chapelle-Forainvilliers%2BFrance/,
https://www.google.com/maps/search/etablissement+wellness+La Chapelle-Fortin%2BFrance/,
https://www.google.com/maps/search/etablissement+wellness+La Chapelle-Gaceline%2BFrance/,
https://www.google.com/maps/search/etablissement+wellness+La Chapelle-Gaugain%2BFrance/,
https://www.google.com/maps/search/etablissement+wellness+La Chapelle-Gauthier%2BFrance/,
https://www.google.com/maps/search/etablissement+wellness+La Chapelle-Gauthier%2BFrance/,
https://www.google.com/maps/search/etablissement+wellness+La Chapelle-Geneste%2BFrance/,
https://www.google.com/maps/search/etablissement+wellness+La Chapelle-Glain%2BFrance/,
https://www.google.com/maps/search/etablissement+wellness+La Chapelle-Gonaguet%2BFrance/,
https://www.google.com/maps/search/etablissement+wellness+La Chapelle-Grésignac%2BFrance/,
https://www.google.com/maps/search/etablissement+wellness+Chapelle-Guillaume%2BFrance/,
https://www.google.com/maps/search/etablissement+wellness+La Chapelle-Hareng%2BFrance/,
https://www.google.com/maps/search/etablissement+wellness+La Chapelle-Hermier%2BFrance/,
https://www.google.com/maps/search/etablissement+wellness+La Chapelle-Heulin%2BFrance/,
https://www.google.com/maps/search/etablissement+wellness+La Chapelle-Hugon%2BFrance/,
https://www.google.com/maps/search/etablissement+wellness+La Chapelle-Hullin%2BFrance/,
https://www.google.com/maps/search/etablissement+wellness+La Chapelle-Huon%2BFrance/,
https://www.google.com/maps/search/etablissement+wellness+La Chapelle-Iger%2BFrance/,
https://www.google.com/maps/search/etablissement+wellness+La Chapelle-Janson%2BFrance/,
https://www.google.com/maps/search/etablissement+wellness+La Chapelle-la-Reine%2BFrance/,
https://www.google.com/maps/search/etablissement+wellness+La Chapelle-Lasson%2BFrance/,
https://www.google.com/maps/search/etablissement+wellness+La Chapelle-Launay%2BFrance/,
https://www.google.com/maps/search/etablissement+wellness+La Chapelle-Laurent%2BFrance/,
https://www.google.com/maps/search/etablissement+wellness+La Chapelle-lès-Luxeuil%2BFrance/,
https://www.google.com/maps/search/etablissement+wellness+La Chapelle-Longueville%2BFrance/,
https://www.google.com/maps/search/etablissement+wellness+La Chapelle-Marcousse%2BFrance/,
https://www.google.com/maps/search/etablissement+wellness+La Chapelle-Montabourlet%2BFrance/,
https://www.google.com/maps/search/etablissement+wellness+La Chapelle-Montbrandeix%2BFrance/,
https://www.google.com/maps/search/etablissement+wellness+La Chapelle-Montligeon%2BFrance/,
https://www.google.com/maps/search/etablissement+wellness+La Chapelle-Montlinard%2BFrance/,
https://www.google.com/maps/search/etablissement+wellness+La Chapelle-Montmartin%2BFrance/,
https://www.google.com/maps/search/etablissement+wellness+La Chapelle-Montmoreau%2BFrance/,
https://www.google.com/maps/search/etablissement+wellness+La Chapelle-Montreuil%2BFrance/,
https://www.google.com/maps/search/etablissement+wellness+La Chapelle-Moulière%2BFrance/,
https://www.google.com/maps/search/etablissement+wellness+La Chapelle-Moutils%2BFrance/,
https://www.google.com/maps/search/etablissement+wellness+La Chapelle-Naude%2BFrance/,
https://www.google.com/maps/search/etablissement+wellness+La Chapelle-Neuve%2BFrance/,
https://www.google.com/maps/search/etablissement+wellness+La Chapelle-Neuve%2BFrance/,
https://www.google.com/maps/search/etablissement+wellness+La Chapelle-Onzerain%2BFrance/,
https://www.google.com/maps/search/etablissement+wellness+La Chapelle-Orthemale%2BFrance/,
https://www.google.com/maps/search/etablissement+wellness+La Chapelle-Palluau%2BFrance/,
https://www.google.com/maps/search/etablissement+wellness+La Chapelle-Pouilloux%2BFrance/,
https://www.google.com/maps/search/etablissement+wellness+La Chapelle-près-Sées%2BFrance/,
https://www.google.com/maps/search/etablissement+wellness+La Chapelle-Rablais%2BFrance/,
https://www.google.com/maps/search/etablissement+wellness+La Chapelle-Rainsouin%2BFrance/,
https://www.google.com/maps/search/etablissement+wellness+La Chapelle-Rambaud%2BFrance/,
https://www.google.com/maps/search/etablissement+wellness+La Chapelle-Réanville%2BFrance/,
https://www.google.com/maps/search/etablissement+wellness+Chapelle-Royale%2BFrance/,
https://www.google.com/maps/search/etablissement+wellness+La Chapelle-Saint-André%2BFrance/,
https://www.google.com/maps/search/etablissement+wellness+La Chapelle-Saint-Aubert%2BFrance/,
https://www.google.com/maps/search/etablissement+wellness+La Chapelle-Saint-Aubin%2BFrance/,
https://www.google.com/maps/search/etablissement+wellness+La Chapelle-Saint-Étienne%2BFrance/,
https://www.google.com/maps/search/etablissement+wellness+La Chapelle-Saint-Fray%2BFrance/,
https://www.google.com/maps/search/etablissement+wellness+La Chapelle-Saint-Géraud%2BFrance/,
https://www.google.com/maps/search/etablissement+wellness+La Chapelle-Saint-Jean%2BFrance/,
https://www.google.com/maps/search/etablissement+wellness+La Chapelle-Saint-Laud%2BFrance/,
https://www.google.com/maps/search/etablissement+wellness+La Chapelle-Saint-Laurent%2BFrance/,
https://www.google.com/maps/search/etablissement+wellness+La Chapelle-Saint-Laurian%2BFrance/,
https://www.google.com/maps/search/etablissement+wellness+La Chapelle-Saint-Luc%2BFrance/,
https://www.google.com/maps/search/etablissement+wellness+La Chapelle-Saint-Martial%2BFrance/,
https://www.google.com/maps/search/etablissement+wellness+La Chapelle-Saint-Martin%2BFrance/,
https://www.google.com/maps/search/etablissement+wellness+La Chapelle-Saint-Martin-en-Plaine%2BFrance/,
https://www.google.com/maps/search/etablissement+wellness+La Chapelle-Saint-Maurice%2BFrance/,
https://www.google.com/maps/search/etablissement+wellness+La Chapelle-Saint-Mesmin%2BFrance/,
https://www.google.com/maps/search/etablissement+wellness+La Chapelle-Saint-Ouen%2BFrance/,
https://www.google.com/maps/search/etablissement+wellness+La Chapelle-Saint-Quillain%2BFrance/,
https://www.google.com/maps/search/etablissement+wellness+La Chapelle-Saint-Rémy%2BFrance/,
https://www.google.com/maps/search/etablissement+wellness+La Chapelle-Saint-Sauveur%2BFrance/,
https://www.google.com/maps/search/etablissement+wellness+La Chapelle-Saint-Sépulcre%2BFrance/,
https://www.google.com/maps/search/etablissement+wellness+La Chapelle-Saint-Sulpice%2BFrance/,
https://www.google.com/maps/search/etablissement+wellness+La Chapelle-Saint-Ursin%2BFrance/,
https://www.google.com/maps/search/etablissement+wellness+La Chapelle-Souëf%2BFrance/,
https://www.google.com/maps/search/etablissement+wellness+La Chapelle-sous-Brancion%2BFrance/,
https://www.google.com/maps/search/etablissement+wellness+La Chapelle-sous-Dun%2BFrance/,
https://www.google.com/maps/search/etablissement+wellness+La Chapelle-sous-Orbais%2BFrance/,
https://www.google.com/maps/search/etablissement+wellness+La Chapelle-sous-Uchon%2BFrance/,
https://www.google.com/maps/search/etablissement+wellness+Chapelle-Spinasse%2BFrance/,
https://www.google.com/maps/search/etablissement+wellness+La Chapelle-sur-Aveyron%2BFrance/,
https://www.google.com/maps/search/etablissement+wellness+La Chapelle-sur-Chézy%2BFrance/,
https://www.google.com/maps/search/etablissement+wellness+La Chapelle-sur-Coise%2BFrance/,
https://www.google.com/maps/search/etablissement+wellness+La Chapelle-sur-Dun%2BFrance/,
https://www.google.com/maps/search/etablissement+wellness+La Chapelle-sur-Erdre%2BFrance/,
https://www.google.com/maps/search/etablissement+wellness+La Chapelle-sur-Furieuse%2BFrance/,
https://www.google.com/maps/search/etablissement+wellness+La Chapelle-sur-Loire%2BFrance/,
https://www.google.com/maps/search/etablissement+wellness+La Chapelle-sur-Oreuse%2BFrance/,
https://www.google.com/maps/search/etablissement+wellness+La Chapelle-sur-Oudon%2BFrance/,
https://www.google.com/maps/search/etablissement+wellness+La Chapelle-sur-Usson%2BFrance/,
https://www.google.com/maps/search/etablissement+wellness+La Chapelle-Taillefert%2BFrance/,
https://www.google.com/maps/search/etablissement+wellness+La Chapelle-Thècle%2BFrance/,
https://www.google.com/maps/search/etablissement+wellness+La Chapelle-Thémer%2BFrance/,
https://www.google.com/maps/search/etablissement+wellness+La Chapelle-Thireuil%2BFrance/,
https://www.google.com/maps/search/etablissement+wellness+La Chapelle-Thouarault%2BFrance/,
https://www.google.com/maps/search/etablissement+wellness+La Chapelle-Urée%2BFrance/,
https://www.google.com/maps/search/etablissement+wellness+Chapelle-Vallon%2BFrance/,
https://www.google.com/maps/search/etablissement+wellness+La Chapelle-Vaupelteigne%2BFrance/,
https://www.google.com/maps/search/etablissement+wellness+La Chapelle-Vendômoise%2BFrance/,
https://www.google.com/maps/search/etablissement+wellness+La Chapelle-Vicomtesse%2BFrance/,
https://www.google.com/maps/search/etablissement+wellness+La Chapelle-Viel%2BFrance/,
https://www.google.com/maps/search/etablissement+wellness+La Chapelle-Villars%2BFrance/,
https://www.google.com/maps/search/etablissement+wellness+Chapelle-Viviers%2BFrance/,
https://www.google.com/maps/search/etablissement+wellness+Chapelle-Voland%2BFrance/,
https://www.google.com/maps/search/etablissement+wellness+Les Chapelles%2BFrance/,
https://www.google.com/maps/search/etablissement+wellness+Les Chapelles-Bourbon%2BFrance/,
https://www.google.com/maps/search/etablissement+wellness+Chapelon%2BFrance/,
https://www.google.com/maps/search/etablissement+wellness+La Chapelotte%2BFrance/,
https://www.google.com/maps/search/etablissement+wellness+Chapet%2BFrance/,
https://www.google.com/maps/search/etablissement+wellness+Chapois%2BFrance/,
https://www.google.com/maps/search/etablissement+wellness+Chaponnay%2BFrance/,
https://www.google.com/maps/search/etablissement+wellness+Chaponost%2BFrance/,
https://www.google.com/maps/search/etablissement+wellness+Chappes%2BFrance/,
https://www.google.com/maps/search/etablissement+wellness+Chappes%2BFrance/,
https://www.google.com/maps/search/etablissement+wellness+Chappes%2BFrance/,
https://www.google.com/maps/search/etablissement+wellness+Chappes%2BFrance/,
https://www.google.com/maps/search/etablissement+wellness+Chaptelat%2BFrance/,
https://www.google.com/maps/search/etablissement+wellness+Chaptuzat%2BFrance/,
https://www.google.com/maps/search/etablissement+wellness+Charancieu%2BFrance/,
https://www.google.com/maps/search/etablissement+wellness+Charantonnay%2BFrance/,
https://www.google.com/maps/search/etablissement+wellness+Charavines%2BFrance/,
https://www.google.com/maps/search/etablissement+wellness+Charbogne%2BFrance/,
https://www.google.com/maps/search/etablissement+wellness+Charbonnat%2BFrance/,
https://www.google.com/maps/search/etablissement+wellness+Charbonnier-les-Mines%2BFrance/,
https://www.google.com/maps/search/etablissement+wellness+Charbonnières%2BFrance/,
https://www.google.com/maps/search/etablissement+wellness+Charbonnières%2BFrance/,
https://www.google.com/maps/search/etablissement+wellness+Charbonnières-les-Bains%2BFrance/,
https://www.google.com/maps/search/etablissement+wellness+Charbonnières-les-Sapins%2BFrance/,
https://www.google.com/maps/search/etablissement+wellness+Charbonnières-les-Varennes%2BFrance/,
https://www.google.com/maps/search/etablissement+wellness+Charbonnières-les-Vieilles%2BFrance/,
https://www.google.com/maps/search/etablissement+wellness+Charbuy%2BFrance/,
https://www.google.com/maps/search/etablissement+wellness+La Charce%2BFrance/,
https://www.google.com/maps/search/etablissement+wellness+Charcé-Saint-Ellier-sur-Aubance%2BFrance/,
https://www.google.com/maps/search/etablissement+wellness+Charcenne%2BFrance/,
https://www.google.com/maps/search/etablissement+wellness+Charchigné%2BFrance/,
https://www.google.com/maps/search/etablissement+wellness+Charchilla%2BFrance/,
https://www.google.com/maps/search/etablissement+wellness+Charcier%2BFrance/,
https://www.google.com/maps/search/etablissement+wellness+Chard%2BFrance/,
https://www.google.com/maps/search/etablissement+wellness+Chardeny%2BFrance/,
https://www.google.com/maps/search/etablissement+wellness+Chardogne%2BFrance/,
https://www.google.com/maps/search/etablissement+wellness+Chardonnay%2BFrance/,
https://www.google.com/maps/search/etablissement+wellness+Chareil-Cintrat%2BFrance/,
https://www.google.com/maps/search/etablissement+wellness+Charencey%2BFrance/,
https://www.google.com/maps/search/etablissement+wellness+Charencey%2BFrance/,
https://www.google.com/maps/search/etablissement+wellness+Charency%2BFrance/,
https://www.google.com/maps/search/etablissement+wellness+Charency-Vezin%2BFrance/,
https://www.google.com/maps/search/etablissement+wellness+Charens%2BFrance/,
https://www.google.com/maps/search/etablissement+wellness+Charensat%2BFrance/,
https://www.google.com/maps/search/etablissement+wellness+Charentay%2BFrance/,
https://www.google.com/maps/search/etablissement+wellness+Charentenay%2BFrance/,
https://www.google.com/maps/search/etablissement+wellness+Charentilly%2BFrance/,
https://www.google.com/maps/search/etablissement+wellness+Charenton-du-Cher%2BFrance/,
https://www.google.com/maps/search/etablissement+wellness+Charenton-le-Pont%2BFrance/,
https://www.google.com/maps/search/etablissement+wellness+Charentonnay%2BFrance/,
https://www.google.com/maps/search/etablissement+wellness+Charette%2BFrance/,
https://www.google.com/maps/search/etablissement+wellness+Charette-Varennes%2BFrance/,
https://www.google.com/maps/search/etablissement+wellness+Charey%2BFrance/,
https://www.google.com/maps/search/etablissement+wellness+Charézier%2BFrance/,
https://www.google.com/maps/search/etablissement+wellness+Chargé%2BFrance/,
https://www.google.com/maps/search/etablissement+wellness+Chargey-lès-Gray%2BFrance/,
https://www.google.com/maps/search/etablissement+wellness+Chargey-lès-Port%2BFrance/,
https://www.google.com/maps/search/etablissement+wellness+Chariez%2BFrance/,
https://www.google.com/maps/search/etablissement+wellness+Charigny%2BFrance/,
https://www.google.com/maps/search/etablissement+wellness+La Charité-sur-Loire%2BFrance/,
https://www.google.com/maps/search/etablissement+wellness+Charix%2BFrance/,
https://www.google.com/maps/search/etablissement+wellness+Charlas%2BFrance/,
https://www.google.com/maps/search/etablissement+wellness+Charleval%2BFrance/,
https://www.google.com/maps/search/etablissement+wellness+Charleval%2BFrance/,
https://www.google.com/maps/search/etablissement+wellness+Charleville%2BFrance/,
https://www.google.com/maps/search/etablissement+wellness+Charleville-Mézières%2BFrance/,
https://www.google.com/maps/search/etablissement+wellness+Charleville-sous-Bois%2BFrance/,
https://www.google.com/maps/search/etablissement+wellness+Charlieu%2BFrance/,
https://www.google.com/maps/search/etablissement+wellness+Charly%2BFrance/,
https://www.google.com/maps/search/etablissement+wellness+Charly%2BFrance/,
https://www.google.com/maps/search/etablissement+wellness+Charly-Oradour%2BFrance/,
https://www.google.com/maps/search/etablissement+wellness+Charly-sur-Marne%2BFrance/,
https://www.google.com/maps/search/etablissement+wellness+Charmauvillers%2BFrance/,
https://www.google.com/maps/search/etablissement+wellness+La Charme%2BFrance/,
https://www.google.com/maps/search/etablissement+wellness+Le Charme%2BFrance/,
https://www.google.com/maps/search/etablissement+wellness+Charmé%2BFrance/,
https://www.google.com/maps/search/etablissement+wellness+La Charmée%2BFrance/,
https://www.google.com/maps/search/etablissement+wellness+Charmeil%2BFrance/,
https://www.google.com/maps/search/etablissement+wellness+Le Charmel%2BFrance/,
https://www.google.com/maps/search/etablissement+wellness+Charmensac%2BFrance/,
https://www.google.com/maps/search/etablissement+wellness+Charmentray%2BFrance/,
https://www.google.com/maps/search/etablissement+wellness+Charmes%2BFrance/,
https://www.google.com/maps/search/etablissement+wellness+Charmes%2BFrance/,
https://www.google.com/maps/search/etablissement+wellness+Charmes%2BFrance/,
https://www.google.com/maps/search/etablissement+wellness+Charmes%2BFrance/,
https://www.google.com/maps/search/etablissement+wellness+Charmes%2BFrance/,
https://www.google.com/maps/search/etablissement+wellness+Charmes-en-l'Angle%2BFrance/,
https://www.google.com/maps/search/etablissement+wellness+Charmes-la-Côte%2BFrance/,
https://www.google.com/maps/search/etablissement+wellness+Charmes-la-Grande%2BFrance/,
https://www.google.com/maps/search/etablissement+wellness+Charmes-Saint-Valbert%2BFrance/,
https://www.google.com/maps/search/etablissement+wellness+Charmes-sur-l'Herbasse%2BFrance/,
https://www.google.com/maps/search/etablissement+wellness+Charmes-sur-Rhône%2BFrance/,
https://www.google.com/maps/search/etablissement+wellness+Charmoille%2BFrance/,
https://www.google.com/maps/search/etablissement+wellness+Charmoille%2BFrance/,
https://www.google.com/maps/search/etablissement+wellness+Charmois%2BFrance/,
https://www.google.com/maps/search/etablissement+wellness+Charmois%2BFrance/,
https://www.google.com/maps/search/etablissement+wellness+Charmois-devant-Bruyères%2BFrance/,
https://www.google.com/maps/search/etablissement+wellness+Charmois-l'Orgueilleux%2BFrance/,
https://www.google.com/maps/search/etablissement+wellness+Charmont%2BFrance/,
https://www.google.com/maps/search/etablissement+wellness+Charmont%2BFrance/,
https://www.google.com/maps/search/etablissement+wellness+Charmont-en-Beauce%2BFrance/,
https://www.google.com/maps/search/etablissement+wellness+Charmont-sous-Barbuise%2BFrance/,
https://www.google.com/maps/search/etablissement+wellness+Les Charmontois%2BFrance/,
https://www.google.com/maps/search/etablissement+wellness+Charmoy%2BFrance/,
https://www.google.com/maps/search/etablissement+wellness+Charmoy%2BFrance/,
https://www.google.com/maps/search/etablissement+wellness+Charmoy%2BFrance/,
https://www.google.com/maps/search/etablissement+wellness+Charnas%2BFrance/,
https://www.google.com/maps/search/etablissement+wellness+Charnat%2BFrance/,
https://www.google.com/maps/search/etablissement+wellness+Charnay%2BFrance/,
https://www.google.com/maps/search/etablissement+wellness+Charnay%2BFrance/,
https://www.google.com/maps/search/etablissement+wellness+Charnay-lès-Chalon%2BFrance/,
https://www.google.com/maps/search/etablissement+wellness+Charnay-lès-Mâcon%2BFrance/,
https://www.google.com/maps/search/etablissement+wellness+Charnècles%2BFrance/,
https://www.google.com/maps/search/etablissement+wellness+Charnizay%2BFrance/,
https://www.google.com/maps/search/etablissement+wellness+Charnod%2BFrance/,
https://www.google.com/maps/search/etablissement+wellness+Charnois%2BFrance/,
https://www.google.com/maps/search/etablissement+wellness+Charnoz-sur-Ain%2BFrance/,
https://www.google.com/maps/search/etablissement+wellness+Charny%2BFrance/,
https://www.google.com/maps/search/etablissement+wellness+Charny%2BFrance/,
https://www.google.com/maps/search/etablissement+wellness+Charny Orée de Puisaye%2BFrance/,
https://www.google.com/maps/search/etablissement+wellness+Charny-le-Bachot%2BFrance/,
https://www.google.com/maps/search/etablissement+wellness+Charny-sur-Meuse%2BFrance/,
https://www.google.com/maps/search/etablissement+wellness+Charolles%2BFrance/,
https://www.google.com/maps/search/etablissement+wellness+Charols%2BFrance/,
https://www.google.com/maps/search/etablissement+wellness+Charonville%2BFrance/,
https://www.google.com/maps/search/etablissement+wellness+Chârost%2BFrance/,
https://www.google.com/maps/search/etablissement+wellness+Charpentry%2BFrance/,
https://www.google.com/maps/search/etablissement+wellness+Charpey%2BFrance/,
https://www.google.com/maps/search/etablissement+wellness+Charpont%2BFrance/,
https://www.google.com/maps/search/etablissement+wellness+Charquemont%2BFrance/,
https://www.google.com/maps/search/etablissement+wellness+Charrais%2BFrance/,
https://www.google.com/maps/search/etablissement+wellness+Charraix%2BFrance/,
https://www.google.com/maps/search/etablissement+wellness+Charras%2BFrance/,
https://www.google.com/maps/search/etablissement+wellness+Charray%2BFrance/,
https://www.google.com/maps/search/etablissement+wellness+Charre%2BFrance/,
https://www.google.com/maps/search/etablissement+wellness+Charrecey%2BFrance/,
https://www.google.com/maps/search/etablissement+wellness+Charrey-sur-Saône%2BFrance/,
https://www.google.com/maps/search/etablissement+wellness+Charrey-sur-Seine%2BFrance/,
https://www.google.com/maps/search/etablissement+wellness+Charrin%2BFrance/,
https://www.google.com/maps/search/etablissement+wellness+Charritte-de-Bas%2BFrance/,
https://www.google.com/maps/search/etablissement+wellness+Charron%2BFrance/,
https://www.google.com/maps/search/etablissement+wellness+Charron%2BFrance/,
https://www.google.com/maps/search/etablissement+wellness+Charroux%2BFrance/,
https://www.google.com/maps/search/etablissement+wellness+Charroux%2BFrance/,
https://www.google.com/maps/search/etablissement+wellness+Chars%2BFrance/,
https://www.google.com/maps/search/etablissement+wellness+Charsonville%2BFrance/,
https://www.google.com/maps/search/etablissement+wellness+Chartainvilliers%2BFrance/,
https://www.google.com/maps/search/etablissement+wellness+Chartèves%2BFrance/,
https://www.google.com/maps/search/etablissement+wellness+La Chartre-sur-le-Loir%2BFrance/,
https://www.google.com/maps/search/etablissement+wellness+Chartres%2BFrance/,
https://www.google.com/maps/search/etablissement+wellness+Chartres-de-Bretagne%2BFrance/,
https://www.google.com/maps/search/etablissement+wellness+Chartrettes%2BFrance/,
https://www.google.com/maps/search/etablissement+wellness+Chartrier-Ferrière%2BFrance/,
https://www.google.com/maps/search/etablissement+wellness+Chartronges%2BFrance/,
https://www.google.com/maps/search/etablissement+wellness+Chartuzac%2BFrance/,
https://www.google.com/maps/search/etablissement+wellness+Charvieu-Chavagneux%2BFrance/,
https://www.google.com/maps/search/etablissement+wellness+Charvonnex%2BFrance/,
https://www.google.com/maps/search/etablissement+wellness+Chas%2BFrance/,
https://www.google.com/maps/search/etablissement+wellness+Chaserey%2BFrance/,
https://www.google.com/maps/search/etablissement+wellness+Chasnais%2BFrance/,
https://www.google.com/maps/search/etablissement+wellness+Chasnay%2BFrance/,
https://www.google.com/maps/search/etablissement+wellness+Chasné-sur-Illet%2BFrance/,
https://www.google.com/maps/search/etablissement+wellness+Chaspinhac%2BFrance/,
https://www.google.com/maps/search/etablissement+wellness+Chaspuzac%2BFrance/,
https://www.google.com/maps/search/etablissement+wellness+La Chassagne%2BFrance/,
https://www.google.com/maps/search/etablissement+wellness+Chassagne%2BFrance/,
https://www.google.com/maps/search/etablissement+wellness+Chassagne-Montrachet%2BFrance/,
https://www.google.com/maps/search/etablissement+wellness+Chassagne-Saint-Denis%2BFrance/,
https://www.google.com/maps/search/etablissement+wellness+Chassagnes%2BFrance/,
https://www.google.com/maps/search/etablissement+wellness+Chassagny%2BFrance/,
https://www.google.com/maps/search/etablissement+wellness+Chassaignes%2BFrance/,
https://www.google.com/maps/search/etablissement+wellness+Chassal%2BFrance/,
https://www.google.com/maps/search/etablissement+wellness+Chassant%2BFrance/,
https://www.google.com/maps/search/etablissement+wellness+Chasse-sur-Rhône%2BFrance/,
https://www.google.com/maps/search/etablissement+wellness+Chasseguey%2BFrance/,
https://www.google.com/maps/search/etablissement+wellness+Chasselas%2BFrance/,
https://www.google.com/maps/search/etablissement+wellness+Chasselay%2BFrance/,
https://www.google.com/maps/search/etablissement+wellness+Chasselay%2BFrance/,
https://www.google.com/maps/search/etablissement+wellness+Chassemy%2BFrance/,
https://www.google.com/maps/search/etablissement+wellness+Chassenard%2BFrance/,
https://www.google.com/maps/search/etablissement+wellness+Chasseneuil%2BFrance/,
https://www.google.com/maps/search/etablissement+wellness+Chasseneuil-du-Poitou%2BFrance/,
https://www.google.com/maps/search/etablissement+wellness+Chasseneuil-sur-Bonnieure%2BFrance/,
https://www.google.com/maps/search/etablissement+wellness+Chassenon%2BFrance/,
https://www.google.com/maps/search/etablissement+wellness+Chasseradès%2BFrance/,
https://www.google.com/maps/search/etablissement+wellness+Chassey%2BFrance/,
https://www.google.com/maps/search/etablissement+wellness+Chassey-Beaupré%2BFrance/,
https://www.google.com/maps/search/etablissement+wellness+Chassey-le-Camp%2BFrance/,
https://www.google.com/maps/search/etablissement+wellness+Chassey-lès-Montbozon%2BFrance/,
https://www.google.com/maps/search/etablissement+wellness+Chassey-lès-Scey%2BFrance/,
https://www.google.com/maps/search/etablissement+wellness+Chassiecq%2BFrance/,
https://www.google.com/maps/search/etablissement+wellness+Chassiers%2BFrance/,
https://www.google.com/maps/search/etablissement+wellness+Chassieu%2BFrance/,
https://www.google.com/maps/search/etablissement+wellness+Chassignelles%2BFrance/,
https://www.google.com/maps/search/etablissement+wellness+Chassignieu%2BFrance/,
https://www.google.com/maps/search/etablissement+wellness+Chassignolles%2BFrance/,
https://www.google.com/maps/search/etablissement+wellness+Chassignolles%2BFrance/,
https://www.google.com/maps/search/etablissement+wellness+Chassigny%2BFrance/,
https://www.google.com/maps/search/etablissement+wellness+Chassigny-sous-Dun%2BFrance/,
https://www.google.com/maps/search/etablissement+wellness+Chassillé%2BFrance/,
https://www.google.com/maps/search/etablissement+wellness+Chassors%2BFrance/,
https://www.google.com/maps/search/etablissement+wellness+Chassy%2BFrance/,
https://www.google.com/maps/search/etablissement+wellness+Chassy%2BFrance/,
https://www.google.com/maps/search/etablissement+wellness+Chassy%2BFrance/,
https://www.google.com/maps/search/etablissement+wellness+Le Chastang%2BFrance/,
https://www.google.com/maps/search/etablissement+wellness+Chastanier%2BFrance/,
https://www.google.com/maps/search/etablissement+wellness+Chasteaux%2BFrance/,
https://www.google.com/maps/search/etablissement+wellness+Chastel%2BFrance/,
https://www.google.com/maps/search/etablissement+wellness+Chastel-Arnaud%2BFrance/,
https://www.google.com/maps/search/etablissement+wellness+Chastel-Nouvel%2BFrance/,
https://www.google.com/maps/search/etablissement+wellness+Chastel-sur-Murat%2BFrance/,
https://www.google.com/maps/search/etablissement+wellness+Chastellux-sur-Cure%2BFrance/,
https://www.google.com/maps/search/etablissement+wellness+Chastreix%2BFrance/,
https://www.google.com/maps/search/etablissement+wellness+La Châtaigneraie%2BFrance/,
https://www.google.com/maps/search/etablissement+wellness+Chatain%2BFrance/,
https://www.google.com/maps/search/etablissement+wellness+Châtaincourt%2BFrance/,
https://www.google.com/maps/search/etablissement+wellness+Châtas%2BFrance/,
https://www.google.com/maps/search/etablissement+wellness+Château%2BFrance/,
https://www.google.com/maps/search/etablissement+wellness+Château-Arnoux-Saint-Auban%2BFrance/,
https://www.google.com/maps/search/etablissement+wellness+Château-Bernard%2BFrance/,
https://www.google.com/maps/search/etablissement+wellness+Château-Bréhain%2BFrance/,
https://www.google.com/maps/search/etablissement+wellness+Château-Chalon%2BFrance/,
https://www.google.com/maps/search/etablissement+wellness+Château-Chervix%2BFrance/,
https://www.google.com/maps/search/etablissement+wellness+Château-Chinon Campagne%2BFrance/,
https://www.google.com/maps/search/etablissement+wellness+Château-Chinon Ville%2BFrance/,
https://www.google.com/maps/search/etablissement+wellness+Le Château-d'Almenêches%2BFrance/,
https://www.google.com/maps/search/etablissement+wellness+Le Château-d'Oléron%2BFrance/,
https://www.google.com/maps/search/etablissement+wellness+Château-d'Olonne%2BFrance/,
https://www.google.com/maps/search/etablissement+wellness+Château-des-Prés%2BFrance/,
https://www.google.com/maps/search/etablissement+wellness+Château-Gaillard%2BFrance/,
https://www.google.com/maps/search/etablissement+wellness+Château-Garnier%2BFrance/,
https://www.google.com/maps/search/etablissement+wellness+Château-Gontier%2BFrance/,
https://www.google.com/maps/search/etablissement+wellness+Château-Guibert%2BFrance/,
https://www.google.com/maps/search/etablissement+wellness+Château-l'Abbaye%2BFrance/,
https://www.google.com/maps/search/etablissement+wellness+Château-l'Évêque%2BFrance/,
https://www.google.com/maps/search/etablissement+wellness+Château-l'Hermitage%2BFrance/,
https://www.google.com/maps/search/etablissement+wellness+Château-la-Vallière%2BFrance/,
https://www.google.com/maps/search/etablissement+wellness+Château-Landon%2BFrance/,
https://www.google.com/maps/search/etablissement+wellness+Château-Larcher%2BFrance/,
https://www.google.com/maps/search/etablissement+wellness+Château-Porcien%2BFrance/,
https://www.google.com/maps/search/etablissement+wellness+Château-Renard%2BFrance/,
https://www.google.com/maps/search/etablissement+wellness+Château-Renault%2BFrance/,
https://www.google.com/maps/search/etablissement+wellness+Château-Rouge%2BFrance/,
https://www.google.com/maps/search/etablissement+wellness+Château-Salins%2BFrance/,
https://www.google.com/maps/search/etablissement+wellness+Château-sur-Allier%2BFrance/,
https://www.google.com/maps/search/etablissement+wellness+Château-sur-Cher%2BFrance/,
https://www.google.com/maps/search/etablissement+wellness+Château-sur-Epte%2BFrance/,
https://www.google.com/maps/search/etablissement+wellness+Château-Thébaud%2BFrance/,
https://www.google.com/maps/search/etablissement+wellness+Château-Thierry%2BFrance/,
https://www.google.com/maps/search/etablissement+wellness+Château-Verdun%2BFrance/,
https://www.google.com/maps/search/etablissement+wellness+Château-Ville-Vieille%2BFrance/,
https://www.google.com/maps/search/etablissement+wellness+Château-Voué%2BFrance/,
https://www.google.com/maps/search/etablissement+wellness+Châteaubernard%2BFrance/,
https://www.google.com/maps/search/etablissement+wellness+Châteaubleau%2BFrance/,
https://www.google.com/maps/search/etablissement+wellness+Châteaubourg%2BFrance/,
https://www.google.com/maps/search/etablissement+wellness+Châteaubourg%2BFrance/,
https://www.google.com/maps/search/etablissement+wellness+Châteaubriant%2BFrance/,
https://www.google.com/maps/search/etablissement+wellness+Châteaudouble%2BFrance/,
https://www.google.com/maps/search/etablissement+wellness+Châteaudouble%2BFrance/,
https://www.google.com/maps/search/etablissement+wellness+Châteaudun%2BFrance/,
https://www.google.com/maps/search/etablissement+wellness+Châteaufort%2BFrance/,
https://www.google.com/maps/search/etablissement+wellness+Châteaufort%2BFrance/,
https://www.google.com/maps/search/etablissement+wellness+Châteaugay%2BFrance/,
https://www.google.com/maps/search/etablissement+wellness+Châteaugiron%2BFrance/,
https://www.google.com/maps/search/etablissement+wellness+Châteaulin%2BFrance/,
https://www.google.com/maps/search/etablissement+wellness+Châteaumeillant%2BFrance/,
https://www.google.com/maps/search/etablissement+wellness+Châteauneuf%2BFrance/,
https://www.google.com/maps/search/etablissement+wellness+Châteauneuf%2BFrance/,
https://www.google.com/maps/search/etablissement+wellness+Châteauneuf%2BFrance/,
https://www.google.com/maps/search/etablissement+wellness+Châteauneuf%2BFrance/,
https://www.google.com/maps/search/etablissement+wellness+Châteauneuf%2BFrance/,
https://www.google.com/maps/search/etablissement+wellness+Châteauneuf-d'Entraunes%2BFrance/,
https://www.google.com/maps/search/etablissement+wellness+Châteauneuf-d'Ille-et-Vilaine%2BFrance/,
https://www.google.com/maps/search/etablissement+wellness+Châteauneuf-d'Oze%2BFrance/,
https://www.google.com/maps/search/etablissement+wellness+Châteauneuf-de-Bordette%2BFrance/,
https://www.google.com/maps/search/etablissement+wellness+Châteauneuf-de-Gadagne%2BFrance/,
https://www.google.com/maps/search/etablissement+wellness+Châteauneuf-de-Galaure%2BFrance/,
https://www.google.com/maps/search/etablissement+wellness+Châteauneuf-de-Randon%2BFrance/,
https://www.google.com/maps/search/etablissement+wellness+Châteauneuf-de-Vernoux%2BFrance/,
https://www.google.com/maps/search/etablissement+wellness+Châteauneuf-du-Faou%2BFrance/,
https://www.google.com/maps/search/etablissement+wellness+Châteauneuf-du-Pape%2BFrance/,
https://www.google.com/maps/search/etablissement+wellness+Châteauneuf-du-Rhône%2BFrance/,
https://www.google.com/maps/search/etablissement+wellness+Châteauneuf-en-Thymerais%2BFrance/,
https://www.google.com/maps/search/etablissement+wellness+Châteauneuf-Grasse%2BFrance/,
https://www.google.com/maps/search/etablissement+wellness+Châteauneuf-la-Forêt%2BFrance/,
https://www.google.com/maps/search/etablissement+wellness+Châteauneuf-le-Rouge%2BFrance/,
https://www.google.com/maps/search/etablissement+wellness+Châteauneuf-les-Bains%2BFrance/,
https://www.google.com/maps/search/etablissement+wellness+Châteauneuf-les-Martigues%2BFrance/,
https://www.google.com/maps/search/etablissement+wellness+Châteauneuf-Miravail%2BFrance/,
https://www.google.com/maps/search/etablissement+wellness+Châteauneuf-sur-Charente%2BFrance/,
https://www.google.com/maps/search/etablissement+wellness+Châteauneuf-sur-Cher%2BFrance/,
https://www.google.com/maps/search/etablissement+wellness+Châteauneuf-sur-Isère%2BFrance/,
https://www.google.com/maps/search/etablissement+wellness+Châteauneuf-sur-Loire%2BFrance/,
https://www.google.com/maps/search/etablissement+wellness+Châteauneuf-sur-Sarthe%2BFrance/,
https://www.google.com/maps/search/etablissement+wellness+Châteauneuf-Val-de-Bargis%2BFrance/,
https://www.google.com/maps/search/etablissement+wellness+Châteauneuf-Val-Saint-Donat%2BFrance/,
https://www.google.com/maps/search/etablissement+wellness+Châteauneuf-Villevieille%2BFrance/,
https://www.google.com/maps/search/etablissement+wellness+Châteauponsac%2BFrance/,
https://www.google.com/maps/search/etablissement+wellness+Châteauredon%2BFrance/,
https://www.google.com/maps/search/etablissement+wellness+Châteaurenard%2BFrance/,
https://www.google.com/maps/search/etablissement+wellness+Châteauroux%2BFrance/,
https://www.google.com/maps/search/etablissement+wellness+Châteauroux-les-Alpes%2BFrance/,
https://www.google.com/maps/search/etablissement+wellness+Châteauvert%2BFrance/,
https://www.google.com/maps/search/etablissement+wellness+Châteauvieux%2BFrance/,
https://www.google.com/maps/search/etablissement+wellness+Châteauvieux%2BFrance/,
https://www.google.com/maps/search/etablissement+wellness+Châteauvieux%2BFrance/,
https://www.google.com/maps/search/etablissement+wellness+Châteauvieux-les-Fossés%2BFrance/,
https://www.google.com/maps/search/etablissement+wellness+Châteauvilain%2BFrance/,
https://www.google.com/maps/search/etablissement+wellness+Châteauvillain%2BFrance/,
https://www.google.com/maps/search/etablissement+wellness+Le Châtel%2BFrance/,
https://www.google.com/maps/search/etablissement+wellness+Châtel%2BFrance/,
https://www.google.com/maps/search/etablissement+wellness+Châtel-Censoir%2BFrance/,
https://www.google.com/maps/search/etablissement+wellness+Chatel-Chéhéry%2BFrance/,
https://www.google.com/maps/search/etablissement+wellness+Châtel-de-Joux%2BFrance/,
https://www.google.com/maps/search/etablissement+wellness+Châtel-de-Neuvre%2BFrance/,
https://www.google.com/maps/search/etablissement+wellness+Châtel-en-Trièves%2BFrance/,
https://www.google.com/maps/search/etablissement+wellness+Châtel-Gérard%2BFrance/,
https://www.google.com/maps/search/etablissement+wellness+Châtel-Guyon%2BFrance/,
https://www.google.com/maps/search/etablissement+wellness+Châtel-Montagne%2BFrance/,
https://www.google.com/maps/search/etablissement+wellness+Châtel-Moron%2BFrance/,
https://www.google.com/maps/search/etablissement+wellness+Châtel-Saint-Germain%2BFrance/,
https://www.google.com/maps/search/etablissement+wellness+Châtel-sur-Moselle%2BFrance/,
https://www.google.com/maps/search/etablissement+wellness+Châtelaillon-Plage%2BFrance/,
https://www.google.com/maps/search/etablissement+wellness+Châtelain%2BFrance/,
https://www.google.com/maps/search/etablissement+wellness+La Châtelaine%2BFrance/,
https://www.google.com/maps/search/etablissement+wellness+Châtelais%2BFrance/,
https://www.google.com/maps/search/etablissement+wellness+Châtelard%2BFrance/,
https://www.google.com/maps/search/etablissement+wellness+Le Châtelard%2BFrance/,
https://www.google.com/maps/search/etablissement+wellness+Châtelaudren%2BFrance/,
https://www.google.com/maps/search/etablissement+wellness+Chatelay%2BFrance/,
https://www.google.com/maps/search/etablissement+wellness+Châtelblanc%2BFrance/,
https://www.google.com/maps/search/etablissement+wellness+Châteldon%2BFrance/,
https://www.google.com/maps/search/etablissement+wellness+Le Châtelet%2BFrance/,
https://www.google.com/maps/search/etablissement+wellness+Le Châtelet-en-Brie%2BFrance/,
https://www.google.com/maps/search/etablissement+wellness+Le Châtelet-sur-Meuse%2BFrance/,
https://www.google.com/maps/search/etablissement+wellness+Le Châtelet-sur-Retourne%2BFrance/,
https://www.google.com/maps/search/etablissement+wellness+Le Châtelet-sur-Sormonne%2BFrance/,
https://www.google.com/maps/search/etablissement+wellness+Les Châtelets%2BFrance/,
https://www.google.com/maps/search/etablissement+wellness+Le Chateley%2BFrance/,
https://www.google.com/maps/search/etablissement+wellness+Le Châtelier%2BFrance/,
https://www.google.com/maps/search/etablissement+wellness+Châtellenot%2BFrance/,
https://www.google.com/maps/search/etablissement+wellness+Châtellerault%2BFrance/,
https://www.google.com/maps/search/etablissement+wellness+Le Châtellier%2BFrance/,
https://www.google.com/maps/search/etablissement+wellness+Le Châtellier%2BFrance/,
https://www.google.com/maps/search/etablissement+wellness+Les Châtelliers-Notre-Dame%2BFrance/,
https://www.google.com/maps/search/etablissement+wellness+Châtelneuf%2BFrance/,
https://www.google.com/maps/search/etablissement+wellness+Châtelneuf%2BFrance/,
https://www.google.com/maps/search/etablissement+wellness+Châtelperron%2BFrance/,
https://www.google.com/maps/search/etablissement+wellness+Châtelraould-Saint-Louvent%2BFrance/,
https://www.google.com/maps/search/etablissement+wellness+Châtelus%2BFrance/,
https://www.google.com/maps/search/etablissement+wellness+Châtelus%2BFrance/,
https://www.google.com/maps/search/etablissement+wellness+Châtelus%2BFrance/,
https://www.google.com/maps/search/etablissement+wellness+Châtelus-le-Marcheix%2BFrance/,
https://www.google.com/maps/search/etablissement+wellness+Châtelus-Malvaleix%2BFrance/,
https://www.google.com/maps/search/etablissement+wellness+Châtenay%2BFrance/,
https://www.google.com/maps/search/etablissement+wellness+Châtenay%2BFrance/,
https://www.google.com/maps/search/etablissement+wellness+Châtenay%2BFrance/,
https://www.google.com/maps/search/etablissement+wellness+Châtenay%2BFrance/,
https://www.google.com/maps/search/etablissement+wellness+Châtenay-en-France%2BFrance/,
https://www.google.com/maps/search/etablissement+wellness+Chatenay-Mâcheron%2BFrance/,
https://www.google.com/maps/search/etablissement+wellness+Châtenay-Malabry%2BFrance/,
https://www.google.com/maps/search/etablissement+wellness+Châtenay-sur-Seine%2BFrance/,
https://www.google.com/maps/search/etablissement+wellness+Chatenay-Vaudin%2BFrance/,
https://www.google.com/maps/search/etablissement+wellness+Chatenet%2BFrance/,
https://www.google.com/maps/search/etablissement+wellness+Le Châtenet-en-Dognon%2BFrance/,
https://www.google.com/maps/search/etablissement+wellness+Châteney%2BFrance/,
https://www.google.com/maps/search/etablissement+wellness+Châtenois%2BFrance/,
https://www.google.com/maps/search/etablissement+wellness+Châtenois%2BFrance/,
https://www.google.com/maps/search/etablissement+wellness+Châtenois%2BFrance/,
https://www.google.com/maps/search/etablissement+wellness+Châtenois%2BFrance/,
https://www.google.com/maps/search/etablissement+wellness+Châtenois-les-Forges%2BFrance/,
https://www.google.com/maps/search/etablissement+wellness+Châtenoy%2BFrance/,
https://www.google.com/maps/search/etablissement+wellness+Châtenoy%2BFrance/,
https://www.google.com/maps/search/etablissement+wellness+Châtenoy-en-Bresse%2BFrance/,
https://www.google.com/maps/search/etablissement+wellness+Châtenoy-le-Royal%2BFrance/,
https://www.google.com/maps/search/etablissement+wellness+Châtignac%2BFrance/,
https://www.google.com/maps/search/etablissement+wellness+Chatignonville%2BFrance/,
https://www.google.com/maps/search/etablissement+wellness+Châtillon%2BFrance/,
https://www.google.com/maps/search/etablissement+wellness+Châtillon%2BFrance/,
https://www.google.com/maps/search/etablissement+wellness+Châtillon%2BFrance/,
https://www.google.com/maps/search/etablissement+wellness+Châtillon%2BFrance/,
https://www.google.com/maps/search/etablissement+wellness+Châtillon%2BFrance/,
https://www.google.com/maps/search/etablissement+wellness+Châtillon-Coligny%2BFrance/,
https://www.google.com/maps/search/etablissement+wellness+Châtillon-en-Bazois%2BFrance/,
https://www.google.com/maps/search/etablissement+wellness+Châtillon-en-Diois%2BFrance/,
https://www.google.com/maps/search/etablissement+wellness+Châtillon-en-Dunois%2BFrance/,
https://www.google.com/maps/search/etablissement+wellness+Châtillon-en-Michaille%2BFrance/,
https://www.google.com/maps/search/etablissement+wellness+Châtillon-en-Vendelais%2BFrance/,
https://www.google.com/maps/search/etablissement+wellness+Châtillon-Guyotte%2BFrance/,
https://www.google.com/maps/search/etablissement+wellness+Châtillon-la-Borde%2BFrance/,
https://www.google.com/maps/search/etablissement+wellness+Châtillon-la-Palud%2BFrance/,
https://www.google.com/maps/search/etablissement+wellness+Châtillon-le-Duc%2BFrance/,
https://www.google.com/maps/search/etablissement+wellness+Châtillon-le-Roi%2BFrance/,
https://www.google.com/maps/search/etablissement+wellness+Châtillon-lès-Sons%2BFrance/,
https://www.google.com/maps/search/etablissement+wellness+Châtillon-Saint-Jean%2BFrance/,
https://www.google.com/maps/search/etablissement+wellness+Châtillon-sous-les-Côtes%2BFrance/,
https://www.google.com/maps/search/etablissement+wellness+Châtillon-sur-Broué%2BFrance/,
https://www.google.com/maps/search/etablissement+wellness+Châtillon-sur-Chalaronne%2BFrance/,
https://www.google.com/maps/search/etablissement+wellness+Châtillon-sur-Cher%2BFrance/,
https://www.google.com/maps/search/etablissement+wellness+Châtillon-sur-Cluses%2BFrance/,
https://www.google.com/maps/search/etablissement+wellness+Châtillon-sur-Colmont%2BFrance/,
https://www.google.com/maps/search/etablissement+wellness+Châtillon-sur-Indre%2BFrance/,
https://www.google.com/maps/search/etablissement+wellness+Châtillon-sur-Lison%2BFrance/,
https://www.google.com/maps/search/etablissement+wellness+Châtillon-sur-Loire%2BFrance/,
https://www.google.com/maps/search/etablissement+wellness+Châtillon-sur-Marne%2BFrance/,
https://www.google.com/maps/search/etablissement+wellness+Châtillon-sur-Morin%2BFrance/,
https://www.google.com/maps/search/etablissement+wellness+Châtillon-sur-Oise%2BFrance/,
https://www.google.com/maps/search/etablissement+wellness+Châtillon-sur-Saône%2BFrance/,
https://www.google.com/maps/search/etablissement+wellness+Châtillon-sur-Seine%2BFrance/,
https://www.google.com/maps/search/etablissement+wellness+Châtillon-sur-Thouet%2BFrance/,
https://www.google.com/maps/search/etablissement+wellness+Châtin%2BFrance/,
https://www.google.com/maps/search/etablissement+wellness+Chatonnay%2BFrance/,
https://www.google.com/maps/search/etablissement+wellness+Châtonnay%2BFrance/,
https://www.google.com/maps/search/etablissement+wellness+Chatonrupt-Sommermont%2BFrance/,
https://www.google.com/maps/search/etablissement+wellness+Chatou%2BFrance/,
https://www.google.com/maps/search/etablissement+wellness+La Châtre%2BFrance/,
https://www.google.com/maps/search/etablissement+wellness+La Châtre-Langlin%2BFrance/,
https://www.google.com/maps/search/etablissement+wellness+Châtres%2BFrance/,
https://www.google.com/maps/search/etablissement+wellness+Châtres%2BFrance/,
https://www.google.com/maps/search/etablissement+wellness+Châtres%2BFrance/,
https://www.google.com/maps/search/etablissement+wellness+Châtres-la-Forêt%2BFrance/,
https://www.google.com/maps/search/etablissement+wellness+Châtres-sur-Cher%2BFrance/,
https://www.google.com/maps/search/etablissement+wellness+Châtrices%2BFrance/,
https://www.google.com/maps/search/etablissement+wellness+Chattancourt%2BFrance/,
https://www.google.com/maps/search/etablissement+wellness+Chatte%2BFrance/,
https://www.google.com/maps/search/etablissement+wellness+Chatuzange-le-Goubet%2BFrance/,
https://www.google.com/maps/search/etablissement+wellness+Chaucenne%2BFrance/,
https://www.google.com/maps/search/etablissement+wellness+Chauchailles%2BFrance/,
https://www.google.com/maps/search/etablissement+wellness+Chauché%2BFrance/,
https://www.google.com/maps/search/etablissement+wellness+Le Chauchet%2BFrance/,
https://www.google.com/maps/search/etablissement+wellness+Chauchigny%2BFrance/,
https://www.google.com/maps/search/etablissement+wellness+Chauconin-Neufmontiers%2BFrance/,
https://www.google.com/maps/search/etablissement+wellness+Chaudardes%2BFrance/,
https://www.google.com/maps/search/etablissement+wellness+Chaudebonne%2BFrance/,
https://www.google.com/maps/search/etablissement+wellness+Chaudefonds-sur-Layon%2BFrance/,
https://www.google.com/maps/search/etablissement+wellness+Chaudefontaine%2BFrance/,
https://www.google.com/maps/search/etablissement+wellness+Chaudefontaine%2BFrance/,
https://www.google.com/maps/search/etablissement+wellness+Chaudenay%2BFrance/,
https://www.google.com/maps/search/etablissement+wellness+Chaudenay%2BFrance/,
https://www.google.com/maps/search/etablissement+wellness+Chaudenay-la-Ville%2BFrance/,
https://www.google.com/maps/search/etablissement+wellness+Chaudenay-le-Château%2BFrance/,
https://www.google.com/maps/search/etablissement+wellness+Chaudeney-sur-Moselle%2BFrance/,
https://www.google.com/maps/search/etablissement+wellness+Chaudes-Aigues%2BFrance/,
https://www.google.com/maps/search/etablissement+wellness+Chaudeyrac%2BFrance/,
https://www.google.com/maps/search/etablissement+wellness+Chaudeyrolles%2BFrance/,
https://www.google.com/maps/search/etablissement+wellness+La Chaudière%2BFrance/,
https://www.google.com/maps/search/etablissement+wellness+Chaudon%2BFrance/,
https://www.google.com/maps/search/etablissement+wellness+Chaudon-Norante%2BFrance/,
https://www.google.com/maps/search/etablissement+wellness+Chaudrey%2BFrance/,
https://www.google.com/maps/search/etablissement+wellness+Chaudun%2BFrance/,
https://www.google.com/maps/search/etablissement+wellness+Chauffailles%2BFrance/,
https://www.google.com/maps/search/etablissement+wellness+Chauffecourt%2BFrance/,
https://www.google.com/maps/search/etablissement+wellness+Chauffour-lès-Bailly%2BFrance/,
https://www.google.com/maps/search/etablissement+wellness+Chauffour-lès-Étréchy%2BFrance/,
https://www.google.com/maps/search/etablissement+wellness+Chauffour-sur-Vell%2BFrance/,
https://www.google.com/maps/search/etablissement+wellness+Chauffours%2BFrance/,
https://www.google.com/maps/search/etablissement+wellness+Chauffourt%2BFrance/,
https://www.google.com/maps/search/etablissement+wellness+Chauffry%2BFrance/,
https://www.google.com/maps/search/etablissement+wellness+Chaufour-lès-Bonnières%2BFrance/,
https://www.google.com/maps/search/etablissement+wellness+Chaufour-Notre-Dame%2BFrance/,
https://www.google.com/maps/search/etablissement+wellness+Chaugey%2BFrance/,
https://www.google.com/maps/search/etablissement+wellness+Chaulgnes%2BFrance/,
https://www.google.com/maps/search/etablissement+wellness+Chaulhac%2BFrance/,
https://www.google.com/maps/search/etablissement+wellness+Chaulieu%2BFrance/,
https://www.google.com/maps/search/etablissement+wellness+La Chaulme%2BFrance/,
https://www.google.com/maps/search/etablissement+wellness+Chaulnes%2BFrance/,
https://www.google.com/maps/search/etablissement+wellness+Chaum%2BFrance/,
https://www.google.com/maps/search/etablissement+wellness+Chaumard%2BFrance/,
https://www.google.com/maps/search/etablissement+wellness+La Chaume%2BFrance/,
https://www.google.com/maps/search/etablissement+wellness+Chaume-et-Courchamp%2BFrance/,
https://www.google.com/maps/search/etablissement+wellness+Chaume-lès-Baigneux%2BFrance/,
https://www.google.com/maps/search/etablissement+wellness+Chaumeil%2BFrance/,
https://www.google.com/maps/search/etablissement+wellness+Chaumercenne%2BFrance/,
https://www.google.com/maps/search/etablissement+wellness+Chaumergy%2BFrance/,
https://www.google.com/maps/search/etablissement+wellness+Chaumes-en-Brie%2BFrance/,
https://www.google.com/maps/search/etablissement+wellness+Chaumes-en-Retz%2BFrance/,
https://www.google.com/maps/search/etablissement+wellness+Chaumesnil%2BFrance/,
https://www.google.com/maps/search/etablissement+wellness+Chaumont%2BFrance/,
https://www.google.com/maps/search/etablissement+wellness+Chaumont%2BFrance/,
https://www.google.com/maps/search/etablissement+wellness+Chaumont%2BFrance/,
https://www.google.com/maps/search/etablissement+wellness+Chaumont%2BFrance/,
https://www.google.com/maps/search/etablissement+wellness+Chaumont%2BFrance/,
https://www.google.com/maps/search/etablissement+wellness+Chaumont-devant-Damvillers%2BFrance/,
https://www.google.com/maps/search/etablissement+wellness+Chaumont-en-Vexin%2BFrance/,
https://www.google.com/maps/search/etablissement+wellness+Chaumont-la-Ville%2BFrance/,
https://www.google.com/maps/search/etablissement+wellness+Chaumont-le-Bois%2BFrance/,
https://www.google.com/maps/search/etablissement+wellness+Chaumont-le-Bourg%2BFrance/,
https://www.google.com/maps/search/etablissement+wellness+Chaumont-Porcien%2BFrance/,
https://www.google.com/maps/search/etablissement+wellness+Chaumont-sur-Aire%2BFrance/,
https://www.google.com/maps/search/etablissement+wellness+Chaumont-sur-Loire%2BFrance/,
https://www.google.com/maps/search/etablissement+wellness+Chaumont-sur-Tharonne%2BFrance/,
https://www.google.com/maps/search/etablissement+wellness+Chaumontel%2BFrance/,
https://www.google.com/maps/search/etablissement+wellness+Chaumot%2BFrance/,
https://www.google.com/maps/search/etablissement+wellness+Chaumot%2BFrance/,
https://www.google.com/maps/search/etablissement+wellness+Chaumousey%2BFrance/,
https://www.google.com/maps/search/etablissement+wellness+Chaumoux-Marcilly%2BFrance/,
https://www.google.com/maps/search/etablissement+wellness+Chaumussay%2BFrance/,
https://www.google.com/maps/search/etablissement+wellness+La Chaumusse%2BFrance/,
https://www.google.com/maps/search/etablissement+wellness+Chaumuzy%2BFrance/,
https://www.google.com/maps/search/etablissement+wellness+Chaunac%2BFrance/,
https://www.google.com/maps/search/etablissement+wellness+Chaunay%2BFrance/,
https://www.google.com/maps/search/etablissement+wellness+Chauny%2BFrance/,
https://www.google.com/maps/search/etablissement+wellness+Chauray%2BFrance/,
https://www.google.com/maps/search/etablissement+wellness+Chauriat%2BFrance/,
https://www.google.com/maps/search/etablissement+wellness+La Chaussade%2BFrance/,
https://www.google.com/maps/search/etablissement+wellness+Chaussan%2BFrance/,
https://www.google.com/maps/search/etablissement+wellness+La Chaussée%2BFrance/,
https://www.google.com/maps/search/etablissement+wellness+La Chaussée%2BFrance/,
https://www.google.com/maps/search/etablissement+wellness+La Chaussée-d'Ivry%2BFrance/,
https://www.google.com/maps/search/etablissement+wellness+La Chaussée-Saint-Victor%2BFrance/,
https://www.google.com/maps/search/etablissement+wellness+La Chaussée-sur-Marne%2BFrance/,
https://www.google.com/maps/search/etablissement+wellness+La Chaussée-Tirancourt%2BFrance/,
https://www.google.com/maps/search/etablissement+wellness+Chaussenac%2BFrance/,
https://www.google.com/maps/search/etablissement+wellness+Chaussenans%2BFrance/,
https://www.google.com/maps/search/etablissement+wellness+Chausseterre%2BFrance/,
https://www.google.com/maps/search/etablissement+wellness+Chaussin%2BFrance/,
https://www.google.com/maps/search/etablissement+wellness+Chaussoy-Epagny%2BFrance/,
https://www.google.com/maps/search/etablissement+wellness+Chaussy%2BFrance/,
https://www.google.com/maps/search/etablissement+wellness+Chaussy%2BFrance/,
https://www.google.com/maps/search/etablissement+wellness+Le Chautay%2BFrance/,
https://www.google.com/maps/search/etablissement+wellness+Chauvac-Laux-Montaux%2BFrance/,
https://www.google.com/maps/search/etablissement+wellness+Chauvé%2BFrance/,
https://www.google.com/maps/search/etablissement+wellness+Chauvency-le-Château%2BFrance/,
https://www.google.com/maps/search/etablissement+wellness+Chauvency-Saint-Hubert%2BFrance/,
https://www.google.com/maps/search/etablissement+wellness+Chauvigné%2BFrance/,
https://www.google.com/maps/search/etablissement+wellness+Chauvigny%2BFrance/,
https://www.google.com/maps/search/etablissement+wellness+Chauvigny-du-Perche%2BFrance/,
https://www.google.com/maps/search/etablissement+wellness+Chauvincourt-Provemont%2BFrance/,
https://www.google.com/maps/search/etablissement+wellness+Chauvirey-le-Châtel%2BFrance/,
https://www.google.com/maps/search/etablissement+wellness+Chauvirey-le-Vieil%2BFrance/,
https://www.google.com/maps/search/etablissement+wellness+Chauvoncourt%2BFrance/,
https://www.google.com/maps/search/etablissement+wellness+Chauvry%2BFrance/,
https://www.google.com/maps/search/etablissement+wellness+Chaux%2BFrance/,
https://www.google.com/maps/search/etablissement+wellness+La Chaux%2BFrance/,
https://www.google.com/maps/search/etablissement+wellness+La Chaux%2BFrance/,
https://www.google.com/maps/search/etablissement+wellness+La Chaux%2BFrance/,
https://www.google.com/maps/search/etablissement+wellness+Chaux%2BFrance/,
https://www.google.com/maps/search/etablissement+wellness+Chaux-Champagny%2BFrance/,
https://www.google.com/maps/search/etablissement+wellness+Chaux-des-Crotenay%2BFrance/,
https://www.google.com/maps/search/etablissement+wellness+La Chaux-du-Dombief%2BFrance/,
https://www.google.com/maps/search/etablissement+wellness+La Chaux-en-Bresse%2BFrance/,
https://www.google.com/maps/search/etablissement+wellness+Chaux-la-Lotière%2BFrance/,
https://www.google.com/maps/search/etablissement+wellness+Chaux-lès-Clerval%2BFrance/,
https://www.google.com/maps/search/etablissement+wellness+Chaux-lès-Passavant%2BFrance/,
https://www.google.com/maps/search/etablissement+wellness+Chaux-lès-Port%2BFrance/,
https://www.google.com/maps/search/etablissement+wellness+Chaux-Neuve%2BFrance/,
https://www.google.com/maps/search/etablissement+wellness+Chauzon%2BFrance/,
https://www.google.com/maps/search/etablissement+wellness+Chavagnac%2BFrance/,
https://www.google.com/maps/search/etablissement+wellness+Chavagne%2BFrance/,
https://www.google.com/maps/search/etablissement+wellness+Chavagnes-en-Paillers%2BFrance/,
https://www.google.com/maps/search/etablissement+wellness+Chavagnes-les-Redoux%2BFrance/,
https://www.google.com/maps/search/etablissement+wellness+Chavaignes%2BFrance/,
https://www.google.com/maps/search/etablissement+wellness+Chavanac%2BFrance/,
https://www.google.com/maps/search/etablissement+wellness+Chavanat%2BFrance/,
https://www.google.com/maps/search/etablissement+wellness+Chavanatte%2BFrance/,
https://www.google.com/maps/search/etablissement+wellness+Chavanay%2BFrance/,
https://www.google.com/maps/search/etablissement+wellness+Chavanges%2BFrance/,
https://www.google.com/maps/search/etablissement+wellness+Chavaniac-Lafayette%2BFrance/,
https://www.google.com/maps/search/etablissement+wellness+Chavannaz%2BFrance/,
https://www.google.com/maps/search/etablissement+wellness+Chavanne%2BFrance/,
https://www.google.com/maps/search/etablissement+wellness+La Chavanne%2BFrance/,
https://www.google.com/maps/search/etablissement+wellness+Chavannes%2BFrance/,
https://www.google.com/maps/search/etablissement+wellness+Chavannes%2BFrance/,
https://www.google.com/maps/search/etablissement+wellness+Les Chavannes-en-Maurienne%2BFrance/,
https://www.google.com/maps/search/etablissement+wellness+Chavannes-les-Grands%2BFrance/,
https://www.google.com/maps/search/etablissement+wellness+Chavannes-sur-l'Étang%2BFrance/,
https://www.google.com/maps/search/etablissement+wellness+Chavannes-sur-Reyssouze%2BFrance/,
https://www.google.com/maps/search/etablissement+wellness+Chavanod%2BFrance/,
https://www.google.com/maps/search/etablissement+wellness+Chavanoz%2BFrance/,
https://www.google.com/maps/search/etablissement+wellness+Chavaroux%2BFrance/,
https://www.google.com/maps/search/etablissement+wellness+La Chavatte%2BFrance/,
https://www.google.com/maps/search/etablissement+wellness+Chaveignes%2BFrance/,
https://www.google.com/maps/search/etablissement+wellness+Chavelot%2BFrance/,
https://www.google.com/maps/search/etablissement+wellness+Chavenay%2BFrance/,
https://www.google.com/maps/search/etablissement+wellness+Chavençon%2BFrance/,
https://www.google.com/maps/search/etablissement+wellness+Chavenon%2BFrance/,
https://www.google.com/maps/search/etablissement+wellness+Chavéria%2BFrance/,
https://www.google.com/maps/search/etablissement+wellness+Chaveroche%2BFrance/,
https://www.google.com/maps/search/etablissement+wellness+Chaveyriat%2BFrance/,
https://www.google.com/maps/search/etablissement+wellness+Chavignon%2BFrance/,
https://www.google.com/maps/search/etablissement+wellness+Chavigny%2BFrance/,
https://www.google.com/maps/search/etablissement+wellness+Chavigny%2BFrance/,
https://www.google.com/maps/search/etablissement+wellness+Chavigny-Bailleul%2BFrance/,
https://www.google.com/maps/search/etablissement+wellness+Chaville%2BFrance/,
https://www.google.com/maps/search/etablissement+wellness+Chavin%2BFrance/,
https://www.google.com/maps/search/etablissement+wellness+Chavonne%2BFrance/,
https://www.google.com/maps/search/etablissement+wellness+Chavornay%2BFrance/,
https://www.google.com/maps/search/etablissement+wellness+Chavot-Courcourt%2BFrance/,
https://www.google.com/maps/search/etablissement+wellness+Chavoy%2BFrance/,
https://www.google.com/maps/search/etablissement+wellness+Chavroches%2BFrance/,
https://www.google.com/maps/search/etablissement+wellness+Le Chay%2BFrance/,
https://www.google.com/maps/search/etablissement+wellness+Chay%2BFrance/,
https://www.google.com/maps/search/etablissement+wellness+Chazay-d'Azergues%2BFrance/,
https://www.google.com/maps/search/etablissement+wellness+La Chaze-de-Peyre%2BFrance/,
https://www.google.com/maps/search/etablissement+wellness+Chazé-Henry%2BFrance/,
https://www.google.com/maps/search/etablissement+wellness+Chazé-sur-Argos%2BFrance/,
https://www.google.com/maps/search/etablissement+wellness+Chazeaux%2BFrance/,
https://www.google.com/maps/search/etablissement+wellness+Chazelet%2BFrance/,
https://www.google.com/maps/search/etablissement+wellness+Chazelles%2BFrance/,
https://www.google.com/maps/search/etablissement+wellness+Chazelles%2BFrance/,
https://www.google.com/maps/search/etablissement+wellness+Chazelles%2BFrance/,
https://www.google.com/maps/search/etablissement+wellness+Chazelles-sur-Albe%2BFrance/,
https://www.google.com/maps/search/etablissement+wellness+Chazelles-sur-Lavieu%2BFrance/,
https://www.google.com/maps/search/etablissement+wellness+Chazelles-sur-Lyon%2BFrance/,
https://www.google.com/maps/search/etablissement+wellness+Chazemais%2BFrance/,
https://www.google.com/maps/search/etablissement+wellness+Chazeuil%2BFrance/,
https://www.google.com/maps/search/etablissement+wellness+Chazeuil%2BFrance/,
https://www.google.com/maps/search/etablissement+wellness+Chazey-Bons%2BFrance/,
https://www.google.com/maps/search/etablissement+wellness+Chazey-sur-Ain%2BFrance/,
https://www.google.com/maps/search/etablissement+wellness+Chazilly%2BFrance/,
https://www.google.com/maps/search/etablissement+wellness+Chazot%2BFrance/,
https://www.google.com/maps/search/etablissement+wellness+Chécy%2BFrance/,
https://www.google.com/maps/search/etablissement+wellness+Chédigny%2BFrance/,
https://www.google.com/maps/search/etablissement+wellness+Chef-Boutonne%2BFrance/,
https://www.google.com/maps/search/etablissement+wellness+Chef-Haut%2BFrance/,
https://www.google.com/maps/search/etablissement+wellness+Cheffes%2BFrance/,
https://www.google.com/maps/search/etablissement+wellness+Cheffois%2BFrance/,
https://www.google.com/maps/search/etablissement+wellness+Cheignieu-la-Balme%2BFrance/,
https://www.google.com/maps/search/etablissement+wellness+Cheillé%2BFrance/,
https://www.google.com/maps/search/etablissement+wellness+Cheilly-lès-Maranges%2BFrance/,
https://www.google.com/maps/search/etablissement+wellness+Chein-Dessus%2BFrance/,
https://www.google.com/maps/search/etablissement+wellness+Cheissoux%2BFrance/,
https://www.google.com/maps/search/etablissement+wellness+Le Cheix%2BFrance/,
https://www.google.com/maps/search/etablissement+wellness+Cheix-en-Retz%2BFrance/,
https://www.google.com/maps/search/etablissement+wellness+Chélan%2BFrance/,
https://www.google.com/maps/search/etablissement+wellness+Chelers%2BFrance/,
https://www.google.com/maps/search/etablissement+wellness+Chélieu%2BFrance/,
https://www.google.com/maps/search/etablissement+wellness+Chelle-Debat%2BFrance/,
https://www.google.com/maps/search/etablissement+wellness+Chelle-Spou%2BFrance/,
https://www.google.com/maps/search/etablissement+wellness+Chelles%2BFrance/,
https://www.google.com/maps/search/etablissement+wellness+Chelles%2BFrance/,
https://www.google.com/maps/search/etablissement+wellness+Chelun%2BFrance/,
https://www.google.com/maps/search/etablissement+wellness+Chemaudin et Vaux%2BFrance/,
https://www.google.com/maps/search/etablissement+wellness+Chemazé%2BFrance/,
https://www.google.com/maps/search/etablissement+wellness+Chemellier%2BFrance/,
https://www.google.com/maps/search/etablissement+wellness+Chemenot%2BFrance/,
https://www.google.com/maps/search/etablissement+wellness+Chémeré-le-Roi%2BFrance/,
https://www.google.com/maps/search/etablissement+wellness+Chémery%2BFrance/,
https://www.google.com/maps/search/etablissement+wellness+Chémery-Chéhéry%2BFrance/,
https://www.google.com/maps/search/etablissement+wellness+Chémery-les-Deux%2BFrance/,
https://www.google.com/maps/search/etablissement+wellness+Chemilla%2BFrance/,
https://www.google.com/maps/search/etablissement+wellness+Chemillé-en-Anjou%2BFrance/,
https://www.google.com/maps/search/etablissement+wellness+Chemillé-sur-Dême%2BFrance/,
https://www.google.com/maps/search/etablissement+wellness+Chemillé-sur-Indrois%2BFrance/,
https://www.google.com/maps/search/etablissement+wellness+Chemilli%2BFrance/,
https://www.google.com/maps/search/etablissement+wellness+Chemilly%2BFrance/,
https://www.google.com/maps/search/etablissement+wellness+Chemilly%2BFrance/,
https://www.google.com/maps/search/etablissement+wellness+Chemilly-sur-Serein%2BFrance/,
https://www.google.com/maps/search/etablissement+wellness+Chemilly-sur-Yonne%2BFrance/,
https://www.google.com/maps/search/etablissement+wellness+Chemin%2BFrance/,
https://www.google.com/maps/search/etablissement+wellness+Le Chemin%2BFrance/,
https://www.google.com/maps/search/etablissement+wellness+Chemin-d'Aisey%2BFrance/,
https://www.google.com/maps/search/etablissement+wellness+Cheminas%2BFrance/,
https://www.google.com/maps/search/etablissement+wellness+Cheminon%2BFrance/,
https://www.google.com/maps/search/etablissement+wellness+Cheminot%2BFrance/,
https://www.google.com/maps/search/etablissement+wellness+Chemiré-en-Charnie%2BFrance/,
https://www.google.com/maps/search/etablissement+wellness+Chemiré-le-Gaudin%2BFrance/,
https://www.google.com/maps/search/etablissement+wellness+Chemy%2BFrance/,
https://www.google.com/maps/search/etablissement+wellness+Chenac-Saint-Seurin-d'Uzet%2BFrance/,
https://www.google.com/maps/search/etablissement+wellness+Chenailler-Mascheix%2BFrance/,
https://www.google.com/maps/search/etablissement+wellness+La Chenalotte%2BFrance/,
https://www.google.com/maps/search/etablissement+wellness+Chénas%2BFrance/,
https://www.google.com/maps/search/etablissement+wellness+Chenay%2BFrance/,
https://www.google.com/maps/search/etablissement+wellness+Chenay%2BFrance/,
https://www.google.com/maps/search/etablissement+wellness+Chenay%2BFrance/,
https://www.google.com/maps/search/etablissement+wellness+Chenay-le-Châtel%2BFrance/,
https://www.google.com/maps/search/etablissement+wellness+Le Chêne%2BFrance/,
https://www.google.com/maps/search/etablissement+wellness+Chêne-Bernard%2BFrance/,
https://www.google.com/maps/search/etablissement+wellness+Chêne-en-Semine%2BFrance/,
https://www.google.com/maps/search/etablissement+wellness+Chêne-Sec%2BFrance/,
https://www.google.com/maps/search/etablissement+wellness+Chenebier%2BFrance/,
https://www.google.com/maps/search/etablissement+wellness+Chenecey-Buillon%2BFrance/,
https://www.google.com/maps/search/etablissement+wellness+Cheneché%2BFrance/,
https://www.google.com/maps/search/etablissement+wellness+Chénelette%2BFrance/,
https://www.google.com/maps/search/etablissement+wellness+Chénérailles%2BFrance/,
https://www.google.com/maps/search/etablissement+wellness+Chenereilles%2BFrance/,
https://www.google.com/maps/search/etablissement+wellness+Chenereilles%2BFrance/,
https://www.google.com/maps/search/etablissement+wellness+Chenevelles%2BFrance/,
https://www.google.com/maps/search/etablissement+wellness+Chenevières%2BFrance/,
https://www.google.com/maps/search/etablissement+wellness+Chenevrey-et-Morogne%2BFrance/,
https://www.google.com/maps/search/etablissement+wellness+Chênex%2BFrance/,
https://www.google.com/maps/search/etablissement+wellness+Cheney%2BFrance/,
https://www.google.com/maps/search/etablissement+wellness+Chenicourt%2BFrance/,
https://www.google.com/maps/search/etablissement+wellness+Chenières%2BFrance/,
https://www.google.com/maps/search/etablissement+wellness+Cheniers%2BFrance/,
https://www.google.com/maps/search/etablissement+wellness+Chéniers%2BFrance/,
https://www.google.com/maps/search/etablissement+wellness+Chenillé-Champteussé%2BFrance/,
https://www.google.com/maps/search/etablissement+wellness+Cheniménil%2BFrance/,
https://www.google.com/maps/search/etablissement+wellness+Chennebrun%2BFrance/,
https://www.google.com/maps/search/etablissement+wellness+Chennegy%2BFrance/,
https://www.google.com/maps/search/etablissement+wellness+Chennevières-lès-Louvres%2BFrance/,
https://www.google.com/maps/search/etablissement+wellness+Chennevières-sur-Marne%2BFrance/,
https://www.google.com/maps/search/etablissement+wellness+Chenois%2BFrance/,
https://www.google.com/maps/search/etablissement+wellness+Chenoise%2BFrance/,
https://www.google.com/maps/search/etablissement+wellness+Chenommet%2BFrance/,
https://www.google.com/maps/search/etablissement+wellness+Chenon%2BFrance/,
https://www.google.com/maps/search/etablissement+wellness+Chenonceaux%2BFrance/,
https://www.google.com/maps/search/etablissement+wellness+Chenou%2BFrance/,
https://www.google.com/maps/search/etablissement+wellness+Chenôve%2BFrance/,
https://www.google.com/maps/search/etablissement+wellness+Chenôves%2BFrance/,
https://www.google.com/maps/search/etablissement+wellness+Chens-sur-Léman%2BFrance/,
https://www.google.com/maps/search/etablissement+wellness+Chenu%2BFrance/,
https://www.google.com/maps/search/etablissement+wellness+Cheny%2BFrance/,
https://www.google.com/maps/search/etablissement+wellness+Chepniers%2BFrance/,
https://www.google.com/maps/search/etablissement+wellness+Chepoix%2BFrance/,
https://www.google.com/maps/search/etablissement+wellness+La Cheppe%2BFrance/,
https://www.google.com/maps/search/etablissement+wellness+Cheppes-la-Prairie%2BFrance/,
https://www.google.com/maps/search/etablissement+wellness+Cheppy%2BFrance/,
https://www.google.com/maps/search/etablissement+wellness+Cheptainville%2BFrance/,
https://www.google.com/maps/search/etablissement+wellness+Chepy%2BFrance/,
https://www.google.com/maps/search/etablissement+wellness+Chépy%2BFrance/,
https://www.google.com/maps/search/etablissement+wellness+Chérac%2BFrance/,
https://www.google.com/maps/search/etablissement+wellness+Chérancé%2BFrance/,
https://www.google.com/maps/search/etablissement+wellness+Chérancé%2BFrance/,
https://www.google.com/maps/search/etablissement+wellness+Chéraute%2BFrance/,
https://www.google.com/maps/search/etablissement+wellness+Cherbonnières%2BFrance/,
https://www.google.com/maps/search/etablissement+wellness+Cherbourg-en-Cotentin%2BFrance/,
https://www.google.com/maps/search/etablissement+wellness+Chérence%2BFrance/,
https://www.google.com/maps/search/etablissement+wellness+Chérencé-le-Héron%2BFrance/,
https://www.google.com/maps/search/etablissement+wellness+Chérencé-le-Roussel%2BFrance/,
https://www.google.com/maps/search/etablissement+wellness+Chéreng%2BFrance/,
https://www.google.com/maps/search/etablissement+wellness+Les Chères%2BFrance/,
https://www.google.com/maps/search/etablissement+wellness+Chérêt%2BFrance/,
https://www.google.com/maps/search/etablissement+wellness+Chériennes%2BFrance/,
https://www.google.com/maps/search/etablissement+wellness+Cherier%2BFrance/,
https://www.google.com/maps/search/etablissement+wellness+Chérigné%2BFrance/,
https://www.google.com/maps/search/etablissement+wellness+Chérisay%2BFrance/,
https://www.google.com/maps/search/etablissement+wellness+Chérisey%2BFrance/,
https://www.google.com/maps/search/etablissement+wellness+Cherisy%2BFrance/,
https://www.google.com/maps/search/etablissement+wellness+Chérisy%2BFrance/,
https://www.google.com/maps/search/etablissement+wellness+Chérizet%2BFrance/,
https://www.google.com/maps/search/etablissement+wellness+Chermignac%2BFrance/,
https://www.google.com/maps/search/etablissement+wellness+Chermisey%2BFrance/,
https://www.google.com/maps/search/etablissement+wellness+Chermizy-Ailles%2BFrance/,
https://www.google.com/maps/search/etablissement+wellness+Chéronnac%2BFrance/,
https://www.google.com/maps/search/etablissement+wellness+Chéronvilliers%2BFrance/,
https://www.google.com/maps/search/etablissement+wellness+Chéroy%2BFrance/,
https://www.google.com/maps/search/etablissement+wellness+Cherré%2BFrance/,
https://www.google.com/maps/search/etablissement+wellness+Cherré%2BFrance/,
https://www.google.com/maps/search/etablissement+wellness+Cherreau%2BFrance/,
https://www.google.com/maps/search/etablissement+wellness+Cherrueix%2BFrance/,
https://www.google.com/maps/search/etablissement+wellness+Cherval%2BFrance/,
https://www.google.com/maps/search/etablissement+wellness+Cherveix-Cubas%2BFrance/,
https://www.google.com/maps/search/etablissement+wellness+Cherves%2BFrance/,
https://www.google.com/maps/search/etablissement+wellness+Cherves-Châtelars%2BFrance/,
https://www.google.com/maps/search/etablissement+wellness+Cherves-Richemont%2BFrance/,
https://www.google.com/maps/search/etablissement+wellness+Chervettes%2BFrance/,
https://www.google.com/maps/search/etablissement+wellness+Cherveux%2BFrance/,
https://www.google.com/maps/search/etablissement+wellness+Chervey%2BFrance/,
https://www.google.com/maps/search/etablissement+wellness+Cherville%2BFrance/,
https://www.google.com/maps/search/etablissement+wellness+Chéry%2BFrance/,
https://www.google.com/maps/search/etablissement+wellness+Chéry-Chartreuve%2BFrance/,
https://www.google.com/maps/search/etablissement+wellness+Chéry-lès-Pouilly%2BFrance/,
https://www.google.com/maps/search/etablissement+wellness+Chéry-lès-Rozoy%2BFrance/,
https://www.google.com/maps/search/etablissement+wellness+Chesley%2BFrance/,
https://www.google.com/maps/search/etablissement+wellness+Le Chesnay%2BFrance/,
https://www.google.com/maps/search/etablissement+wellness+Chesnois-Auboncourt%2BFrance/,
https://www.google.com/maps/search/etablissement+wellness+Chesny%2BFrance/,
https://www.google.com/maps/search/etablissement+wellness+Chessenaz%2BFrance/,
https://www.google.com/maps/search/etablissement+wellness+Chessy%2BFrance/,
https://www.google.com/maps/search/etablissement+wellness+Chessy%2BFrance/,
https://www.google.com/maps/search/etablissement+wellness+Chessy-les-Prés%2BFrance/,
https://www.google.com/maps/search/etablissement+wellness+Chéu%2BFrance/,
https://www.google.com/maps/search/etablissement+wellness+Cheuge%2BFrance/,
https://www.google.com/maps/search/etablissement+wellness+Cheust%2BFrance/,
https://www.google.com/maps/search/etablissement+wellness+Cheux%2BFrance/,
https://www.google.com/maps/search/etablissement+wellness+Chevagnes%2BFrance/,
https://www.google.com/maps/search/etablissement+wellness+Chevagny-les-Chevrières%2BFrance/,
https://www.google.com/maps/search/etablissement+wellness+Chevagny-sur-Guye%2BFrance/,
https://www.google.com/maps/search/etablissement+wellness+Chevaigné%2BFrance/,
https://www.google.com/maps/search/etablissement+wellness+Chevaigné-du-Maine%2BFrance/,
https://www.google.com/maps/search/etablissement+wellness+Le Chevain%2BFrance/,
https://www.google.com/maps/search/etablissement+wellness+Cheval-Blanc%2BFrance/,
https://www.google.com/maps/search/etablissement+wellness+Chevaline%2BFrance/,
https://www.google.com/maps/search/etablissement+wellness+La Chevallerais%2BFrance/,
https://www.google.com/maps/search/etablissement+wellness+Chevanceaux%2BFrance/,
https://www.google.com/maps/search/etablissement+wellness+Chevannay%2BFrance/,
https://www.google.com/maps/search/etablissement+wellness+Chevannes%2BFrance/,
https://www.google.com/maps/search/etablissement+wellness+Chevannes%2BFrance/,
https://www.google.com/maps/search/etablissement+wellness+Chevannes%2BFrance/,
https://www.google.com/maps/search/etablissement+wellness+Chevannes%2BFrance/,
https://www.google.com/maps/search/etablissement+wellness+Chevannes-Changy%2BFrance/,
https://www.google.com/maps/search/etablissement+wellness+Chevennes%2BFrance/,
https://www.google.com/maps/search/etablissement+wellness+Chevenon%2BFrance/,
https://www.google.com/maps/search/etablissement+wellness+Chevenoz%2BFrance/,
https://www.google.com/maps/search/etablissement+wellness+Cheverny%2BFrance/,
https://www.google.com/maps/search/etablissement+wellness+Cheveuges%2BFrance/,
https://www.google.com/maps/search/etablissement+wellness+Chevières%2BFrance/,
https://www.google.com/maps/search/etablissement+wellness+Chevigney%2BFrance/,
https://www.google.com/maps/search/etablissement+wellness+Chevigney-lès-Vercel%2BFrance/,
https://www.google.com/maps/search/etablissement+wellness+Chevigney-sur-l'Ognon%2BFrance/,
https://www.google.com/maps/search/etablissement+wellness+Chevigny%2BFrance/,
https://www.google.com/maps/search/etablissement+wellness+Chevigny-en-Valière%2BFrance/,
https://www.google.com/maps/search/etablissement+wellness+Chevigny-Saint-Sauveur%2BFrance/,
https://www.google.com/maps/search/etablissement+wellness+Chevillard%2BFrance/,
https://www.google.com/maps/search/etablissement+wellness+Chevillé%2BFrance/,
https://www.google.com/maps/search/etablissement+wellness+Chevillon%2BFrance/,
https://www.google.com/maps/search/etablissement+wellness+Chevillon-sur-Huillard%2BFrance/,
https://www.google.com/maps/search/etablissement+wellness+La Chevillotte%2BFrance/,
https://www.google.com/maps/search/etablissement+wellness+Chevilly%2BFrance/,
https://www.google.com/maps/search/etablissement+wellness+Chevilly-Larue%2BFrance/,
https://www.google.com/maps/search/etablissement+wellness+Chevinay%2BFrance/,
https://www.google.com/maps/search/etablissement+wellness+Chevincourt%2BFrance/,
https://www.google.com/maps/search/etablissement+wellness+Chevrainvilliers%2BFrance/,
https://www.google.com/maps/search/etablissement+wellness+Chevreaux%2BFrance/,
https://www.google.com/maps/search/etablissement+wellness+Chevregny%2BFrance/,
https://www.google.com/maps/search/etablissement+wellness+Chèvremont%2BFrance/,
https://www.google.com/maps/search/etablissement+wellness+La Chèvrerie%2BFrance/,
https://www.google.com/maps/search/etablissement+wellness+Chevresis-Monceau%2BFrance/,
https://www.google.com/maps/search/etablissement+wellness+Chevreuse%2BFrance/,
https://www.google.com/maps/search/etablissement+wellness+Chèvreville%2BFrance/,
https://www.google.com/maps/search/etablissement+wellness+Chevrier%2BFrance/,
https://www.google.com/maps/search/etablissement+wellness+Chevrières%2BFrance/,
https://www.google.com/maps/search/etablissement+wellness+Chevrières%2BFrance/,
https://www.google.com/maps/search/etablissement+wellness+Chevrières%2BFrance/,
https://www.google.com/maps/search/etablissement+wellness+Chevroches%2BFrance/,
https://www.google.com/maps/search/etablissement+wellness+La Chevrolière%2BFrance/,
https://www.google.com/maps/search/etablissement+wellness+Chevrotaine%2BFrance/,
https://www.google.com/maps/search/etablissement+wellness+Chevroux%2BFrance/,
https://www.google.com/maps/search/etablissement+wellness+Chevroz%2BFrance/,
https://www.google.com/maps/search/etablissement+wellness+Chevru%2BFrance/,
https://www.google.com/maps/search/etablissement+wellness+Chevry%2BFrance/,
https://www.google.com/maps/search/etablissement+wellness+Chevry-Cossigny%2BFrance/,
https://www.google.com/maps/search/etablissement+wellness+Chevry-en-Sereine%2BFrance/,
https://www.google.com/maps/search/etablissement+wellness+Chevry-sous-le-Bignon%2BFrance/,
https://www.google.com/maps/search/etablissement+wellness+Chey%2BFrance/,
https://www.google.com/maps/search/etablissement+wellness+Cheylade%2BFrance/,
https://www.google.com/maps/search/etablissement+wellness+Le Cheylard%2BFrance/,
https://www.google.com/maps/search/etablissement+wellness+Cheylard-l'Évêque%2BFrance/,
https://www.google.com/maps/search/etablissement+wellness+Le Cheylas%2BFrance/,
https://www.google.com/maps/search/etablissement+wellness+Cheyssieu%2BFrance/,
https://www.google.com/maps/search/etablissement+wellness+Chezal-Benoît%2BFrance/,
https://www.google.com/maps/search/etablissement+wellness+La Chèze%2BFrance/,
https://www.google.com/maps/search/etablissement+wellness+Chèze%2BFrance/,
https://www.google.com/maps/search/etablissement+wellness+Chézeaux%2BFrance/,
https://www.google.com/maps/search/etablissement+wellness+Chezelle%2BFrance/,
https://www.google.com/maps/search/etablissement+wellness+Chezelles%2BFrance/,
https://www.google.com/maps/search/etablissement+wellness+Chezelles%2BFrance/,
https://www.google.com/maps/search/etablissement+wellness+Chèzeneuve%2BFrance/,
https://www.google.com/maps/search/etablissement+wellness+Chézery-Forens%2BFrance/,
https://www.google.com/maps/search/etablissement+wellness+Chézy%2BFrance/,
https://www.google.com/maps/search/etablissement+wellness+Chézy-en-Orxois%2BFrance/,
https://www.google.com/maps/search/etablissement+wellness+Chézy-sur-Marne%2BFrance/,
https://www.google.com/maps/search/etablissement+wellness+Chiatra%2BFrance/,
https://www.google.com/maps/search/etablissement+wellness+Chiché%2BFrance/,
https://www.google.com/maps/search/etablissement+wellness+Chicheboville%2BFrance/,
https://www.google.com/maps/search/etablissement+wellness+Chichée%2BFrance/,
https://www.google.com/maps/search/etablissement+wellness+Chichery%2BFrance/,
https://www.google.com/maps/search/etablissement+wellness+Chichey%2BFrance/,
https://www.google.com/maps/search/etablissement+wellness+Chichilianne%2BFrance/,
https://www.google.com/maps/search/etablissement+wellness+Chiconi%2BFrance/,
https://www.google.com/maps/search/etablissement+wellness+Chicourt%2BFrance/,
https://www.google.com/maps/search/etablissement+wellness+Chiddes%2BFrance/,
https://www.google.com/maps/search/etablissement+wellness+Chiddes%2BFrance/,
https://www.google.com/maps/search/etablissement+wellness+Chidrac%2BFrance/,
https://www.google.com/maps/search/etablissement+wellness+Chierry%2BFrance/,
https://www.google.com/maps/search/etablissement+wellness+Chieulles%2BFrance/,
https://www.google.com/maps/search/etablissement+wellness+Chigné%2BFrance/,
https://www.google.com/maps/search/etablissement+wellness+Chignin%2BFrance/,
https://www.google.com/maps/search/etablissement+wellness+Chigny%2BFrance/,
https://www.google.com/maps/search/etablissement+wellness+Chigny-les-Roses%2BFrance/,
https://www.google.com/maps/search/etablissement+wellness+Chilhac%2BFrance/,
https://www.google.com/maps/search/etablissement+wellness+Chillac%2BFrance/,
https://www.google.com/maps/search/etablissement+wellness+Chille%2BFrance/,
https://www.google.com/maps/search/etablissement+wellness+Chilleurs-aux-Bois%2BFrance/,
https://www.google.com/maps/search/etablissement+wellness+Le Chillou%2BFrance/,
https://www.google.com/maps/search/etablissement+wellness+Chilly%2BFrance/,
https://www.google.com/maps/search/etablissement+wellness+Chilly%2BFrance/,
https://www.google.com/maps/search/etablissement+wellness+Chilly%2BFrance/,
https://www.google.com/maps/search/etablissement+wellness+Chilly-le-Vignoble%2BFrance/,
https://www.google.com/maps/search/etablissement+wellness+Chilly-Mazarin%2BFrance/,
https://www.google.com/maps/search/etablissement+wellness+Chilly-sur-Salins%2BFrance/,
https://www.google.com/maps/search/etablissement+wellness+Chimilin%2BFrance/,
https://www.google.com/maps/search/etablissement+wellness+Chindrieux%2BFrance/,
https://www.google.com/maps/search/etablissement+wellness+Chinon%2BFrance/,
https://www.google.com/maps/search/etablissement+wellness+Chipilly%2BFrance/,
https://www.google.com/maps/search/etablissement+wellness+Chirac%2BFrance/,
https://www.google.com/maps/search/etablissement+wellness+Chirac-Bellevue%2BFrance/,
https://www.google.com/maps/search/etablissement+wellness+Chirassimont%2BFrance/,
https://www.google.com/maps/search/etablissement+wellness+Chirat-l'Église%2BFrance/,
https://www.google.com/maps/search/etablissement+wellness+Chiré-en-Montreuil%2BFrance/,
https://www.google.com/maps/search/etablissement+wellness+Chirens%2BFrance/,
https://www.google.com/maps/search/etablissement+wellness+Chirmont%2BFrance/,
https://www.google.com/maps/search/etablissement+wellness+Chirols%2BFrance/,
https://www.google.com/maps/search/etablissement+wellness+Chirongui%2BFrance/,
https://www.google.com/maps/search/etablissement+wellness+Chiroubles%2BFrance/,
https://www.google.com/maps/search/etablissement+wellness+Chiry-Ourscamp%2BFrance/,
https://www.google.com/maps/search/etablissement+wellness+Chis%2BFrance/,
https://www.google.com/maps/search/etablissement+wellness+Chisa%2BFrance/,
https://www.google.com/maps/search/etablissement+wellness+Chissay-en-Touraine%2BFrance/,
https://www.google.com/maps/search/etablissement+wellness+Chisseaux%2BFrance/,
https://www.google.com/maps/search/etablissement+wellness+Chisséria%2BFrance/,
https://www.google.com/maps/search/etablissement+wellness+Chissey-en-Morvan%2BFrance/,
https://www.google.com/maps/search/etablissement+wellness+Chissey-lès-Mâcon%2BFrance/,
https://www.google.com/maps/search/etablissement+wellness+Chissey-sur-Loue%2BFrance/,
https://www.google.com/maps/search/etablissement+wellness+Chitenay%2BFrance/,
https://www.google.com/maps/search/etablissement+wellness+Chitray%2BFrance/,
https://www.google.com/maps/search/etablissement+wellness+Chitry%2BFrance/,
https://www.google.com/maps/search/etablissement+wellness+Chitry-les-Mines%2BFrance/,
https://www.google.com/maps/search/etablissement+wellness+Chives%2BFrance/,
https://www.google.com/maps/search/etablissement+wellness+Chivres%2BFrance/,
https://www.google.com/maps/search/etablissement+wellness+Chivres-en-Laonnois%2BFrance/,
https://www.google.com/maps/search/etablissement+wellness+Chivres-Val%2BFrance/,
https://www.google.com/maps/search/etablissement+wellness+Chivy-lès-Étouvelles%2BFrance/,
https://www.google.com/maps/search/etablissement+wellness+Chizé%2BFrance/,
https://www.google.com/maps/search/etablissement+wellness+Chocques%2BFrance/,
https://www.google.com/maps/search/etablissement+wellness+Choilley-Dardenay%2BFrance/,
https://www.google.com/maps/search/etablissement+wellness+Choisel%2BFrance/,
https://www.google.com/maps/search/etablissement+wellness+Choiseul%2BFrance/,
